{"trajs": {"trajectories": [[[-0.6581858396530151, -1.1353081464767456], [-0.15653446316719055, -0.9342490434646606], [1.5893818140029907, -1.1297109127044678]], [[-1.3268344402313232, -1.0183401107788086], [-0.37031280994415283, -0.7098347544670105], [1.0201038122177124, -0.542813241481781]], [[-1.401528239250183, -0.3523169755935669], [-0.4794437289237976, -0.3702892065048218], [0.5428969264030457, -0.2819746434688568]], [[-0.9255304336547852, -0.7509686946868896], [0.5011489987373352, -0.4237498342990875], [1.381348729133606, -0.750346839427948]], [[-1.064234733581543, -0.27739930152893066], [0.7518746852874756, 0.044379666447639465], [1.2037889957427979, -0.2416802942752838]], [[-1.1511591672897339, 0.11901205033063889], [-0.32416823506355286, 0.010866178199648857], [0.950072169303894, 0.0625343918800354]], [[-0.7583634257316589, 0.2858554422855377], [0.4049816429615021, 0.27499908208847046], [1.281477689743042, 0.3540457785129547]], [[-1.628983974456787, 0.06602904200553894], [-0.42489635944366455, 0.60152667760849], [0.8206140398979187, 0.6884064674377441]], [[-1.3034859895706177, 0.511176347732544], [-0.015729617327451706, 0.8023359775543213], [1.3688734769821167, 0.7170203328132629]], [[-1.2732383012771606, 1.0306694507598877], [-0.02334117516875267, 1.365168571472168], [1.0466694831848145, 1.0015209913253784]]]}, "best_eps_idx": 1, "time": 6136.489045234397, "n": 10, "T": 3, "width": 3.2, "height": 3.0, "R": 0.5, "max_wind_thrust": 1.0, "duration": 30.0, "dp_mcmc_step_size": 0.0001, "ep_mcmc_step_size": 0.0001, "num_rounds": 50, "num_mcmc_steps_per_round": 50, "num_chains": 5, "use_gradients": false, "use_stochasticity": true, "repair": true, "predict": true, "quench_rounds": 0, "tempering_schedule": null}