{"trajs": {"trajectories": [[[-1.321498155593872, -0.5325080156326294], [-0.5278533697128296, -0.43666425347328186], [0.7701577544212341, -0.4101751744747162]], [[-1.0628496408462524, -0.20580103993415833], [0.09516477584838867, -0.45235151052474976], [1.2809230089187622, -0.25689932703971863]], [[-1.4038200378417969, -0.05738062039017677], [-0.4311860203742981, 0.17138823866844177], [0.9042522311210632, 0.005782309919595718]], [[-0.6791658997535706, -0.07043775916099548], [0.5159163475036621, 0.07889137417078018], [1.5120497941970825, 0.13814321160316467]], [[-0.9493167400360107, 0.4220249056816101], [-0.049407605081796646, -0.017075862735509872], [1.2579834461212158, 0.3802519738674164]]]}, "best_eps_idx": 2, "time": 1039.8201005486771, "n": 5, "T": 3, "width": 3.2, "height": 3.0, "R": 0.5, "max_wind_thrust": 1.0, "duration": 30.0, "dp_mcmc_step_size": 0.0001, "ep_mcmc_step_size": 0.0001, "num_rounds": 50, "num_mcmc_steps_per_round": 50, "num_chains": 5, "use_gradients": true, "use_stochasticity": false, "repair": true, "predict": true, "quench_rounds": 20, "tempering_schedule": null}