{"trajs": {"trajectories": [[[-0.9941491484642029, -0.3753812909126282], [-0.24510549008846283, -0.5965724587440491], [0.5981754064559937, -0.37901419401168823]], [[-1.2732268571853638, 0.03482804074883461], [-0.6023215651512146, 0.25034192204475403], [1.071711540222168, -0.30258503556251526]], [[-0.47841915488243103, -0.015252514742314816], [-0.19084414839744568, -0.4063257575035095], [1.4491087198257446, -0.1558733731508255]], [[-0.8587149381637573, 0.35970133543014526], [-0.025208501145243645, 0.1494327187538147], [1.2547893524169922, 0.24123358726501465]], [[-1.4372894763946533, 0.5944116711616516], [-0.4804028570652008, 0.3586152493953705], [1.248358964920044, 0.6400408744812012]]]}, "best_eps_idx": 1, "time": 1034.0898010348901, "n": 5, "T": 3, "width": 3.2, "height": 3.0, "R": 0.5, "max_wind_thrust": 1.0, "duration": 30.0, "dp_mcmc_step_size": 0.0001, "ep_mcmc_step_size": 0.0001, "num_rounds": 50, "num_mcmc_steps_per_round": 50, "num_chains": 5, "use_gradients": true, "use_stochasticity": true, "repair": true, "predict": true, "quench_rounds": 20, "tempering_schedule": null}