{"trajs": {"trajectories": [[[-1.1984752416610718, -0.7628613710403442], [-0.24744737148284912, -0.9612533450126648], [1.1804076433181763, -0.7615854144096375]], [[-1.060644507408142, -0.41593310236930847], [-0.03578094393014908, -0.5556932687759399], [1.2233668565750122, -0.3234732747077942]], [[-1.1468873023986816, -0.030178356915712357], [0.03953305259346962, -0.00021089185611344874], [1.1242592334747314, 0.017735809087753296]], [[-1.0408008098602295, 0.36909517645835876], [0.08313239365816116, 0.3917980194091797], [1.1992775201797485, 0.40271368622779846]], [[-1.0807138681411743, 0.7105299234390259], [0.1438194066286087, 0.9511201977729797], [1.0001940727233887, 0.7510945200920105]]]}, "best_eps_idx": 0, "time": 1189.9529654402286, "n": 5, "T": 3, "width": 3.2, "height": 3.0, "R": 0.5, "max_wind_thrust": 1.0, "duration": 30.0, "dp_mcmc_step_size": 0.0001, "ep_mcmc_step_size": 0.0001, "num_rounds": 50, "num_mcmc_steps_per_round": 50, "num_chains": 5, "use_gradients": true, "use_stochasticity": true, "repair": true, "predict": true, "quench_rounds": 20, "tempering_schedule": null}