{"trajs": {"trajectories": [[[0.2060670107603073, -1.2169121503829956], [1.3382800817489624, -0.633683443069458], [1.4170364141464233, 1.292651891708374]], [[-1.2976791858673096, -0.9172800183296204], [-0.49326011538505554, -0.6108332276344299], [1.3629134893417358, -1.216856598854065]], [[-1.3310376405715942, -0.013407580554485321], [-1.111989140510559, 0.19731368124485016], [0.7674840092658997, -0.6910955309867859]], [[-0.38095521926879883, 0.5631628036499023], [-0.1307661086320877, 0.15975789725780487], [1.3085857629776, -0.04670312628149986]], [[-1.198299527168274, 1.2549562454223633], [-0.20226867496967316, 1.1106607913970947], [0.8396705389022827, 0.6632577180862427]]]}, "best_eps_idx": 6, "time": 3589.5544132888317, "n": 5, "T": 3, "width": 3.2, "height": 3.0, "R": 0.5, "max_wind_thrust": 0.5, "duration": 30.0, "dp_mcmc_step_size": 0.001, "ep_mcmc_step_size": 0.001, "num_rounds": 50, "num_mcmc_steps_per_round": 50, "num_chains": 10, "use_gradients": true, "use_stochasticity": false, "repair": true, "predict": true, "quench_rounds": 20, "tempering_schedule": null}