{"trajs": {"trajectories": [[[-0.6358639001846313, -1.2507059574127197], [0.04177483543753624, -1.2309833765029907], [0.7997652292251587, -0.842376172542572]], [[-1.3662843704223633, -0.5816234946250916], [-0.38401561975479126, -0.3428681492805481], [1.2506812810897827, -0.04786447063088417]], [[-0.3649081587791443, -0.1119706854224205], [-0.00014403373643290251, 0.43649056553840637], [1.4076359272003174, 0.8001577854156494]], [[-1.3407162427902222, 0.4018022119998932], [-0.8722022771835327, 0.41147929430007935], [0.7373391389846802, 1.2252625226974487]], [[0.30615487694740295, 1.1604665517807007], [1.223325490951538, 0.8552940487861633], [1.451565146446228, -1.1555979251861572]]]}, "best_eps_idx": 8, "time": 3717.4054995374754, "n": 5, "T": 3, "width": 3.2, "height": 3.0, "R": 0.5, "max_wind_thrust": 0.5, "duration": 30.0, "dp_mcmc_step_size": 0.001, "ep_mcmc_step_size": 0.001, "num_rounds": 50, "num_mcmc_steps_per_round": 50, "num_chains": 10, "use_gradients": true, "use_stochasticity": true, "repair": true, "predict": true, "quench_rounds": 20, "tempering_schedule": null}