{"trajs": {"trajectories": [[[-0.79096519947052, -1.245309591293335], [-0.8046621084213257, -1.4807738065719604], [0.8992905020713806, -0.2789708375930786]], [[-1.2761578559875488, -0.8111611008644104], [0.20214618742465973, -0.30254632234573364], [1.319833517074585, -0.7343834638595581]], [[-1.6272242069244385, -0.5466452240943909], [-0.8819704055786133, -0.7027521133422852], [1.0840507745742798, 0.3303013741970062]], [[-1.912097454071045, -0.0943288505077362], [-1.108077883720398, 0.12071990966796875], [0.8367558121681213, 0.7212198376655579]], [[-1.6797223091125488, 0.5167413949966431], [-0.7754465937614441, 0.9501316547393799], [1.316986083984375, 0.9143750071525574]]]}, "best_eps_idx": 3, "time": 5076.851118935272, "n": 5, "T": 3, "width": 3.2, "height": 3.0, "R": 0.5, "max_wind_thrust": 0.5, "duration": 30.0, "dp_mcmc_step_size": 0.001, "ep_mcmc_step_size": 0.001, "num_rounds": 50, "num_mcmc_steps_per_round": 50, "num_chains": 10, "use_gradients": true, "use_stochasticity": true, "repair": true, "predict": true, "quench_rounds": 20, "tempering_schedule": null}