{"trajs": {"trajectories": [[[-0.9263988137245178, -0.9754438400268555], [-0.003072797553613782, -0.8142623901367188], [1.0764116048812866, -0.8911769986152649]], [[-0.8777478337287903, -0.4471852779388428], [-0.04971521347761154, -0.3424363136291504], [1.0829349756240845, -0.359813392162323]], [[-1.1082398891448975, -0.059317994862794876], [0.08539022505283356, 0.08419442176818848], [0.9190655946731567, 0.03542403131723404]], [[-1.0896356105804443, 0.3408884108066559], [-0.019557258114218712, 0.4863531291484833], [1.2074404954910278, 0.4021463990211487]], [[-1.0640240907669067, 0.8693042993545532], [-0.09855568408966064, 0.9520761966705322], [1.1614267826080322, 0.943693995475769]]]}, "best_eps_idx": 1, "time": 951.7428268268704, "n": 5, "T": 3, "width": 3.2, "height": 3.0, "R": 0.5, "max_wind_thrust": 1.0, "duration": 30.0, "dp_mcmc_step_size": 1e-05, "ep_mcmc_step_size": 1e-05, "num_rounds": 50, "num_mcmc_steps_per_round": 50, "num_chains": 5, "use_gradients": true, "use_stochasticity": false, "repair": true, "predict": true, "quench_rounds": 20, "tempering_schedule": null}