{"trajs": {"trajectories": [[[-1.1352474689483643, -0.8565099835395813], [0.020097915083169937, -1.0714681148529053], [1.0080679655075073, -0.9801844358444214]], [[-1.1615575551986694, -0.4436149597167969], [0.0969923883676529, -0.5065493583679199], [1.1011821031570435, -0.4684677720069885]], [[-1.0795795917510986, 0.03871168568730354], [0.10297393798828125, -0.06758478283882141], [1.1358915567398071, 0.027831755578517914]], [[-1.082356572151184, 0.489253431558609], [0.11417143046855927, 0.40791597962379456], [1.0801596641540527, 0.5150434374809265]], [[-0.8850961327552795, 0.91513991355896], [-0.13579502701759338, 1.029923439025879], [1.1529905796051025, 0.9774426221847534]]]}, "best_eps_idx": 0, "time": 1083.5715290959924, "n": 5, "T": 3, "width": 3.2, "height": 3.0, "R": 0.5, "max_wind_thrust": 1.0, "duration": 30.0, "dp_mcmc_step_size": 1e-05, "ep_mcmc_step_size": 1e-05, "num_rounds": 50, "num_mcmc_steps_per_round": 50, "num_chains": 5, "use_gradients": true, "use_stochasticity": true, "repair": true, "predict": true, "quench_rounds": 20, "tempering_schedule": null}