{"trajs": {"trajectories": [[[-0.7542133927345276, -0.6546646952629089], [-0.02234400250017643, -0.1481514275074005], [0.5056397318840027, -0.4183851182460785]], [[-0.7538953423500061, -0.4996054172515869], [-0.750569224357605, 0.2639029920101166], [0.5542439222335815, -0.39404821395874023]], [[-0.754200279712677, 0.0005603403551504016], [-0.7138211131095886, 0.561098575592041], [0.7768305540084839, 0.4989398121833801]], [[-0.7540897727012634, 0.49884268641471863], [-0.01903805136680603, -0.012681636027991772], [0.7754037380218506, 0.12070035934448242]], [[-0.7540023922920227, 0.6547231674194336], [-0.3428543508052826, 0.29621410369873047], [0.7765210866928101, 0.6264408826828003]]]}, "best_eps_idx": 1, "time": 808.5397691838443, "n": 5, "T": 3, "width": 3.2, "height": 3.0, "R": 0.5, "max_wind_thrust": 0.5, "duration": 30.0, "dp_mcmc_step_size": 0.01, "ep_mcmc_step_size": 0.01, "num_rounds": 50, "num_mcmc_steps_per_round": 5, "num_chains": 5, "use_gradients": true, "use_stochasticity": false, "repair": true, "predict": false, "quench_rounds": 5, "tempering_schedule": null}