{"trajs": {"trajectories": [[[-1.0033483505249023, -1.0004768371582031], [-0.03526174649596214, -1.0912237167358398], [1.0504881143569946, -1.039469599723816]], [[-0.8434939384460449, -0.551775336265564], [0.000880537205375731, -0.5860915780067444], [1.3391690254211426, -0.6580770611763]], [[-1.4803236722946167, -0.3521007299423218], [-0.4418485462665558, -0.5357258915901184], [0.8239659070968628, -0.4670642614364624]], [[-0.3877578377723694, -0.3176107406616211], [0.4306376576423645, -0.24323968589305878], [1.4750773906707764, -0.24111983180046082]], [[-1.0493597984313965, -0.15061447024345398], [-0.07276889681816101, -0.08900418877601624], [1.0336109399795532, -0.03648270294070244]], [[-0.3811606168746948, 0.2068518102169037], [0.31564468145370483, 0.2138034999370575], [1.452422022819519, 0.21881768107414246]], [[-0.9141970872879028, 0.2685399353504181], [-0.4244581460952759, 0.42782050371170044], [1.0436670780181885, 0.44821611046791077]], [[-1.4849143028259277, 0.2695346474647522], [-0.6795169115066528, -0.06905155628919601], [0.527009904384613, 0.06387895345687866]], [[-0.2429802417755127, 0.5643152594566345], [0.45422717928886414, 1.3476098775863647], [0.9099787473678589, 0.9657332897186279]], [[-0.8700883984565735, 0.7662762999534607], [0.27102455496788025, 0.48917508125305176], [1.3922785520553589, 0.7527831196784973]]]}, "best_eps_idx": 8, "time": 15538.588774606586, "n": 10, "T": 3, "width": 3.2, "height": 3.0, "R": 0.5, "max_wind_thrust": 0.5, "duration": 30.0, "dp_mcmc_step_size": 0.0001, "ep_mcmc_step_size": 0.0001, "num_rounds": 50, "num_mcmc_steps_per_round": 50, "num_chains": 10, "use_gradients": true, "use_stochasticity": false, "repair": true, "predict": true, "quench_rounds": 20, "tempering_schedule": null}