{"trajs": {"trajectories": [[[-0.8595132827758789, -1.0893263816833496], [-0.15126948058605194, -1.1414839029312134], [1.0606907606124878, -1.027629017829895]], [[-1.3391543626785278, -0.7792595028877258], [-0.06940743327140808, -0.5668084621429443], [0.8634195923805237, -0.5473108291625977]], [[-0.6791960597038269, -0.6178731322288513], [0.3298369348049164, -0.7749831080436707], [1.4455370903015137, -0.7086182832717896]], [[-1.4588760137557983, -0.29509076476097107], [-0.47889938950538635, -0.3482840359210968], [0.45946288108825684, -0.11808561533689499]], [[-0.8847544193267822, -0.22023972868919373], [0.1892724186182022, -0.25556525588035583], [1.3127973079681396, -0.25755882263183594]], [[-1.4157220125198364, 0.15866486728191376], [-0.1939667910337448, 0.13530294597148895], [0.9546176195144653, 0.03909622132778168]], [[-0.6080625653266907, 0.14691145718097687], [0.2215726524591446, 0.2489887923002243], [1.4526865482330322, 0.20299354195594788]], [[-0.8337919116020203, 0.5780364871025085], [0.2568930685520172, 0.7171957492828369], [1.4661401510238647, 0.7156593799591064]], [[-1.4436326026916504, 0.6267203688621521], [-0.30929774045944214, 0.6417190432548523], [1.0210975408554077, 0.5173765420913696]], [[-1.1344972848892212, 1.019316554069519], [0.080832339823246, 1.1533024311065674], [0.9922754764556885, 1.0391905307769775]]]}, "best_eps_idx": 8, "time": 15553.429526995867, "n": 10, "T": 3, "width": 3.2, "height": 3.0, "R": 0.5, "max_wind_thrust": 0.5, "duration": 30.0, "dp_mcmc_step_size": 0.0001, "ep_mcmc_step_size": 0.0001, "num_rounds": 50, "num_mcmc_steps_per_round": 50, "num_chains": 10, "use_gradients": true, "use_stochasticity": true, "repair": true, "predict": true, "quench_rounds": 20, "tempering_schedule": null}