{"trajs": {"trajectories": [[[-0.7513729333877563, -0.6511918902397156], [0.2774151861667633, -0.21047189831733704], [0.6516789197921753, -0.4035993814468384]], [[-0.7648268342018127, -0.4394305944442749], [0.6429716944694519, 0.5548805594444275], [0.8365934491157532, -0.16407497227191925]], [[-0.7482343316078186, 0.0148156201466918], [0.03782254084944725, -0.2051602154970169], [0.8400266170501709, -0.1264682412147522]], [[-0.7487068772315979, 0.4168797731399536], [-0.24851197004318237, 0.5674780011177063], [0.8406552076339722, 0.21309363842010498]], [[-0.7547438144683838, 0.6533213257789612], [0.7625026106834412, 0.6512033939361572], [0.8101685643196106, 0.5592786073684692]]]}, "best_eps_idx": 1, "time": 782.8101123459637, "n": 5, "T": 3, "width": 3.2, "height": 3.0, "R": 0.5, "max_wind_thrust": 0.5, "duration": 30.0, "dp_mcmc_step_size": 0.001, "ep_mcmc_step_size": 0.001, "num_rounds": 50, "num_mcmc_steps_per_round": 50, "num_chains": 5, "use_gradients": true, "use_stochasticity": false, "repair": true, "predict": false, "quench_rounds": 20, "tempering_schedule": null}