{"initial_state": {"ego_state": [-19.99689483642578, -3.7598154544830322, 1.0850930266315117e-05, 2.9923946857452393], "non_ego_states": [[-3.7495198249816895, 9.997322082519531, -1.5707772970199585, 4.505649566650391], [-3.7356598377227783, 19.975736618041992, -1.5708420276641846, 4.506687641143799], [3.7377078533172607, -30.013019561767578, 1.570844054222107, 4.496097564697266]], "shading_light_direction": [-0.11294974386692047, -0.5645596385002136, 0.82944655418396], "non_ego_colors": [[0.7974475622177124, 0.015570759773254395, 0.9038956165313721], [0.47114241123199463, 0.7621179819107056, 0.9575601816177368], [0.45816755294799805, 0.09452557563781738, 0.9759771823883057]]}, "action_trajectory": [[[[[[0.2834087610244751, -9.684837341308594], [1.097717523574829, -19.03485679626465], [1.4738740921020508, -29.810762405395508], [1.605892539024353, -39.699317932128906], [0.37207069993019104, -51.201255798339844]], [[-1.3222424983978271, -9.52668285369873], [0.8832813501358032, -18.557010650634766], [-2.59100079536438, -29.71601676940918], [-1.2431303262710571, -42.466575622558594], [0.6172769665718079, -50.36471176147461]]]], [[[[1.1847697496414185, -9.97110652923584], [-1.6163867712020874, -19.822763442993164], [1.151389718055725, -30.54288101196289], [0.04170708358287811, -38.045528411865234], [-0.9013137817382812, -50.119171142578125]], [[0.20378483831882477, -11.28407096862793], [-0.45330333709716797, -19.30619239807129], [0.9024785757064819, -31.57346534729004], [0.38368675112724304, -40.534278869628906], [-0.0056493207812309265, -49.098079681396484]]]], [[[[-1.113326907157898, 8.845674514770508], [0.4652390778064728, 20.4027099609375], [0.49330955743789673, 30.169734954833984], [-1.1103695631027222, 37.361324310302734], [1.1659672260284424, 50.73747634887695]], [[-0.13706538081169128, 10.12253475189209], [-2.144861936569214, 18.224811553955078], [1.4802294969558716, 30.712961196899414], [0.6367446184158325, 40.50101852416992], [-0.12745368480682373, 49.14264678955078]]]]]], "action_trajectory_trace": [[[[[[[0.2834087610244751, -9.684837341308594], [1.097717523574829, -19.03485679626465], [1.4738740921020508, -29.810762405395508], [1.605892539024353, -39.699317932128906], [0.37207069993019104, -51.201255798339844]], [[-1.3222424983978271, -9.52668285369873], [0.8832813501358032, -18.557010650634766], [-2.59100079536438, -29.71601676940918], [-1.2431303262710571, -42.466575622558594], [0.6172769665718079, -50.36471176147461]]], [[[0.2834087610244751, -9.684837341308594], [1.097717523574829, -19.03485679626465], [1.4738740921020508, -29.810762405395508], [1.605892539024353, -39.699317932128906], [0.37207069993019104, -51.201255798339844]], [[-1.3222424983978271, -9.52668285369873], [0.8832813501358032, -18.557010650634766], [-2.59100079536438, -29.71601676940918], [-1.2431303262710571, -42.466575622558594], [0.6172769665718079, -50.36471176147461]]], [[[0.2834087610244751, -9.684837341308594], [1.097717523574829, -19.03485679626465], [1.4738740921020508, -29.810762405395508], [1.605892539024353, -39.699317932128906], [0.37207069993019104, -51.201255798339844]], [[-1.3222424983978271, -9.52668285369873], [0.8832813501358032, -18.557010650634766], [-2.59100079536438, -29.71601676940918], [-1.2431303262710571, -42.466575622558594], [0.6172769665718079, -50.36471176147461]]], [[[0.2834087610244751, -9.684837341308594], [1.097717523574829, -19.03485679626465], [1.4738740921020508, -29.810762405395508], [1.605892539024353, -39.699317932128906], [0.37207069993019104, -51.201255798339844]], [[-1.3222424983978271, -9.52668285369873], [0.8832813501358032, -18.557010650634766], [-2.59100079536438, -29.71601676940918], [-1.2431303262710571, -42.466575622558594], [0.6172769665718079, -50.36471176147461]]], [[[0.2834087610244751, -9.684837341308594], [1.097717523574829, -19.03485679626465], [1.4738740921020508, -29.810762405395508], [1.605892539024353, -39.699317932128906], [0.37207069993019104, -51.201255798339844]], [[-1.3222424983978271, -9.52668285369873], [0.8832813501358032, -18.557010650634766], [-2.59100079536438, -29.71601676940918], [-1.2431303262710571, -42.466575622558594], [0.6172769665718079, -50.36471176147461]]], [[[0.2834087610244751, -9.684837341308594], [1.097717523574829, -19.03485679626465], [1.4738740921020508, -29.810762405395508], [1.605892539024353, -39.699317932128906], [0.37207069993019104, -51.201255798339844]], [[-1.3222424983978271, -9.52668285369873], [0.8832813501358032, -18.557010650634766], [-2.59100079536438, -29.71601676940918], [-1.2431303262710571, -42.466575622558594], [0.6172769665718079, -50.36471176147461]]], [[[0.2834087610244751, -9.684837341308594], [1.097717523574829, -19.03485679626465], [1.4738740921020508, -29.810762405395508], [1.605892539024353, -39.699317932128906], [0.37207069993019104, -51.201255798339844]], [[-1.3222424983978271, -9.52668285369873], [0.8832813501358032, -18.557010650634766], [-2.59100079536438, -29.71601676940918], [-1.2431303262710571, -42.466575622558594], [0.6172769665718079, -50.36471176147461]]], [[[0.2834087610244751, -9.684837341308594], [1.097717523574829, -19.03485679626465], [1.4738740921020508, -29.810762405395508], [1.605892539024353, -39.699317932128906], [0.37207069993019104, -51.201255798339844]], [[-1.3222424983978271, -9.52668285369873], [0.8832813501358032, -18.557010650634766], [-2.59100079536438, -29.71601676940918], [-1.2431303262710571, -42.466575622558594], [0.6172769665718079, -50.36471176147461]]], [[[0.2834087610244751, -9.684837341308594], [1.097717523574829, -19.03485679626465], [1.4738740921020508, -29.810762405395508], [1.605892539024353, -39.699317932128906], [0.37207069993019104, -51.201255798339844]], [[-1.3222424983978271, -9.52668285369873], [0.8832813501358032, -18.557010650634766], [-2.59100079536438, -29.71601676940918], [-1.2431303262710571, -42.466575622558594], [0.6172769665718079, -50.36471176147461]]], [[[0.2834087610244751, -9.684837341308594], [1.097717523574829, -19.03485679626465], [1.4738740921020508, -29.810762405395508], [1.605892539024353, -39.699317932128906], [0.37207069993019104, -51.201255798339844]], [[-1.3222424983978271, -9.52668285369873], [0.8832813501358032, -18.557010650634766], [-2.59100079536438, -29.71601676940918], [-1.2431303262710571, -42.466575622558594], [0.6172769665718079, -50.36471176147461]]]]], [[[[[1.1847697496414185, -9.97110652923584], [-1.6163867712020874, -19.822763442993164], [1.151389718055725, -30.54288101196289], [0.04170708358287811, -38.045528411865234], [-0.9013137817382812, -50.119171142578125]], [[0.20378483831882477, -11.28407096862793], [-0.45330333709716797, -19.30619239807129], [0.9024785757064819, -31.57346534729004], [0.38368675112724304, -40.534278869628906], [-0.0056493207812309265, -49.098079681396484]]], [[[1.1847697496414185, -9.97110652923584], [-1.6163867712020874, -19.822763442993164], [1.151389718055725, -30.54288101196289], [0.04170708358287811, -38.045528411865234], [-0.9013137817382812, -50.119171142578125]], [[0.20378483831882477, -11.28407096862793], [-0.45330333709716797, -19.30619239807129], [0.9024785757064819, -31.57346534729004], [0.38368675112724304, -40.534278869628906], [-0.0056493207812309265, -49.098079681396484]]], [[[1.1847697496414185, -9.97110652923584], [-1.6163867712020874, -19.822763442993164], [1.151389718055725, -30.54288101196289], [0.04170708358287811, -38.045528411865234], [-0.9013137817382812, -50.119171142578125]], [[0.20378483831882477, -11.28407096862793], [-0.45330333709716797, -19.30619239807129], [0.9024785757064819, -31.57346534729004], [0.38368675112724304, -40.534278869628906], [-0.0056493207812309265, -49.098079681396484]]], [[[1.1847697496414185, -9.97110652923584], [-1.6163867712020874, -19.822763442993164], [1.151389718055725, -30.54288101196289], [0.04170708358287811, -38.045528411865234], [-0.9013137817382812, -50.119171142578125]], [[0.20378483831882477, -11.28407096862793], [-0.45330333709716797, -19.30619239807129], [0.9024785757064819, 