{"initial_state": {"ego_state": [-20.006174087524414, -3.7541916370391846, 3.170327181578614e-05, 2.99574613571167], "non_ego_states": [[-3.7707152366638184, 10.009400367736816, -1.570794939994812, 4.511014938354492], [-3.7651798725128174, 19.98287010192871, -1.570846438407898, 4.4915313720703125], [3.7540032863616943, -30.009660720825195, 1.5707879066467285, 4.50853967666626]], "shading_light_direction": [-0.11669475585222244, -0.5655707120895386, 0.8346090316772461], "non_ego_colors": [[0.48734068870544434, 0.4840853214263916, 0.391965389251709], [0.20146119594573975, 0.5036063194274902, 0.44435012340545654], [0.7608335018157959, 0.07278275489807129, 0.9837572574615479]]}, "action_trajectory": [[[[[[-2.3769619464874268, -11.945516586303711], [1.9086980819702148, -19.814313888549805], [-1.1813324689865112, -28.762697219848633], [-0.7862251400947571, -39.45077133178711], [0.3288555145263672, -48.721397399902344]], [[-0.7022702693939209, -11.122532844543457], [-0.5113175511360168, -18.90936279296875], [-0.5024107098579407, -30.542333602905273], [-2.014066219329834, -39.70051193237305], [1.9195075035095215, -48.6259651184082]]]], [[[[-0.027425462380051613, -9.54410171508789], [1.396925687789917, -20.426849365234375], [0.743912935256958, -29.58494758605957], [-0.18663401901721954, -39.204952239990234], [0.695695698261261, -51.21143341064453]], [[-0.29156503081321716, -8.956206321716309], [-0.9501573443412781, -21.665428161621094], [-1.330452799797058, -30.514436721801758], [0.04516672343015671, -39.091575622558594], [0.08231502026319504, -51.37014389038086]]]], [[[[-1.1897183656692505, 11.926158905029297], [-2.23787784576416, 19.109914779663086], [0.06992106139659882, 31.22242546081543], [2.660553216934204, 37.813812255859375], [-1.4117530584335327, 49.25895690917969]], [[1.229017972946167, 10.385555267333984], [-1.207352638244629, 19.663089752197266], [-0.21128666400909424, 29.99169921875], [0.393987774848938, 40.961021423339844], [2.1366078853607178, 49.98552703857422]]]]]], "action_trajectory_trace": [[[[[[[-2.3769619464874268, -11.945516586303711], [1.9086980819702148, -19.814313888549805], [-1.1813324689865112, -28.762697219848633], [-0.7862251400947571, -39.45077133178711], [0.3288555145263672, -48.721397399902344]], [[-0.7022702693939209, -11.122532844543457], [-0.5113175511360168, -18.90936279296875], [-0.5024107098579407, -30.542333602905273], [-2.014066219329834, -39.70051193237305], [1.9195075035095215, -48.6259651184082]]], [[[-2.3769619464874268, -11.945516586303711], [1.9086980819702148, -19.814313888549805], [-1.1813324689865112, -28.762697219848633], [-0.7862251400947571, -39.45077133178711], [0.3288555145263672, -48.721397399902344]], [[-0.7022702693939209, -11.122532844543457], [-0.5113175511360168, -18.90936279296875], [-0.5024107098579407, -30.542333602905273], [-2.014066219329834, -39.70051193237305], [1.9195075035095215, -48.6259651184082]]], [[[-2.3769619464874268, -11.945516586303711], [1.9086980819702148, -19.814313888549805], [-1.1813324689865112, -28.762697219848633], [-0.7862251400947571, -39.45077133178711], [0.3288555145263672, -48.721397399902344]], [[-0.7022702693939209, -11.122532844543457], [-0.5113175511360168, -18.90936279296875], [-0.5024107098579407, -30.542333602905273], [-2.014066219329834, -39.70051193237305], [1.9195075035095215, -48.6259651184082]]], [[[-2.3769619464874268, -11.945516586303711], [1.9086980819702148, -19.814313888549805], [-1.1813324689865112, -28.762697219848633], [-0.7862251400947571, -39.45077133178711], [0.3288555145263672, -48.721397399902344]], [[-0.7022702693939209, -11.122532844543457], [-0.5113175511360168, -18.90936279296875], [-0.5024107098579407, -30.542333602905273], [-2.014066219329834, -39.70051193237305], [1.9195075035095215, -48.6259651184082]]], [[[-2.3769619464874268, -11.945516586303711], [1.9086980819702148, -19.814313888549805], [-1.1813324689865112, -28.762697219848633], [-0.7862251400947571, -39.45077133178711], [0.3288555145263672, -48.721397399902344]], [[-0.7022702693939209, -11.122532844543457], [-0.5113175511360168, -18.90936279296875], [-0.5024107098579407, -30.542333602905273], [-2.014066219329834, -39.70051193237305], [1.9195075035095215, -48.6259651184082]]], [[[-2.3769619464874268, -11.945516586303711], [1.9086980819702148, -19.814313888549805], [-1.1813324689865112, -28.762697219848633], [-0.7862251400947571, -39.45077133178711], [0.3288555145263672, -48.721397399902344]], [[-0.7022702693939209, -11.122532844543457], [-0.5113175511360168, -18.90936279296875], [-0.5024107098579407, -30.542333602905273], [-2.014066219329834, -39.70051193237305], [1.9195075035095215, -48.6259651184082]]], [[[-2.3769619464874268, -11.945516586303711], [1.9086980819702148, -19.814313888549805], [-1.1813324689865112, -28.762697219848633], [-0.7862251400947571, -39.45077133178711], [0.3288555145263672, -48.721397399902344]], [[-0.7022702693939209, -11.122532844543457], [-0.5113175511360168, -18.90936279296875], [-0.5024107098579407, -30.542333602905273], [-2.014066219329834, -39.70051193237305], [1.9195075035095215, -48.6259651184082]]], [[[-2.3769619464874268, -11.945516586303711], [1.9086980819702148, -19.814313888549805], [-1.1813324689865112, -28.762697219848633], [-0.7862251400947571, -39.45077133178711], [0.3288555145263672, -48.721397399902344]], [[-0.7022702693939209, -11.122532844543457], [-0.5113175511360168, -18.90936279296875], [-0.5024107098579407, -30.542333602905273], [-2.014066219329834, -39.70051193237305], [1.9195075035095215, -48.6259651184082]]], [[[-2.3769619464874268, -11.945516586303711], [1.9086980819702148, -19.814313888549805], [-1.1813324689865112, -28.762697219848633], [-0.7862251400947571, -39.45077133178711], [0.3288555145263672, -48.721397399902344]], [[-0.7022702693939209, -11.122532844543457], [-0.5113175511360168, -18.90936279296875], [-0.5024107098579407, -30.542333602905273], [-2.014066219329834, -39.70051193237305], [1.9195075035095215, -48.6259651184082]]], [[[-2.3769619464874268, -11.945516586303711], [1.9086980819702148, -19.814313888549805], [-1.1813324689865112, -28.762697219848633], [-0.7862251400947571, -39.45077133178711], [0.3288555145263672, -48.721397399902344]], [[-0.7022702693939209, -11.122532844543457], [-0.5113175511360168, -18.90936279296875], [-0.5024107098579407, -30.542333602905273], [-2.014066219329834, -39.70051193237305], [1.9195075035095215, -48.6259651184082]]]]], [[[[[-0.027425462380051613, -9.54410171508789], [1.396925687789917, -20.426849365234375], [0.743912935256958, -29.58494758605957], [-0.18663401901721954, -39.204952239990234], [0.695695698261261, -51.21143341064453]], [[-0.29156503081321716, -8.956206321716309], [-0.9501573443412781, -21.665428161621094], [-1.330452799797058, -30.514436721801758], [0.04516672343015671, -39.091575622558594], [0.08231502026319504, -51.37014389038086]]], [[[-0.027425462380051613, -9.54410171508789], [1.396925687789917, -20.426849365234375], [0.743912935256958, -29.58494758605957], [-0.18663401901721954, -39.204952239990234], [0.695695698261261, -51.21143341064453]], [[-0.29156503081321716, -8.956206321716309], [-0.9501573443412781, -21.665428161621094], [-1.330452799797058, -30.514436721801758], [0.04516672343015671, -39.091575622558594], [0.08231502026319504, -51.37014389038086]]], [[[-0.027425462380051613, -9.54410171508789], [1.396925687789917, -20.426849365234375], [0.743912935256958, -29.58494758605957], [-0.18663401901721954, -39.204952239990234], [0.695695698261261, -51.21143341064453]], [[-0.29156503081321716, -8.956206321716309], [-0.9501573443412781, -21.665428161621094], [-1.330452799797058, -30.514436721801758], [0.04516672343015671, -39.091575622558594], [0.08231502026319504, -51.37014389038086]]], [[[-0.027425462380051613, -9.54410171508789], [1.396925687789917, -20.426849365234375], [0.743912935256958, -29.58494758605957], [-0.18663401901721954, -39.204952239990234], [0.695695698261261, -51.21143341064453]], [[-0.29156503081321716, -8.956206321716309], 