{"initial_state": {"ego_state": [-19.971982955932617, -3.740095853805542, 2.4981613023555838e-05, 3.0096492767333984], "non_ego_states": [[-3.7712740898132324, 10.033930778503418, -1.5707566738128662, 4.493288993835449], [-3.768526554107666, 19.994876861572266, -1.570746660232544, 4.506801605224609], [3.730447292327881, -29.99405288696289, 1.5707838535308838, 4.503083229064941]], "shading_light_direction": [-0.10920005291700363, -0.5595178604125977, 0.8192287087440491], "non_ego_colors": [[0.13516128063201904, 0.9914208650588989, 0.16670000553131104], [0.85882568359375, 0.7570493221282959, 0.4359694719314575], [0.25876832008361816, 0.174355149269104, 0.0939035415649414]]}, "action_trajectory": [[[[[[-0.009802056476473808, -9.786824226379395], [-1.0980305671691895, -20.187423706054688], [-0.42264533042907715, -29.857759475708008], [1.1288725137710571, -40.16520309448242], [-1.614862322807312, -48.94194030761719]], [[1.7981467247009277, -10.589517593383789], [0.28247448801994324, -19.90019989013672], [1.6281977891921997, -28.637638092041016], [-0.34018462896347046, -39.113258361816406], [0.894374430179596, -51.36636734008789]]]], [[[[0.7376899719238281, -9.175385475158691], [-1.915497899055481, -20.74439239501953], [-0.44484907388687134, -30.646774291992188], [0.9561160802841187, -39.864288330078125], [0.28816309571266174, -51.10360336303711]], [[0.8475464582443237, -9.416159629821777], [1.6320149898529053, -20.216842651367188], [-1.1245007514953613, -30.586254119873047], [0.3811087906360626, -41.82682418823242], [0.721015453338623, -49.88058853149414]]]], [[[[-0.4424862563610077, 10.75887393951416], [1.5555182695388794, 19.813446044921875], [0.43101587891578674, 28.838197708129883], [1.0753023624420166, 40.53618621826172], [-0.4864371418952942, 48.616554260253906]], [[-1.1713320016860962, 9.66976547241211], [-0.49065449833869934, 18.83778190612793], [-1.2283583879470825, 30.163471221923828], [-0.7537567615509033, 40.08171844482422], [-1.1827181577682495, 48.85392379760742]]]]]], "action_trajectory_trace": [[[[[[[-0.009802056476473808, -9.786824226379395], [-1.0980305671691895, -20.187423706054688], [-0.42264533042907715, -29.857759475708008], [1.1288725137710571, -40.16520309448242], [-1.614862322807312, -48.94194030761719]], [[1.7981467247009277, -10.589517593383789], [0.28247448801994324, -19.90019989013672], [1.6281977891921997, -28.637638092041016], [-0.34018462896347046, -39.113258361816406], [0.894374430179596, -51.36636734008789]]], [[[-0.009802056476473808, -9.786824226379395], [-1.0980305671691895, -20.187423706054688], [-0.42264533042907715, -29.857759475708008], [1.1288725137710571, -40.16520309448242], [-1.614862322807312, -48.94194030761719]], [[1.7981467247009277, -10.589517593383789], [0.28247448801994324, -19.90019989013672], [1.6281977891921997, -28.637638092041016], [-0.34018462896347046, -39.113258361816406], [0.894374430179596, -51.36636734008789]]], [[[-0.009802056476473808, -9.786824226379395], [-1.0980305671691895, -20.187423706054688], [-0.42264533042907715, -29.857759475708008], [1.1288725137710571, -40.16520309448242], [-1.614862322807312, -48.94194030761719]], [[1.7981467247009277, -10.589517593383789], [0.28247448801994324, -19.90019989013672], [1.6281977891921997, -28.637638092041016], [-0.34018462896347046, -39.113258361816406], [0.894374430179596, -51.36636734008789]]], [[[-0.009802056476473808, -9.786824226379395], [-1.0980305671691895, -20.187423706054688], [-0.42264533042907715, -29.857759475708008], [1.1288725137710571, -40.16520309448242], [-1.614862322807312, -48.94194030761719]], [[1.7981467247009277, -10.589517593383789], [0.28247448801994324, -19.90019989013672], [1.6281977891921997, -28.637638092041016], [-0.34018462896347046, -39.113258361816406], [0.894374430179596, -51.36636734008789]]], [[[-0.009802056476473808, -9.786824226379395], [-1.0980305671691895, -20.187423706054688], [-0.42264533042907715, -29.857759475708008], [1.1288725137710571, -40.16520309448242], [-1.614862322807312, -48.94194030761719]], [[1.7981467247009277, -10.589517593383789], [0.28247448801994324, -19.90019989013672], [1.6281977891921997, -28.637638092041016], [-0.34018462896347046, -39.113258361816406], [0.894374430179596, -51.36636734008789]]], [[[-0.009802056476473808, -9.786824226379395], [-1.0980305671691895, -20.187423706054688], [-0.42264533042907715, -29.857759475708008], [1.1288725137710571, -40.16520309448242], [-1.614862322807312, -48.94194030761719]], [[1.7981467247009277, -10.589517593383789], [0.28247448801994324, -19.90019989013672], [1.6281977891921997, -28.637638092041016], [-0.34018462896347046, -39.113258361816406], [0.894374430179596, -51.36636734008789]]], [[[-0.009802056476473808, -9.786824226379395], [-1.0980305671691895, -20.187423706054688], [-0.42264533042907715, -29.857759475708008], [1.1288725137710571, -40.16520309448242], [-1.614862322807312, -48.94194030761719]], [[1.7981467247009277, -10.589517593383789], [0.28247448801994324, -19.90019989013672], [1.6281977891921997, -28.637638092041016], [-0.34018462896347046, -39.113258361816406], [0.894374430179596, -51.36636734008789]]], [[[-0.009802056476473808, -9.786824226379395], [-1.0980305671691895, -20.187423706054688], [-0.42264533042907715, -29.857759475708008], [1.1288725137710571, -40.16520309448242], [-1.614862322807312, -48.94194030761719]], [[1.7981467247009277, -10.589517593383789], [0.28247448801994324, -19.90019989013672], [1.6281977891921997, -28.637638092041016], [-0.34018462896347046, -39.113258361816406], [0.894374430179596, -51.36636734008789]]], [[[-0.009802056476473808, -9.786824226379395], [-1.0980305671691895, -20.187423706054688], [-0.42264533042907715, -29.857759475708008], [1.1288725137710571, -40.16520309448242], [-1.614862322807312, -48.94194030761719]], [[1.7981467247009277, -10.589517593383789], [0.28247448801994324, -19.90019989013672], [1.6281977891921997, -28.637638092041016], [-0.34018462896347046, -39.113258361816406], [0.894374430179596, -51.36636734008789]]], [[[-0.009802056476473808, -9.786824226379395], [-1.0980305671691895, -20.187423706054688], [-0.42264533042907715, -29.857759475708008], [1.1288725137710571, -40.16520309448242], [-1.614862322807312, -48.94194030761719]], [[1.7981467247009277, -10.589517593383789], [0.28247448801994324, -19.90019989013672], [1.6281977891921997, -28.637638092041016], [-0.34018462896347046, -39.113258361816406], [0.894374430179596, -51.36636734008789]]]]], [[[[[0.7376899719238281, -9.175385475158691], [-1.915497899055481, -20.74439239501953], [-0.44484907388687134, -30.646774291992188], [0.9561160802841187, -39.864288330078125], [0.28816309571266174, -51.10360336303711]], [[0.8475464582443237, -9.416159629821777], [1.6320149898529053, -20.216842651367188], [-1.1245007514953613, -30.586254119873047], [0.3811087906360626, -41.82682418823242], [0.721015453338623, -49.88058853149414]]], [[[0.7376899719238281, -9.175385475158691], [-1.915497899055481, -20.74439239501953], [-0.44484907388687134, -30.646774291992188], [0.9561160802841187, -39.864288330078125], [0.28816309571266174, -51.10360336303711]], [[0.8475464582443237, -9.416159629821777], [1.6320149898529053, -20.216842651367188], [-1.1245007514953613, -30.586254119873047], [0.3811087906360626, -41.82682418823242], [0.721015453338623, -49.88058853149414]]], [[[0.7376899719238281, -9.175385475158691], [-1.915497899055481, -20.74439239501953], [-0.44484907388687134, -30.646774291992188], [0.9561160802841187, -39.864288330078125], [0.28816309571266174, -51.10360336303711]], [[0.8475464582443237, -9.416159629821777], [1.6320149898529053, -20.216842651367188], [-1.1245007514953613, -30.586254119873047], [0.3811087906360626, -41.82682418823242], [0.721015453338623, -49.88058853149414]]], [[[0.7376899719238281, -9.175385475158691], [-1.915497899055481, -20.74439239501953], [-0.44484907388687134, -30.646774291992188], [0.9561160802841187, -39.864288330078125], [0.28816309571266174, -51.10360336303711]], [[0.8475464582443237, -9.416159629821777], 