{"initial_state": {"ego_state": [-19.966312408447266, -3.7429141998291016, -4.927267127641244e-06, 2.992506980895996], "non_ego_states": [[-3.7463884353637695, 10.012744903564453, -1.570779800415039, 4.503525733947754], [-3.722557306289673, 19.97404670715332, -1.570785641670227, 4.509189128875732], [3.7526209354400635, -30.0100154876709, 1.5707703828811646, 4.501787185668945]], "shading_light_direction": [-0.13325583934783936, -0.5566597580909729, 0.8253473043441772], "non_ego_colors": [[0.13442575931549072, 0.32556867599487305, 0.31763994693756104], [0.823142409324646, 0.05100977420806885, 0.5774450302124023], [0.20623230934143066, 0.9675147533416748, 0.7781403064727783]]}, "action_trajectory": [[[[[[-0.4254303574562073, -8.81743049621582], [-1.1053208112716675, -19.70780372619629], [0.8391561508178711, -28.394411087036133], [0.9573879241943359, -43.71148681640625], [-1.8884093761444092, -50.38233184814453]], [[-0.7760868072509766, -9.77558708190918], [-0.41050583124160767, -20.485456466674805], [0.05971365422010422, -30.689891815185547], [1.2261422872543335, -40.00601577758789], [0.8242002129554749, -51.19492721557617]]]], [[[[-1.1193389892578125, -8.495085716247559], [0.8531444072723389, -21.967823028564453], [0.6856884360313416, -29.895790100097656], [0.4850328862667084, -40.24196243286133], [-0.9014278650283813, -48.33280944824219]], [[-1.0009781122207642, -9.48857593536377], [-2.201927661895752, -20.585350036621094], [1.4026157855987549, -30.296932220458984], [1.6581834554672241, -40.08072280883789], [-0.9432626366615295, -49.30845642089844]]]], [[[[-0.45588845014572144, 10.297978401184082], [-1.2369067668914795, 18.72275161743164], [-1.7657420635223389, 28.708812713623047], [-1.5161247253417969, 39.24129104614258], [-0.8233920335769653, 50.550621032714844]], [[-0.8524689078330994, 10.189597129821777], [0.5518028140068054, 20.495521545410156], [-0.6933599710464478, 30.596708297729492], [1.231281042098999, 39.80746078491211], [0.14867524802684784, 50.51960754394531]]]]]], "action_trajectory_trace": [[[[[[[-0.4254303574562073, -8.81743049621582], [-1.1053208112716675, -19.70780372619629], [0.8391561508178711, -28.394411087036133], [0.9573879241943359, -43.71148681640625], [-1.8884093761444092, -50.38233184814453]], [[-0.7760868072509766, -9.77558708190918], [-0.41050583124160767, -20.485456466674805], [0.05971365422010422, -30.689891815185547], [1.2261422872543335, -40.00601577758789], [0.8242002129554749, -51.19492721557617]]], [[[-0.4254303574562073, -8.81743049621582], [-1.1053208112716675, -19.70780372619629], [0.8391561508178711, -28.394411087036133], [0.9573879241943359, -43.71148681640625], [-1.8884093761444092, -50.38233184814453]], [[-0.7760868072509766, -9.77558708190918], [-0.41050583124160767, -20.485456466674805], [0.05971365422010422, -30.689891815185547], [1.2261422872543335, -40.00601577758789], [0.8242002129554749, -51.19492721557617]]], [[[-0.4254303574562073, -8.81743049621582], [-1.1053208112716675, -19.70780372619629], [0.8391561508178711, -28.394411087036133], [0.9573879241943359, -43.71148681640625], [-1.8884093761444092, -50.38233184814453]], [[-0.7760868072509766, -9.77558708190918], [-0.41050583124160767, -20.485456466674805], [0.05971365422010422, -30.689891815185547], [1.2261422872543335, -40.00601577758789], [0.8242002129554749, -51.19492721557617]]], [[[-0.4254303574562073, -8.81743049621582], [-1.1053208112716675, -19.70780372619629], [0.8391561508178711, -28.394411087036133], [0.9573879241943359, -43.71148681640625], [-1.8884093761444092, -50.38233184814453]], [[-0.7760868072509766, -9.77558708190918], [-0.41050583124160767, -20.485456466674805], [0.05971365422010422, -30.689891815185547], [1.2261422872543335, -40.00601577758789], [0.8242002129554749, -51.19492721557617]]], [[[-0.4254303574562073, -8.81743049621582], [-1.1053208112716675, -19.70780372619629], [0.8391561508178711, -28.394411087036133], [0.9573879241943359, -43.71148681640625], [-1.8884093761444092, -50.38233184814453]], [[-0.7760868072509766, -9.77558708190918], [-0.41050583124160767, -20.485456466674805], [0.05971365422010422, -30.689891815185547], [1.2261422872543335, -40.00601577758789], [0.8242002129554749, -51.19492721557617]]], [[[-0.4254303574562073, -8.81743049621582], [-1.1053208112716675, -19.70780372619629], [0.8391561508178711, -28.394411087036133], [0.9573879241943359, -43.71148681640625], [-1.8884093761444092, -50.38233184814453]], [[-0.7760868072509766, -9.77558708190918], [-0.41050583124160767, -20.485456466674805], [0.05971365422010422, -30.689891815185547], [1.2261422872543335, -40.00601577758789], [0.8242002129554749, -51.19492721557617]]], [[[-0.4254303574562073, -8.81743049621582], [-1.1053208112716675, -19.70780372619629], [0.8391561508178711, -28.394411087036133], [0.9573879241943359, -43.71148681640625], [-1.8884093761444092, -50.38233184814453]], [[-0.7760868072509766, -9.77558708190918], [-0.41050583124160767, -20.485456466674805], [0.05971365422010422, -30.689891815185547], [1.2261422872543335, -40.00601577758789], [0.8242002129554749, -51.19492721557617]]], [[[-0.4254303574562073, -8.81743049621582], [-1.1053208112716675, -19.70780372619629], [0.8391561508178711, -28.394411087036133], [0.9573879241943359, -43.71148681640625], [-1.8884093761444092, -50.38233184814453]], [[-0.7760868072509766, -9.77558708190918], [-0.41050583124160767, -20.485456466674805], [0.05971365422010422, -30.689891815185547], [1.2261422872543335, -40.00601577758789], [0.8242002129554749, -51.19492721557617]]], [[[-0.4254303574562073, -8.81743049621582], [-1.1053208112716675, -19.70780372619629], [0.8391561508178711, -28.394411087036133], [0.9573879241943359, -43.71148681640625], [-1.8884093761444092, -50.38233184814453]], [[-0.7760868072509766, -9.77558708190918], [-0.41050583124160767, -20.485456466674805], [0.05971365422010422, -30.689891815185547], [1.2261422872543335, -40.00601577758789], [0.8242002129554749, -51.19492721557617]]], [[[-0.4254303574562073, -8.81743049621582], [-1.1053208112716675, -19.70780372619629], [0.8391561508178711, -28.394411087036133], [0.9573879241943359, -43.71148681640625], [-1.8884093761444092, -50.38233184814453]], [[-0.7760868072509766, -9.77558708190918], [-0.41050583124160767, -20.485456466674805], [0.05971365422010422, -30.689891815185547], [1.2261422872543335, -40.00601577758789], [0.8242002129554749, -51.19492721557617]]]]], [[[[[-1.1193389892578125, -8.495085716247559], [0.8531444072723389, -21.967823028564453], [0.6856884360313416, -29.895790100097656], [0.4850328862667084, -40.24196243286133], [-0.9014278650283813, -48.33280944824219]], [[-1.0009781122207642, -9.48857593536377], [-2.201927661895752, -20.585350036621094], [1.4026157855987549, -30.296932220458984], [1.6581834554672241, -40.08072280883789], [-0.9432626366615295, -49.30845642089844]]], [[[-1.1193389892578125, -8.495085716247559], [0.8531444072723389, -21.967823028564453], [0.6856884360313416, -29.895790100097656], [0.4850328862667084, -40.24196243286133], [-0.9014278650283813, -48.33280944824219]], [[-1.0009781122207642, -9.48857593536377], [-2.201927661895752, -20.585350036621094], [1.4026157855987549, -30.296932220458984], [1.6581834554672241, -40.08072280883789], [-0.9432626366615295, -49.30845642089844]]], [[[-1.1193389892578125, -8.495085716247559], [0.8531444072723389, -21.967823028564453], [0.6856884360313416, -29.895790100097656], [0.4850328862667084, -40.24196243286133], [-0.9014278650283813, -48.33280944824219]], [[-1.0009781122207642, -9.48857593536377], [-2.201927661895752, -20.585350036621094], [1.4026157855987549, -30.296932220458984], [1.6581834554672241, -40.08072280883789], [-0.9432626366615295, -49.30845642089844]]], [[[-1.1193389892578125, -8.495085716247559], [0.8531444072723389, -21.967823028564453], [0.6856884360313416, -29.895790100097656], [0.4850328862667084, -40.24196243286133], [-0.9014278650283813, -48.33280944824219]], [[-1.0009781122207642, -9.48857593536377], [-2.201927661895752, -20.585350036621094], 