{"seeker_traj": {"trajectories": [[[1.1756067276000977, 0.27432554960250854], [1.0612945556640625, 0.38025566935539246], [-0.8480353355407715, -0.8917244076728821], [1.3982385396957397, 0.2651236951351166], [-1.3584405183792114, 0.6741109490394592]], [[-1.3613709211349487, -0.5913535952568054], [0.6178761124610901, 0.35890716314315796], [-1.2101643085479736, 0.1113685891032219], [1.3122448921203613, -0.3736816942691803], [0.08683033287525177, -0.10816632211208344]], [[1.2790744304656982, -0.30536651611328125], [-1.1216657161712646, 0.1612226516008377], [1.3153001070022583, 0.9239758253097534], [0.7988855242729187, -0.04284161329269409], [1.2614309787750244, -0.8468992114067078]]]}, "hider_trajs": {"trajectories": [[[[0.7248743772506714, 0.9782881736755371], [-1.667876958847046, -0.13060112297534943], [0.1720079779624939, 0.8783937692642212], [0.7677311897277832, 0.8129777908325195], [1.3701006174087524, 0.4557170271873474]], [[-0.43104422092437744, 0.506491482257843], [0.13764958083629608, -1.0126124620437622], [-0.0935235545039177, -0.4371962547302246], [-1.7531960010528564, 0.48714521527290344], [-1.5263372659683228, -0.47469767928123474]], [[1.2104771137237549, -0.09191454201936722], [-1.4343762397766113, -0.5926786661148071], [0.61822110414505, 0.7317065000534058], [1.3975175619125366, 0.483956903219223], [-0.4718993902206421, 0.5738790035247803]], [[-1.556620478630066, 0.8183338046073914], [-0.05980238318443298, 0.7456164360046387], [-1.2106271982192993, 1.033197283744812], [-1.572891116142273, 0.07675617933273315], [0.7654279470443726, -0.29452604055404663]], [[0.4355977475643158, -0.7808424234390259], [-1.2244528532028198, -0.5910502672195435], [-0.40390723943710327, -0.6469372510910034], [-0.6808275580406189, -0.6888513565063477], [1.3368669748306274, -0.5855569243431091]], [[0.6160553097724915, -0.1044548898935318], [1.62770414352417, 0.823162317276001], [-0.9582909941673279, -0.4567910134792328], [-0.5885594487190247, 0.14337778091430664], [0.03971121087670326, -0.15714724361896515]], [[0.7135547399520874, 0.10912392288446426], [1.2764562368392944, -1.0602167844772339], [1.2698220014572144, -0.6935402750968933], [0.06347343325614929, 0.2853151559829712], [1.34635591506958, -1.0023974180221558]], [[-0.12445497512817383, 0.5736319422721863], [-1.2508697509765625, -0.026404201984405518], [-0.24387185275554657, -0.06710128486156464], [0.44638845324516296, -0.11109581589698792], [-0.6819064617156982, -0.4813447594642639]], [[0.14054904878139496, 0.839171826839447], [1.0389878749847412, 0.5798827409744263], [0.9346828460693359, 0.4321402311325073], [-0.00819200649857521, 0.7994178533554077], [-0.08193700760602951, 0.4757986068725586]], [[0.2728431224822998, 0.1774766892194748], [-0.7861244678497314, -0.7555469274520874], [0.5756791830062866, -0.582891047000885], [-1.27833092212677, -0.9772350192070007], [-1.5593514442443848, -0.2904545068740845]]], [[[-0.8124768137931824, -0.4673148989677429], [1.2695090770721436, 0.38506656885147095], [1.2788009643554688, -0.1534479409456253], [1.3748401403427124, -0.2894076108932495], [0.1309596598148346, 0.2568826675415039]], [[-1.4475613832473755, -0.1558605134487152], [0.2860981523990631, 0.1939622014760971], [1.4750040769577026, 0.6622872352600098], [-0.4957762062549591, 0.7349113821983337], [0.23341479897499084, -0.8032201528549194]], [[-1.2985639572143555, 0.8190107345581055], [-1.1226731538772583, 0.05541601777076721], [0.7661888003349304, 0.64357990026474], [-0.3679411709308624, -0.6037615537643433], [-1.4560925960540771, 0.22674337029457092]], [[-0.9359747171401978, -0.5271759629249573], [-0.08473455905914307, -1.0166957378387451], [0.6621088981628418, 0.8731775283813477], [0.9276037216186523, 0.4029885530471802], [-0.5485504269599915, 1.0626347064971924]], [[1.1206300258636475, 0.3404233753681183], [0.8238934874534607, 0.3901720643043518], [-0.13810014724731445, -0.049417272210121155], [-1.0501748323440552, -0.04729219153523445], [-1.0083967447280884, 0.8864805698394775]], [[-0.7099575400352478, 0.962371289730072], [-1.160403847694397, -0.28485214710235596], [-1.001725673675537, -0.24299225211143494], [0.6517741084098816, -0.6340706944465637], [-0.3749045729637146, 0.2123403698205948]], [[0.1304195076227188, 0.8652845621109009], [0.6293141841888428, 1.0202622413635254], [-0.9610480070114136, -0.799842357635498], [-1.43453848361969, -0.8231036067008972], [-0.5009894371032715, -1.0004428625106812]], [[-0.2942947745323181, 0.8661112189292908], [0.46702152490615845, -0.679068922996521], [-0.16565892100334167, -0.02013826183974743], [-0.3450854420661926, 0.8014078736305237], [-0.991556704044342, 0.1408056765794754]], [[0.6899293661117554, -0.7553565502166748], [0.23389840126037598, -0.4812924563884735], [0.3708001971244812, 0.4689508080482483], [-1.6542922258377075, -0.4660767614841461], [0.03725455701351166, 0.32661622762680054]], [[1.071020483970642, -0.8385571837425232], [0.018803298473358154, -0.6607754826545715], [1.2194173336029053, 0.00907977670431137], [-0.055827781558036804, 0.6349932551383972], [-0.06317950785160065, -0.7677898406982422]]], [[[-0.3207506537437439, 0.40007978677749634], [-0.3557310700416565, -0.38032376766204834], [0.593679666519165, -0.13224691152572632], [-1.3886152505874634, -0.4949781000614166], [-0.07853666692972183, 0.5770035982131958]], [[-0.5636907815933228, 0.7618362903594971], [-0.8417611718177795, -0.25323617458343506], [-0.16862908005714417, -0.811744213104248], [1.2898746728897095, -0.6320393085479736], [-0.3638998568058014, -0.5128580331802368]], [[0.8747923970222473, -0.3734821379184723], [0.165014386177063, -0.3098205626010895], [-0.0775962546467781, 0.34282493591308594], [0.1655992716550827, 0.1756470501422882], [-1.2506619691848755, -0.06708616018295288]], [[1.2095736265182495, -0.9531285166740417], [0.5006511807441711, -0.9176602363586426], [0.04868437349796295, -1.1637526750564575], [1.1249207258224487, 0.4411824941635132], [0.006262674927711487, 0.7961047291755676]], [[0.007738079875707626, 0.6677868366241455], [-1.4453084468841553, 0.5390340089797974], [0.010679300874471664, 1.022840142250061], [-1.0034273862838745, -1.022022008895874], [-0.9828718304634094, -0.333061546087265]], [[0.20641109347343445, -0.8612238168716431], [-1.6555101871490479, 0.3895808756351471], [-0.9755905866622925, 0.8131891489028931], [-1.1871858835220337, -0.35578545928001404], [-1.4070223569869995, 0.29474398493766785]], [[0.5284737348556519, 0.6298046708106995], [0.8070533275604248, -0.5484328269958496], [0.6378894448280334, -0.6668952703475952], [0.4516447186470032, 0.5664635896682739], [0.3008197546005249, -0.881812572479248]], [[1.2665959596633911, 0.8433586955070496], [-0.5156291723251343, 0.3150676488876343], [0.07815127074718475, 0.6146640777587891], [0.7586147785186768, 0.35176342725753784], [1.153557538986206, 0.6857579350471497]], [[0.34235769510269165, -0.4467797577381134], [0.6064556241035461, -0.41922926902770996], [-1.3176050186157227, -0.02979719638824463], [-0.7242977619171143, -0.7931668758392334], [0.3481140434741974, -0.28943806886672974]], [[1.1657153367996216, -0.43976670503616333], [1.360723614692688, 0.3981935977935791], [1.0327340364456177, 0.6896747946739197], [-1.626139760017395, -0.6708501577377319], [1.4403764009475708, 0.9887487292289734]]], [[[-0.47893351316452026, -0.49455952644348145], [0.9361842274665833, -0.7043424248695374], [-0.5384974479675293, 0.0952477753162384], [0.4844701886177063, -0.15251867473125458], [-1.0724925994873047, -0.9363951683044434]], [[-0.3873758316040039, 0.10831806063652039], [-1.547083854675293, 0.4931883215904236], [0.9142505526542664, 0.46296823024749756], [0.8318494558334351, 0.2229653000831604], [-1.2609717845916748, -0.6542211174964905]], [[1.0965678691864014, -0.8953216075897217], [0.521156907081604, 1.016175389289856], [0.4857317805290222, -0.8164100646972656], [0.8710725903511047, -0.6898728609085083], [0.26291924715042114, 0.3666231632232666]], [[1.5959221124649048, 0.34684935212135315], [1.4296181201934814, 