{"seeker_traj": {"trajectories": [[[0.35234054923057556, 0.44163408875465393], [-0.2603730857372284, -0.1928677260875702], [-1.2900512218475342, 0.4825606942176819], [1.4780490398406982, 0.22220072150230408], [1.4894087314605713, 1.0349479913711548]], [[0.3695583939552307, -0.6902524828910828], [1.5591424703598022, -0.7235403656959534], [1.485733985900879, -0.8465978503227234], [1.3882112503051758, -0.9162328243255615], [1.386139988899231, 0.398501455783844]], [[-0.24234351515769958, -0.4638543426990509], [-1.5526291131973267, -0.061719007790088654], [-1.1686733961105347, -0.11582814157009125], [-0.0902128666639328, -0.14222027361392975], [-0.7437184453010559, 0.2887837886810303]]]}, "hider_trajs": {"trajectories": [[[[1.4279212951660156, 0.6201450824737549], [-0.6613568663597107, 0.28039953112602234], [0.7023198008537292, 0.0765354186296463], [-1.2961266040802002, -0.16992172598838806], [-0.7243778109550476, -0.5361520051956177]], [[1.145208716392517, 0.33286187052726746], [-0.62895667552948, -0.5169396996498108], [1.2981213331222534, -0.1533539593219757], [0.1673632711172104, -0.4676351845264435], [-0.7073183059692383, 0.48825278878211975]], [[0.39593520760536194, -0.5379308462142944], [0.5717520713806152, -0.3993295133113861], [-1.1461976766586304, -0.2748541533946991], [1.2613914012908936, -0.10492409020662308], [-1.2709654569625854, 0.3330378830432892]], [[-0.9734629392623901, -0.4027906656265259], [1.1560202836990356, -0.48529598116874695], [0.022763844579458237, 0.17137707769870758], [0.6161856055259705, 0.1201811283826828], [0.15628409385681152, 0.5783206820487976]], [[1.3970705270767212, 0.7454627156257629], [1.428037405014038, 0.9683355093002319], [1.3396344184875488, 0.4571692943572998], [1.809178352355957, 1.1401373147964478], [1.9420148134231567, 1.0399415493011475]], [[-0.32064923644065857, 0.45510709285736084], [0.7873818874359131, -0.16929513216018677], [-0.20978716015815735, -0.09841317683458328], [-1.1063209772109985, -0.5995165109634399], [-0.7001091837882996, -0.30047187209129333]], [[1.4366403818130493, -0.6371086835861206], [-0.6652519702911377, 0.427177369594574], [1.0532200336456299, -0.8329253792762756], [0.3638271987438202, -1.0564767122268677], [0.35110294818878174, -0.8605396747589111]], [[-0.48102304339408875, -0.6544786691665649], [1.079217553138733, -0.8301247954368591], [1.4281314611434937, -0.8392410278320312], [-1.3992528915405273, 0.6607430577278137], [-0.2553240954875946, 0.40322619676589966]], [[0.8091574311256409, 0.36345332860946655], [1.2292218208312988, -0.2651890516281128], [0.5933912396430969, 0.27783283591270447], [-0.053753092885017395, -0.18285486102104187], [0.6673403978347778, -1.0302034616470337]], [[0.12858857214450836, 0.2978658676147461], [1.2190135717391968, -0.49603885412216187], [-0.4878506362438202, 0.05329429358243942], [1.034346342086792, 0.649170458316803], [0.9216430187225342, 0.5257422924041748]]], [[[-0.9978887438774109, -0.5978410243988037], [1.107290506362915, 0.6260440945625305], [1.2108299732208252, 0.29046157002449036], [0.6851975321769714, -0.36058616638183594], [0.927740216255188, 0.0011521019041538239]], [[0.29359596967697144, -0.24134321510791779], [1.3987895250320435, -0.6215032935142517], [1.9505259990692139, -0.8748596906661987], [2.113086700439453, -0.6913078427314758], [2.4347264766693115, -0.9379422664642334]], [[0.9780417680740356, -0.06796282529830933], [1.420394778251648, -1.058024525642395], [1.7748360633850098, -1.0329822301864624], [1.6832249164581299, -1.2053583860397339], [2.200921058654785, -1.2818412780761719]], [[-0.6137187480926514, 0.5040479898452759], [-0.7295589447021484, 0.7973549365997314], [0.17898011207580566, -0.7492005228996277], [1.2430816888809204, 0.035269688814878464], [-0.8848674893379211, 0.24788616597652435]], [[0.24752280116081238, -0.7387387752532959], [0.8943891525268555, 0.6040376424789429], [1.202210545539856, -0.6404604911804199], [-1.0875736474990845, -0.31010279059410095], [0.8162345290184021, 0.6068724393844604]], [[1.26966392993927, -0.16905227303504944], [-1.5318081378936768, 0.542804479598999], [0.8188079595565796, -0.33879199624061584], [-0.2380857765674591, 0.3165435492992401], [0.03912689536809921, 0.1744302362203598]], [[1.259482979774475, 0.29411235451698303], [0.7628575563430786, 0.03654433414340019], [0.09267262369394302, -0.8171283602714539], [0.9153814315795898, -0.774287760257721], [-1.5052614212036133, -0.6311275959014893]], [[0.15456858277320862, 1.0152485370635986], [0.8132171034812927, -0.46602663397789], [0.1070137470960617, -0.9234276413917542], [1.173232913017273, 0.0014621168375015259], [0.5805386900901794, -0.8977845907211304]], [[1.001686930656433, -0.8230693936347961], [1.3367187976837158, -1.0821951627731323], [0.6604396104812622, -1.628544569015503], [-1.0687739849090576, -0.9983625411987305], [-1.4743794202804565, -1.3219647407531738]], [[1.4164282083511353, -0.9607754349708557], [1.6354268789291382, -0.9724024534225464], [1.5405339002609253, -1.1096680164337158], [1.4288971424102783, -2.0758895874023438], [1.7812103033065796, -1.3280061483383179]]], [[[-1.3028169870376587, -0.5816440582275391], [-0.3849503695964813, -0.17138803005218506], [1.2417879104614258, -0.19944125413894653], [-0.08149018883705139, -0.07120727747678757], [0.7262499332427979, 0.47085267305374146]], [[0.8553605675697327, -0.3714454174041748], [1.0545257329940796, 0.15339906513690948], [0.6758845448493958, -0.17135053873062134], [0.522025465965271, 0.677858293056488], [-1.008829951286316, -0.32159358263015747]], [[1.7319873571395874, -0.5908445715904236], [-0.8321982026100159, -1.081369161605835], [1.4324543476104736, -0.12126822769641876], [0.40495729446411133, 0.8861958980560303], [1.13242769241333, 0.8271139860153198]], [[-0.617019772529602, 0.35309037566185], [-0.007339213043451309, 0.6361261606216431], [0.7482901215553284, -0.37869295477867126], [1.4411219358444214, -0.31643974781036377], [1.251297116279602, -0.5034800171852112]], [[0.7726284265518188, -0.10068310052156448], [1.0816614627838135, 0.07671835273504257], [-1.455549716949463, 0.6847255229949951], [0.22327569127082825, 0.28792479634284973], [0.14425399899482727, -0.8165991306304932]], [[-1.296738624572754, 0.9375852942466736], [1.0159552097320557, -0.3828696310520172], [0.7040051221847534, 0.013405777513980865], [0.4131750464439392, -0.010829787701368332], [-0.8375927209854126, 0.38793978095054626]], [[1.6296931505203247, 1.095127820968628], [1.4978572130203247, 0.8382774591445923], [1.4188557863235474, 0.9176499843597412], [1.6144760847091675, 1.2678266763687134], [1.6667333841323853, 2.0978896617889404]], [[0.0024253465235233307, 0.7615089416503906], [0.6760690808296204, -0.09733809530735016], [-1.4509797096252441, 0.2789321541786194], [-1.3125393390655518, 0.7222337126731873], [-0.14358088374137878, -0.8912390470504761]], [[0.8626340627670288, -0.12284671515226364], [-0.9502008557319641, 0.4192190170288086], [0.7362109422683716, -1.0449271202087402], [-0.8762717843055725, -0.05052962899208069], [-1.5068955421447754, -0.9218276739120483]], [[0.17643317580223083, -0.38427072763442993], [0.8754850029945374, -0.8717934489250183], [1.2225868701934814, 0.23035350441932678], [0.5325707197189331, -0.7437791228294373], [-1.2647650241851807, 0.02417847514152527]]], [[[-0.04541643708944321, 0.017447561025619507], [-0.3390223979949951, -0.17567159235477448], [-0.595563530921936, -0.48547467589378357], [0.5241605639457703, -0.735535740852356], [0.05084194242954254, 0.8830189108848572]], [[-0.9097267389297485, 0.2877744436264038], [1.5289770364761353, -0.7617250084877014], [-0.797157347202301, 0.004846684634685516], [0.06398101150989532, -0.47005125880241394], [1.4232664108276367, -0.897351861000061]], [[-0.8167337775230408, 0.988017737865448], [0.6877144575119019, -0.5593482851982117], [0.44099441170692444, 0.4521821141242981], [0.46478837728500366, 0.23199914395809174], [0.49812930822372437, -0.21303078532218933]], [[0.25972095131874084, 0.42006582021713257], [0.6283736228942871, 