{"seeker_traj": {"trajectories": [[[-1.081687569618225, -0.6075108051300049], [1.003226637840271, 0.105333112180233], [1.2439510822296143, -0.5518898963928223], [0.8603968024253845, 0.3938882052898407], [-0.6608937382698059, 0.5504752993583679]], [[-1.1839464902877808, -0.013287481851875782], [0.4407401382923126, -0.1751871109008789], [-0.6098299026489258, -0.5876050591468811], [0.9694679379463196, 0.38593995571136475], [0.11107046157121658, -0.5975963473320007]], [[-1.1806104183197021, 0.5949850082397461], [0.27237263321876526, -0.10985290259122849], [1.165202021598816, 0.4649837911128998], [-0.7870553135871887, 0.43430066108703613], [1.1877994537353516, 0.5744285583496094]]]}, "hider_trajs": {"trajectories": [[[[1.399999976158142, -0.800000011920929], [-1.0701431035995483, -0.1695868968963623], [0.04489746317267418, -0.04076862335205078], [0.8852645754814148, 0.6450803279876709], [1.20323646068573, 0.9839587211608887]], [[1.399999976158142, -0.800000011920929], [-0.2875179350376129, 0.808598518371582], [0.21812401711940765, 0.7100133895874023], [-0.6703987121582031, -0.8082213401794434], [0.48521384596824646, 0.012695550918579102]], [[1.399999976158142, -0.800000011920929], [-1.3869816064834595, -0.6866183280944824], [-0.19306182861328125, -0.5406153202056885], [1.3060302734375, -0.019412755966186523], [0.7215957641601562, -0.3321719169616699]], [[1.399999976158142, -0.800000011920929], [0.2894054353237152, 0.07703804969787598], [-0.10113830864429474, 0.4012413024902344], [0.3245132565498352, 0.3930063247680664], [0.24260444939136505, -0.006960868835449219]], [[1.399999976158142, -0.800000011920929], [1.2586220502853394, -0.5431640148162842], [-0.7901542782783508, -0.731065034866333], [1.370887041091919, 0.9376082420349121], [1.2608722448349, 0.42259931564331055]], [[1.399999976158142, -0.800000011920929], [-0.26966363191604614, -0.08223080635070801], [0.15469780564308167, -0.2809298038482666], [-0.038943100720644, -0.8470797538757324], [-1.4215210676193237, 0.8298261165618896]], [[1.399999976158142, -0.800000011920929], [-1.4154541492462158, -0.05046796798706055], [0.4689575135707855, 0.312053918838501], [-1.1702022552490234, 0.16247010231018066], [1.096910834312439, -0.1125028133392334]], [[1.399999976158142, -0.800000011920929], [-0.3313713073730469, 0.09570646286010742], [-1.0527973175048828, 0.9255735874176025], [-1.559699296951294, 0.7178361415863037], [-0.06399612873792648, -0.9845864772796631]], [[1.399999976158142, -0.800000011920929], [1.0624217987060547, -0.6999914646148682], [-0.9288414120674133, -0.5826404094696045], [-0.11579590290784836, -0.16456222534179688], [-1.578287959098816, 0.44800496101379395]], [[1.399999976158142, -0.800000011920929], [0.22850532829761505, -0.47189927101135254], [1.2941337823867798, 0.48858022689819336], [0.06942825764417648, -0.4146280288696289], [-0.9684276580810547, -0.935814380645752]]], [[[1.399999976158142, -0.4000000059604645], [1.1478725671768188, -0.4742145538330078], [-0.7953388094902039, 0.14008259773254395], [-1.351415991783142, 0.2037353515625], [-0.5916377902030945, -0.7820019721984863]], [[1.399999976158142, -0.4000000059604645], [0.28635215759277344, 0.4693894386291504], [1.0285767316818237, -0.7407944202423096], [0.9898620843887329, -0.11768078804016113], [1.4799076318740845, -0.7945175170898438]], [[1.399999976158142, -0.4000000059604645], [0.4892902374267578, -0.824653148651123], [0.5829216241836548, 0.18662810325622559], [1.0916560888290405, -0.4508662223815918], [0.9863197207450867, 0.7713077068328857]], [[1.399999976158142, -0.4000000059604645], [0.807611882686615, 0.4343559741973877], [-1.1898144483566284, -0.504544734954834], [1.120764136314392, 0.7322933673858643], [1.0191940069198608, -0.4839203357696533]], [[1.399999976158142, -0.4000000059604645], [1.4224567413330078, -0.8919856548309326], [-1.0909401178359985, -0.8810842037200928], [-0.5360779166221619, 0.7799978256225586], [-1.2762482166290283, -0.3966522216796875]], [[1.399999976158142, -0.4000000059604645], [0.08924293518066406, -0.0984792709350586], [-0.30465203523635864, -0.8052141666412354], [-1.3594375848770142, -0.4574739933013916], [-0.48676416277885437, 0.06542634963989258]], [[1.399999976158142, -0.4000000059604645], [-0.7510212063789368, 0.08286094665527344], [0.11496925354003906, -0.9791257381439209], [-0.9665359854698181, -0.2333812713623047], [-0.021300125867128372, -0.14817452430725098]], [[1.399999976158142, -0.4000000059604645], [-0.7640178799629211, 0.3550846576690674], [-0.315604031085968, -0.875777006149292], [-1.2136443853378296, 0.5219337940216064], [-1.265830636024475, -0.15087056159973145]], [[1.399999976158142, -0.4000000059604645], [-1.170474648475647, 0.4465198516845703], [0.5008026361465454, 0.7712161540985107], [1.3682746887207031, -0.404569149017334], [-1.080698847770691, -0.7120330333709717]], [[1.399999976158142, -0.4000000059604645], [1.1616184711456299, -0.02584385871887207], [-0.2547660768032074, 0.4407622814178467], [0.06716042011976242, -0.498424768447876], [-1.1232246160507202, -0.1869189739227295]]], [[[1.399999976158142, 0.0], [0.48700791597366333, 0.7416536808013916], [-0.16143684089183807, 0.09137296676635742], [0.18436966836452484, 0.8289847373962402], [0.13115958869457245, -0.9364855289459229]], [[1.399999976158142, 0.0], [-1.5099025964736938, -0.5501742362976074], [0.41347619891166687, -0.7861709594726562], [-0.7333385348320007, 0.8030037879943848], [-0.24175186455249786, -0.2680339813232422]], [[1.399999976158142, 0.0], [0.3780044615268707, -0.5144624710083008], [-1.2066482305526733, 0.3854799270629883], [-1.4048560857772827, 0.3462707996368408], [0.02825164794921875, -0.8220481872558594]], [[1.399999976158142, 0.0], [-1.1941730976104736, 0.5256052017211914], [0.8634639978408813, 0.2995579242706299], [0.7116054892539978, -0.8402981758117676], [-0.8340293765068054, 0.8212916851043701]], [[1.399999976158142, 0.0], [-1.1514939069747925, 0.15479373931884766], [-0.9917179346084595, 0.01249384880065918], [-1.0927391052246094, -0.848513126373291], [-0.7968875765800476, -0.508922815322876]], [[1.399999976158142, 0.0], [1.4116748571395874, -0.5040345191955566], [-0.1323394775390625, -0.11774468421936035], [-1.206678032875061, -0.43444395065307617], [-1.0494674444198608, 0.07980704307556152]], [[1.399999976158142, 0.0], [1.5491020679473877, 0.25344133377075195], [0.017761612311005592, 0.5475702285766602], [0.07675018161535263, 0.3276853561401367], [1.3963714838027954, -0.06438374519348145]], [[1.399999976158142, 0.0], [-1.5452187061309814, 0.08256006240844727], [-1.4852203130722046, -0.9809257984161377], [1.0180248022079468, -0.5962011814117432], [-0.4889553189277649, 0.42421674728393555]], [[1.399999976158142, 0.0], [-1.5145111083984375, 0.41683220863342285], [-1.160879135131836, -0.7008132934570312], [0.7275218963623047, 0.43618178367614746], [-1.3582004308700562, 0.6255571842193604]], [[1.399999976158142, 0.0], [0.30907365679740906, 0.09123873710632324], [-0.7203025817871094, -0.1616528034210205], [-0.903009831905365, 0.11981034278869629], [0.34581947326660156, 0.45033979415893555]]], [[[1.399999976158142, 0.40000003576278687], [-0.09490318596363068, -0.0639190673828125], [0.7076103091239929, 0.7268023490905762], [-0.9514762759208679, 0.6980607509613037], [0.3453926146030426, 0.22084712982177734]], [[1.399999976158142, 0.40000003576278687], [-1.4421414136886597, 0.7071342468261719], [-1.4016952514648438, 0.6618807315826416], [-0.37914544343948364, 0.9572679996490479], [-0.721413791179657, 0.3296678066253662]], [[1.399999976158142, 0.40000003576278687], [-0.6653122305870056, -0.39247894287109375], [1.0798801183700562, 0.5857682228088379], [1.5739811658859253, 0.18125033378601074], [-0.7431163787841797, 0.7245607376098633]], [[1.399999976158142, 0.40000003576278687], [-0.24708251655101776, -0.20585155487060547], [-1.491698145866394, -0.7922003269195557], [-0.30213165283203125, 0.8749332427978516], [-1.3194156885147095, 0.2548513412475586]], [[1.399999976158142, 0.40000003576278687], 