{"seeker_traj": {"trajectories": [[[-1.1473625898361206, -0.4988996684551239], [-0.5655689835548401, -0.3206951320171356], [-0.25731849670410156, -0.34931042790412903], [1.2754685878753662, -0.154207244515419], [1.325976848602295, -0.7406733632087708]], [[-1.1641044616699219, 0.26335570216178894], [-0.10912883281707764, 0.6190764904022217], [0.9863505959510803, 0.006615013815462589], [0.5898619294166565, 0.6755626201629639], [1.3281522989273071, 0.7061752080917358]], [[-1.1636521816253662, 0.56415855884552], [-1.1588667631149292, 0.32801976799964905], [0.2608793079853058, -0.33550751209259033], [-1.0149750709533691, 0.4571780264377594], [-0.16215145587921143, -0.5028300285339355]]]}, "hider_trajs": {"trajectories": [[[[1.185538649559021, -0.5755954384803772], [-0.965545654296875, -0.1582818627357483], [0.1839323490858078, 0.03945518657565117], [0.9566903114318848, 0.5672205686569214], [1.1341792345046997, 0.5537644624710083]], [[1.2192574739456177, -0.6318476796150208], [-0.1657118946313858, 0.43804916739463806], [0.3867364227771759, 0.4749620854854584], [-0.5130397081375122, -0.5786256790161133], [0.5145984292030334, -0.011174151673913002]], [[1.2312628030776978, -0.6122601628303528], [-0.6002842783927917, -0.6191969513893127], [0.4463237524032593, -0.6275015473365784], [1.2246617078781128, -0.5171323418617249], [0.32704681158065796, -0.572224497795105]], [[1.1976083517074585, -0.5241707563400269], [0.4040306806564331, 0.19951486587524414], [0.1111583486199379, 0.6127946376800537], [0.562135636806488, 0.6400536298751831], [0.37398985028266907, 0.20618341863155365]], [[1.1340664625167847, -0.5993945598602295], [1.1165921688079834, -0.6127938628196716], [-0.7523536682128906, -0.63254714012146], [1.2080652713775635, 0.23910290002822876], [1.2489112615585327, 0.1461171805858612]], [[1.1615792512893677, -0.5654983520507812], [-0.2748958468437195, -0.094232477247715], [0.155739426612854, -0.29058969020843506], [-0.024133622646331787, -0.5584280490875244], [-1.1629325151443481, 0.5827059745788574]], [[1.1923059225082397, -0.48432397842407227], [-1.116160273551941, 0.10741809755563736], [0.608133852481842, 0.49756094813346863], [-0.986773669719696, 0.3092769980430603], [1.1592200994491577, -0.045722078531980515]], [[1.165374755859375, -0.5614373087882996], [-0.3314295709133148, 0.09920442849397659], [-1.0448061227798462, 0.5643280744552612], [-1.1588572263717651, 0.5608984231948853], [-0.05781126394867897, -0.5665880441665649]], [[1.1627914905548096, -0.5769852995872498], [1.0469932556152344, -0.5771090388298035], [-0.9460753798484802, -0.5672649145126343], [-0.129558727145195, -0.21576426923274994], [-1.1593362092971802, 0.4273015260696411]], [[1.1848012208938599, -0.5628297924995422], [0.32874158024787903, -0.49026229977607727], [1.1807777881622314, 0.44805270433425903], [0.14807310700416565, -0.4400143325328827], [-0.9037705659866333, -0.5582231879234314]]], [[[1.1548960208892822, -0.4150288701057434], [1.120331883430481, -0.4609113335609436], [-0.8588485717773438, 0.15399885177612305], [-1.1496453285217285, 0.20627190172672272], [-0.6331217288970947, -0.5376219749450684]], [[1.360420823097229, -0.7523939609527588], [1.3804712295532227, -0.7830271124839783], [1.3944734334945679, -0.8155810236930847], [1.403564691543579, -0.8600297570228577], [1.4263386726379395, -0.9141615629196167]], [[1.3500797748565674, 0.7528714537620544], [1.414201021194458, 0.8282671570777893], [1.451981544494629, 0.8681519627571106], [1.4609211683273315, 0.875791072845459], [1.444023609161377, 0.8479713797569275]], [[1.1947705745697021, -0.5031728148460388], [0.8910016417503357, 0.2996012270450592], [-1.026851773262024, -0.5847507119178772], [1.2123583555221558, 0.5131542086601257], [1.0804111957550049, -0.34191861748695374]], [[1.1807869672775269, -0.415191113948822], [1.1713606119155884, -0.571003794670105], [-1.0962482690811157, -0.5668707489967346], [-0.5678090453147888, 0.5688918828964233], [-1.1955938339233398, -0.39769986271858215]], [[1.1686519384384155, -0.4272906184196472], [0.09775447845458984, -0.17379698157310486], [-0.302114874124527, -0.6191158890724182], [-1.1716288328170776, -0.5393281579017639], [-0.49276694655418396, 0.03812189772725105]], [[1.138065218925476, -0.5813218951225281], [-0.8207993507385254, -0.16449756920337677], [0.05215645954012871, -0.6462929844856262], [-0.9912990927696228, -0.37188979983329773], [-0.0006687743007205427, -0.17240466177463531]], [[1.163763403892517, -0.3949258029460907], [-0.7668890357017517, 0.35526221990585327], [-0.3176196217536926, -0.5666462182998657], [-1.1494064331054688, 0.4989798367023468], [-1.161761999130249, -0.1564280390739441]], [[1.1945226192474365, -0.4355218708515167], [-1.0620918273925781, 0.328260213136673], [0.6209130883216858, 0.3700542449951172], [1.2419772148132324, -0.630712628364563], [-1.0277113914489746, -0.6405544281005859]], [[1.1634960174560547, -0.3879713714122772], [1.17070472240448, -0.07371383905410767], [-0.1255757361650467, 0.37665870785713196], [0.15783384442329407, -0.5269131660461426], [-1.06467866897583, -0.21969833970069885]]], [[[1.161484956741333, -0.0016170050948858261], [0.46269491314888, 0.5575305223464966], [-0.19847948849201202, 0.10455811023712158], [0.15306703746318817, 0.5491906404495239], [0.11013942211866379, -0.5150675773620605]], [[1.222611427307129, 0.07971225678920746], [-1.0633995532989502, -0.4477827250957489], [0.5836181640625, -0.5546190142631531], [-0.5780878663063049, 0.5496099591255188], [-0.15956354141235352, -0.2616790533065796]], [[1.0622491836547852, 0.06768709421157837], [0.7268190383911133, -0.4918219745159149], [-0.48187142610549927, 0.2883971035480499], [-0.754543125629425, 0.2452661246061325], [0.12105800956487656, -0.5722147822380066]], [[1.161615252494812, -0.017610900104045868], [-1.138740062713623, 0.48007500171661377], [0.8900023102760315, 0.2570369839668274], [0.7418623566627502, -0.5764559507369995], [-0.8243995308876038, 0.5626528263092041]], [[1.1677106618881226, -0.013041544705629349], [-1.146809697151184, 0.1310577094554901], [-1.0205076932907104, -0.02342386543750763], [-1.0752183198928833, -0.5918715596199036], [-0.7256530523300171, -0.5850728750228882]], [[1.1691973209381104, 0.003653993597254157], [1.1700056791305542, -0.489663302898407], [-0.13254661858081818, -0.12570664286613464], [-1.1565157175064087, -0.44454237818717957], [-1.0639568567276, 0.07536429166793823]], [[1.1609230041503906, 0.018945442512631416], [1.1601074934005737, 0.27719467878341675], [0.053089987486600876, 0.5229972004890442], [0.13777704536914825, 0.3697149455547333], [1.1700077056884766, -0.04006325826048851]], [[1.1744111776351929, -0.05741759017109871], [-1.1577115058898926, 0.010302566923201084], [-1.1756742000579834, -0.640357255935669], [0.9350588321685791, -0.6144603490829468], [-0.5993388891220093, 0.3620089888572693]], [[1.1635791063308716, -0.04757286608219147], [-1.167190432548523, 0.3565806448459625], [-1.1235487461090088, -0.5988119840621948], [0.74014812707901, 0.40596267580986023], [-1.161604404449463, 0.5477372407913208]], [[1.164590835571289, -0.03827410191297531], [0.44001126289367676, 0.006471488159149885], [-0.5595210790634155, -0.2715303599834442], [-0.8026899695396423, 0.04626837372779846], [0.3604510724544525, 0.41853126883506775]]], [[[1.1607677936553955, 0.37239617109298706], [-0.1199098452925682, -0.047516074031591415], [0.6842566728591919, 0.6052916049957275], [-0.964289665222168, 0.6012038588523865], [0.3137361705303192, 0.26089391112327576]], [[1.2184257507324219, 0.5908840894699097], [-1.0114755630493164, 0.6365860104560852], [-0.9946550726890564, 0.6345689296722412], [-0.12039116024971008, 0.616760790348053], [-0.42724117636680603, 0.6088243126869202]], [[1.2275898456573486, 0.4735966622829437], [-0.21770690381526947, -0.24107709527015686], [1.2148081064224243, 0.5555664300918579], [1.188988447189331, 0.3417139947414398], [-0.5263025164604187, 0.569478452205658]], [[1.159119963645935, 0.39004814624786377], [-0.2583829462528229, 