{"seeker_traj": {"trajectories": [[[1.2467529773712158, -0.5634783506393433], [1.3866934776306152, 0.7960067391395569], [1.4718735218048096, -0.4564906656742096], [1.5201174020767212, -0.9398060441017151], [1.5204579830169678, -0.9511356353759766]], [[-1.2896316051483154, -0.015490807592868805], [-1.304287075996399, 0.043267130851745605], [-1.3196626901626587, -0.033047642558813095], [-1.3158067464828491, -0.01629285141825676], [-1.2733980417251587, 0.06813109666109085]], [[1.3001710176467896, 0.787656843662262], [1.421592354774475, 0.8819496035575867], [1.4980274438858032, 0.9246160984039307], [1.5291463136672974, 0.9275774955749512], [1.502991795539856, 0.37149396538734436]]]}, "hider_trajs": {"trajectories": [[[[1.2503554821014404, -0.6315746903419495], [1.2434827089309692, -0.32825028896331787], [0.32242849469184875, -0.30681583285331726], [-0.014654560014605522, 0.18176990747451782], [0.8276060223579407, 0.44115254282951355]], [[1.218899130821228, -0.6207389235496521], [1.1680350303649902, -0.5219758152961731], [1.007428526878357, -0.2340882569551468], [0.69166499376297, -0.009085764177143574], [0.11049327254295349, -0.17012466490268707]], [[1.2483471632003784, -0.6494119167327881], [1.2380582094192505, -0.6329157948493958], [0.8285304307937622, -0.608066737651825], [0.0984053835272789, -0.13200628757476807], [0.4151517152786255, 0.5262892246246338]], [[1.2725220918655396, -0.6858595609664917], [0.9765381217002869, -0.6434712409973145], [-0.3771803081035614, -0.4083349108695984], [0.6839377284049988, -0.2957811951637268], [1.0456892251968384, -0.24392201006412506]], [[1.4858285188674927, 0.8468329906463623], [1.564687967300415, 0.9186505079269409], [1.6380845308303833, 0.957502543926239], [2.4104623794555664, 0.9736534357070923], [2.585085868835449, 0.9629583358764648]], [[1.1371119022369385, -0.6566386222839355], [-0.03886609524488449, -0.6628003120422363], [-1.3370325565338135, -0.665951132774353], [-1.2934496402740479, -0.6662278771400452], [-1.2655807733535767, -0.6655150651931763]], [[1.297610878944397, -0.5777251124382019], [1.3666032552719116, 0.10558534413576126], [1.4082294702529907, 0.765203058719635], [1.4073129892349243, -0.1838286966085434], [0.8306278586387634, -0.10221139341592789]], [[1.208339810371399, -0.602245032787323], [0.242290198802948, -0.5955377221107483], [0.5249903798103333, 0.35275617241859436], [1.1599546670913696, 0.036434631794691086], [0.7271420955657959, -0.573266327381134]], [[1.2529330253601074, -0.719342052936554], [0.9757497310638428, -0.6627650856971741], [0.016202153638005257, -0.7522880434989929], [-0.4802680015563965, -0.004810482729226351], [-0.4188005030155182, 0.48154962062835693]], [[0.6028427481651306, -0.7268127202987671], [-1.0263727903366089, -0.21112874150276184], [0.5955605506896973, 0.5480042099952698], [0.9276260137557983, 0.8087197542190552], [1.438354253768921, 0.38468897342681885]]], [[[1.2784135341644287, -0.3896724581718445], [1.338685154914856, -0.48006176948547363], [1.390710473060608, 0.110323965549469], [1.38349187374115, -0.32573896646499634], [0.5553411245346069, 0.062959685921669]], [[1.476245403289795, -0.8401848673820496], [1.556391954421997, -0.9041358232498169], [1.6315007209777832, -0.9366695284843445], [2.5448110103607178, -0.9456159472465515], [2.5422844886779785, -0.9244902729988098]], [[1.4710314273834229, -0.887413740158081], [1.5392481088638306, -0.9676936864852905], [1.5813953876495361, -1.0438307523727417], [1.5920436382293701, -1.546161413192749], [1.5580788850784302, -2.059041738510132]], [[1.0144675970077515, -0.7300599813461304], [-0.6760674118995667, -0.7352648973464966], [-1.331860899925232, -0.736234724521637], [-1.3114500045776367, -0.735223114490509], [-0.19402247667312622, -0.7274770736694336]], [[1.2401037216186523, -0.39976292848587036], [1.247357726097107, -0.25704535841941833], [0.9519261717796326, 0.18951016664505005], [-0.31009384989738464, 0.4684975743293762], [0.29269036650657654, -0.4964637756347656]], [[1.2880103588104248, -0.7135762572288513], [0.7058477997779846, -0.7211066484451294], [-0.08204974234104156, -0.5532764196395874], [0.7014952898025513, -0.36230650544166565], [0.524684488773346, -0.6300226449966431]], [[1.3142971992492676, -0.511420488357544], [1.3782713413238525, 0.06586126983165741], [0.08176777511835098, 0.33751967549324036], [-0.06725748628377914, -0.21599507331848145], [-0.17007851600646973, -0.5821176171302795]], [[1.203143835067749, -0.46955206990242004], [0.09958291053771973, 0.17053356766700745], [0.6343732476234436, -0.305772989988327], [1.0201094150543213, -0.48588526248931885], [-0.19270411133766174, -0.45901426672935486]], [[1.440536379814148, -0.8572003841400146], [1.495428204536438, -0.938294529914856], [1.509362816810608, -0.974487841129303], [1.135043978691101, -0.9902191758155823], [-0.152960866689682, -0.978643000125885]], [[1.3955078125, -0.2614714205265045], [1.483866810798645, 0.22386129200458527], [1.5479716062545776, -0.13103178143501282], [1.5961071252822876, -0.247309148311615], [1.607423186302185, -0.1884210854768753]]], [[[1.4666953086853027, -0.8804571628570557], [1.5350377559661865, -0.9592980742454529], [1.5777478218078613, -1.029656171798706], [1.5937269926071167, -1.1819592714309692], [1.5674597024917603, -2.026900053024292]], [[1.2387750148773193, -0.03849368542432785], [0.30643171072006226, 0.2124161273241043], [0.6598731875419617, -0.41965460777282715], [-0.6057729721069336, 0.434977650642395], [0.11816645413637161, -0.02113215997815132]], [[1.2423076629638672, -0.007109381258487701], [1.0934362411499023, -0.5971266627311707], [0.8486521244049072, -0.6171013116836548], [0.921584963798523, -0.6241902112960815], [0.5198134183883667, -0.6250854730606079]], [[1.3743066787719727, -0.03203998878598213], [1.4605584144592285, -0.011350767686963081], [1.5230281352996826, -0.39701759815216064], [1.569365382194519, -0.1745968759059906], [1.588893175125122, -0.20886147022247314]], [[1.2373725175857544, -0.08184519410133362], [1.2263710498809814, 0.18612995743751526], [1.183624029159546, -0.06690031290054321], [1.1146140098571777, 0.10074873268604279], [1.014273762702942, -0.46559035778045654]], [[1.3783586025238037, 0.07591038942337036], [1.4414178133010864, 0.09817864745855331], [1.464901089668274, 0.09348735213279724], [1.4347538948059082, -0.21353784203529358], [-0.3122016489505768, -0.4143458604812622]], [[1.4726645946502686, 0.8867383003234863], [1.5343425273895264, 0.9602512121200562], [1.5611985921859741, 1.0154067277908325], [1.5526396036148071, 1.081871747970581], [1.511841893196106, 1.8809683322906494]], [[1.2055048942565918, -0.2223862111568451], [0.3176659643650055, -0.2225283682346344], [0.5229917168617249, 0.269513338804245], [-0.06843557208776474, -0.3351078927516937], [-0.18407078087329865, -0.5357444286346436]], [[1.1753991842269897, -0.005587290972471237], [-0.05225660651922226, 0.018254153430461884], [-0.5262051820755005, 0.5644382238388062], [0.3492635190486908, 0.5188872218132019], [1.1234591007232666, -0.19682784378528595]], [[0.932054340839386, -0.47642388939857483], [0.7878643274307251, -0.5736547112464905], [0.024096054956316948, -0.6070901155471802], [-0.4307005703449249, -0.6570394039154053], [-0.09980248659849167, -0.6771951913833618]]], [[[1.2591102123260498, 0.39554381370544434], [0.6867978572845459, 0.48795005679130554], [-0.0727991908788681, 0.39515039324760437], [0.7603745460510254, 0.029047956690192223], [0.894858181476593, -0.5272061228752136]], [[1.2317335605621338, 0.5918826460838318], [-0.18257568776607513, 0.6177579164505005], [0.33598750829696655, 0.18843361735343933], [0.9827455282211304, -0.6165716052055359], [0.44984152913093567, -0.605451762676239]], [[1.251936674118042, 0.3256359100341797], [1.238276720046997, 0.2002396434545517], [1.231034755706787, -0.13003955781459808], [1.2259160280227661, 0.5148261189460754], [0.598761260509491, -0.2231750637292862]], [[1.3297730684280396, 0.3722107708454132], [0.7762774229049683, 0.7484661340713501], [0.4623569846153259, 