{"seeker_traj": {"trajectories": [[[0.10018214583396912, -0.575242817401886], [-0.033811744302511215, -0.3379949629306793], [0.16373862326145172, -0.62591552734375], [1.2829633951187134, 0.19021347165107727], [1.3120909929275513, 0.7078391313552856]], [[-0.7144788503646851, 0.5667282342910767], [1.1781980991363525, -0.3838021457195282], [-1.1124979257583618, 0.12589974701404572], [-0.14900252223014832, 0.3449406027793884], [0.823682963848114, -0.06811585277318954]], [[-1.0015580654144287, 0.132819265127182], [0.20546291768550873, 0.23640453815460205], [0.8045434951782227, -0.17311877012252808], [0.8157647252082825, -0.5452271103858948], [1.28048837184906, -0.6743703484535217]]]}, "hider_trajs": {"trajectories": [[[[0.2430257797241211, -0.5423641800880432], [-0.7126940488815308, 0.5421499609947205], [0.19985133409500122, 0.39337924122810364], [-0.38557198643684387, -0.5762380361557007], [-0.4343290627002716, 0.16200469434261322]], [[0.36968836188316345, -0.592290461063385], [1.1535598039627075, 0.5315119028091431], [0.0648445338010788, 0.1272485852241516], [1.1505030393600464, 0.47183242440223694], [0.2791220545768738, -0.10982297360897064]], [[1.1757123470306396, 0.5687028169631958], [0.05308683589100838, -0.238761767745018], [1.1831532716751099, -0.45350977778434753], [-1.1586343050003052, 0.3194933533668518], [0.06393086910247803, 0.30068084597587585]], [[1.1209908723831177, -0.6586535573005676], [-0.4797591269016266, -0.7035296559333801], [0.4429553151130676, -0.721359133720398], [-0.05985415726900101, -0.7066898345947266], [-1.0998258590698242, -0.6657370328903198]], [[0.2738734483718872, 0.5703513026237488], [-0.322178453207016, 0.5695919990539551], [1.0534183979034424, 0.20314809679985046], [-1.1684985160827637, -0.5666147470474243], [-0.7775846123695374, 0.5790783166885376]], [[0.6016912460327148, -0.36741262674331665], [1.263763189315796, -0.21697799861431122], [1.3132191896438599, 0.31225913763046265], [1.3535404205322266, -0.14979948103427887], [1.3636857271194458, 0.13243350386619568]], [[0.45622217655181885, 0.5501894354820251], [-0.5823219418525696, -0.4140324592590332], [-1.1649144887924194, 0.05434306338429451], [-0.09006095677614212, 0.23874086141586304], [0.2374744564294815, 0.14809547364711761]], [[-0.2297307401895523, 0.5718773007392883], [-0.006922960747033358, -0.16165713965892792], [-0.05781306326389313, 0.5657432675361633], [1.13224196434021, -0.12214340269565582], [-0.024517370387911797, -0.3275568187236786]], [[1.0993674993515015, 0.1347457319498062], [0.5335786938667297, 0.5328154563903809], [-0.546055018901825, -0.256233274936676], [-0.5254144072532654, 0.04245363920927048], [-0.4854242205619812, -0.5724077820777893]], [[1.1706663370132446, -0.5693477392196655], [0.12485259771347046, -0.3716188967227936], [-0.8363231420516968, 0.5873414874076843], [0.08368109911680222, -0.5573515892028809], [-1.0536450147628784, 0.15769708156585693]]], [[[0.2586085796356201, 0.45238152146339417], [-0.8640922904014587, 0.5765932202339172], [-0.9994461536407471, -0.5568140149116516], [0.4782213270664215, 0.5778337717056274], [-1.0291517972946167, 0.5483344197273254]], [[0.3135952949523926, 0.4686601459980011], [0.47356876730918884, 0.23158663511276245], [0.22962985932826996, -0.5352734923362732], [1.2620725631713867, -0.2756880521774292], [0.41423067450523376, 0.6035107970237732]], [[1.1775918006896973, 0.5541313886642456], [1.179391622543335, -0.5622591376304626], [-0.27168652415275574, -0.5334281325340271], [-0.3016190826892853, 0.44977256655693054], [-0.011670411564409733, 0.5684031844139099]], [[0.3305121958255768, 0.3408997058868408], [-0.5902972221374512, -0.16692301630973816], [0.7382695078849792, 0.18717490136623383], [1.2819437980651855, 0.6985854506492615], [0.34859970211982727, 0.6828604936599731]], [[-1.151883840560913, 0.023107564076781273], [-0.35983654856681824, 0.5801780819892883], [-1.1736071109771729, 0.574723482131958], [0.2885673940181732, 0.5762549638748169], [0.8114500641822815, 0.4618549346923828]], [[1.0913212299346924, -0.1726558804512024], [-0.015335443429648876, 0.4808075726032257], [0.032234642654657364, -0.5821489095687866], [0.7606304883956909, -0.6002224087715149], [0.7239062786102295, -0.6197521090507507]], [[1.1726298332214355, 0.07001912593841553], [0.6448917388916016, -0.4474208354949951], [-1.1747727394104004, 0.23424601554870605], [-0.18305005133152008, 0.19374090433120728], [1.1856768131256104, -0.5427489280700684]], [[1.146878957748413, 0.2897205650806427], [-0.9503363370895386, -0.5420865416526794], [-0.35559430718421936, -0.5749332904815674], [1.0944074392318726, 0.5569677948951721], [0.3229314088821411, -0.5728790760040283]], [[-0.6015031933784485, -0.5409185886383057], [0.9547406435012817, 0.3720432221889496], [-0.022588979452848434, 0.28871455788612366], [0.8680797815322876, 0.133551225066185], [1.2242112159729004, -0.5996857285499573]], [[-1.031356930732727, -0.24268850684165955], [-0.9703397154808044, -0.572191596031189], [-1.1590616703033447, 0.39019444584846497], [-0.38083457946777344, -0.5070614218711853], [-0.8139369487762451, 0.5862305164337158]]], [[[0.2965089976787567, -0.5798854231834412], [0.8209936618804932, 0.5582867860794067], [-1.1701111793518066, -0.5147718191146851], [-1.1646183729171753, -0.26280155777931213], [0.14691877365112305, 0.2613019645214081]], [[1.1726624965667725, 0.5634594559669495], [0.6829867362976074, -0.5880488753318787], [0.29695743322372437, -0.5808221697807312], [-1.1745257377624512, 0.5669118165969849], [-0.19516189396381378, 0.38440924882888794]], [[-1.175852656364441, 0.5085403323173523], [-0.21548500657081604, -0.26858577132225037], [0.8343660831451416, 0.5709154605865479], [0.13955168426036835, 0.5763909220695496], [-0.8496689796447754, 0.5322099924087524]], [[1.2379666566848755, -0.6425819396972656], [1.266667366027832, -0.6658509373664856], [1.2760387659072876, -0.6845731735229492], [1.275999903678894, -0.7001144886016846], [0.8301018476486206, -0.7187564373016357]], [[1.1752904653549194, 0.5700051188468933], [0.32613813877105713, 0.550979733467102], [-0.9153527617454529, 0.20561406016349792], [-0.6660758852958679, -0.5775195360183716], [0.26243242621421814, -0.5702993869781494]], [[-0.37260106205940247, -0.43278053402900696], [0.9159370064735413, -0.3223767578601837], [-1.1630476713180542, 0.5557177066802979], [0.8553192019462585, -0.5318690538406372], [-0.6649990677833557, -0.20444804430007935]], [[1.1777498722076416, -0.6598387360572815], [0.8833272457122803, 0.32923266291618347], [0.3572133183479309, -0.6983001828193665], [1.1954103708267212, 0.30752646923065186], [0.140509232878685, 0.35324782133102417]], [[-0.19629482924938202, -0.3545251190662384], [-0.8147488832473755, -0.1853943169116974], [1.1867090463638306, 0.21067312359809875], [-0.7662792801856995, -0.5545542240142822], [-0.4352221190929413, -0.05416981130838394]], [[0.1355237513780594, -0.5804412961006165], [0.5657013654708862, -0.38296985626220703], [-0.7074651718139648, -0.10494111478328705], [-0.4127083718776703, -0.10836854577064514], [1.1525018215179443, -0.28819334506988525]], [[0.9566478133201599, 0.1297835111618042], [-0.1785842925310135, -0.46764135360717773], [0.6660696864128113, 0.5360545516014099], [0.9304037094116211, -0.23529262840747833], [-1.1930218935012817, -0.5541412234306335]]], [[[0.23257997632026672, 0.33514994382858276], [1.1488090753555298, 0.23943829536437988], [1.2525694370269775, 0.4680720865726471], [-0.1315808892250061, -0.6815630793571472], [1.2926595211029053, -0.4406982660293579]], [[0.475686252117157, 0.3891904950141907], [-0.8323714733123779, -0.13229988515377045], [-1.1248207092285156, 0.5180720686912537], [-0.36722448468208313, 0.04407306760549545], [-0.06834227591753006, 0.5614436268806458]], [[0.1623254418373108, 0.46912074089050293], [0.9766339063644409, 0.301392138004303], [1.1393910646438599, 0.0612734779715538], [-0.29475221037864685, -0.5045298933982849], [-1.175736904144287, -0.42839401960372925]], [[-0.35315823554992676, -0.38147416710853577], 