{"seeker_traj": {"trajectories": [[[-1.0680912733078003, -0.9312201142311096], [-0.8374208211898804, -0.7443112134933472], [-1.4267466068267822, -0.7147389054298401], [0.45470738410949707, -0.43631142377853394], [1.0639108419418335, -0.6714680790901184]], [[0.8324291110038757, 0.06386354565620422], [-0.4590144753456116, -0.828741192817688], [-1.1866225004196167, 0.8482675552368164], [-0.6344665884971619, -0.015352574177086353], [1.4680979251861572, -0.03933711349964142]], [[1.3431555032730103, 0.3812570571899414], [1.3850295543670654, 0.7918312549591064], [1.3324601650238037, 0.506010890007019], [1.5690256357192993, -0.8718076944351196], [0.8354808688163757, -0.8789711594581604]]]}, "hider_trajs": {"trajectories": [[[[1.253904104232788, 0.23325487971305847], [-0.9778647422790527, -0.4187922179698944], [1.1825777292251587, -0.23050501942634583], [-0.23154939711093903, -0.4748312830924988], [-0.8459042310714722, -0.5884485840797424]], [[0.48026803135871887, -0.9361298680305481], [-1.2687698602676392, -0.731139063835144], [0.0699853003025055, -0.5573830604553223], [0.8534858822822571, -0.5274913311004639], [-1.3518636226654053, 0.4586394727230072]], [[0.7350183129310608, -0.9009990096092224], [-0.15692634880542755, -0.5262755751609802], [0.8715283274650574, 0.3070421516895294], [0.44573602080345154, 0.6153260469436646], [-1.4435970783233643, 0.32377445697784424]], [[1.2482213973999023, -0.8747420310974121], [0.9275442361831665, -0.9052585363388062], [0.7782305479049683, -1.0698434114456177], [-1.1551802158355713, -0.9776363372802734], [-1.540534496307373, -0.694500207901001]], [[1.0690555572509766, 0.7152093052864075], [0.7854744791984558, 0.22899121046066284], [1.250881314277649, 0.5160033702850342], [1.368578314781189, -0.13661684095859528], [0.7754619121551514, -0.17557647824287415]], [[-0.7435042262077332, 0.21158988773822784], [0.8454619646072388, -0.3755910396575928], [-0.04268714785575867, 0.3804014325141907], [-1.2789727449417114, -0.6259236335754395], [1.256803035736084, -0.021579505875706673]], [[1.3433425426483154, -0.8838683366775513], [-0.4478050470352173, 0.5791447758674622], [0.7337473630905151, -0.5896304249763489], [1.1473217010498047, -0.8001039028167725], [-0.6127955913543701, -0.19882282614707947]], [[-0.18846409022808075, -0.16170626878738403], [-0.08457658439874649, -0.9155840277671814], [1.5825929641723633, -0.9848276376724243], [-1.4963321685791016, 0.45671379566192627], [0.1555611789226532, 0.13216173648834229]], [[0.8216407895088196, 0.01690281182527542], [-0.1892474889755249, -0.02038302831351757], [-0.7428833246231079, 0.768351137638092], [0.6338326930999756, 0.31980544328689575], [-1.2409478425979614, -1.0363215208053589]], [[-1.361357569694519, 0.30136922001838684], [0.457454115152359, -0.25151386857032776], [-1.2466763257980347, 0.210271954536438], [1.7365543842315674, 0.08547379076480865], [1.627098560333252, -0.1388702392578125]]], [[[-1.6364771127700806, -0.5196195840835571], [-0.7760887145996094, 0.5494757890701294], [-0.24256426095962524, -0.10557648539543152], [-1.3299695253372192, -0.5707290172576904], [1.2603896856307983, -0.7062622904777527]], [[0.1115950345993042, 0.5179938077926636], [0.45345672965049744, 0.9889935851097107], [0.9742838144302368, -0.14754819869995117], [1.6509556770324707, 0.45387002825737], [0.2441817820072174, -0.5944371819496155]], [[-0.10262730717658997, 0.35852888226509094], [-0.4073246717453003, 0.21907317638397217], [0.6921513080596924, -0.8910501003265381], [-0.06963517516851425, -0.9397882223129272], [0.10332831740379333, -0.8286743760108948]], [[-1.0427207946777344, -0.3249857425689697], [-0.6669310927391052, 0.8790691494941711], [0.23318935930728912, -0.7750938534736633], [1.235581398010254, 0.5544406771659851], [0.2721182703971863, 0.17455722391605377]], [[-0.04261014610528946, -0.87813401222229], [1.1236491203308105, 0.183290034532547], [1.3309106826782227, -0.677982747554779], [0.3766067326068878, -0.7613147497177124], [-0.1183972880244255, 0.7616146802902222]], [[1.1638597249984741, -0.5224978923797607], [-1.3727245330810547, 0.3050801753997803], [1.2856460809707642, 0.07200576364994049], [-0.8236967921257019, 0.9292696714401245], [0.5941964387893677, -0.28910794854164124]], [[1.4402954578399658, -0.04216570034623146], [0.7377877235412598, -0.18638640642166138], [0.5663219690322876, -0.1438991129398346], [1.1649090051651, -0.08571814745664597], [-1.7075978517532349, -1.0937440395355225]], [[0.44071269035339355, 0.9260249137878418], [0.10630445927381516, -0.05206470936536789], [-0.8266614079475403, -0.4839218556880951], [1.3203836679458618, 0.4340384006500244], [-0.4872238039970398, -0.8240578174591064]], [[1.5565111637115479, -0.00651627779006958], [1.548837423324585, -0.9040924310684204], [1.3312209844589233, -1.1801329851150513], [1.587937831878662, -0.9017515182495117], [-0.6639647483825684, -1.0588434934616089]], [[0.43615588545799255, -0.9450283050537109], [1.48243248462677, -0.08073041588068008], [1.49409019947052, -1.0443859100341797], [1.5209273099899292, -1.0255671739578247], [1.669607400894165, -1.0540473461151123]]], [[[-0.26114389300346375, -0.19234970211982727], [0.9073057174682617, 0.38574883341789246], [1.4870980978012085, -0.049384184181690216], [1.577126145362854, -0.17698998749256134], [1.4753379821777344, 0.05136173963546753]], [[0.6236554384231567, -0.5279183387756348], [0.8082713484764099, 0.22969260811805725], [1.3913795948028564, 0.7095730900764465], [-0.18572336435317993, 0.6198808550834656], [-0.8137394189834595, 0.4994606673717499]], [[1.782274603843689, -0.8759281635284424], [-0.17008748650550842, -1.241628885269165], [1.2622450590133667, -1.0195157527923584], [1.0291553735733032, 0.8030045032501221], [-0.29692280292510986, 0.12937763333320618]], [[-1.363649845123291, -0.5259678959846497], [-0.42254987359046936, -0.40900319814682007], [0.7725757360458374, -0.9862666130065918], [1.5488040447235107, 0.2826382517814636], [-0.16686318814754486, 0.3245156407356262]], [[-0.19868990778923035, 0.9216699004173279], [0.23849761486053467, 0.22727856040000916], [-1.5052623748779297, 0.15522070229053497], [1.3317735195159912, -0.21408021450042725], [0.17138303816318512, -0.3395683765411377]], [[-1.4872279167175293, 1.0376578569412231], [1.4924399852752686, -0.256394624710083], [1.1771577596664429, 0.5854013562202454], [1.2497990131378174, 0.751931369304657], [0.21836444735527039, 0.9001152515411377]], [[-0.07715899497270584, -0.4193984270095825], [-0.38239234685897827, 0.18623435497283936], [-0.5991824269294739, -0.4025062620639801], [1.0884968042373657, -0.1582058072090149], [1.5551338195800781, 0.3215501010417938]], [[-0.5836529731750488, 0.9783520102500916], [0.5494158267974854, -0.8824654817581177], [-0.7281339764595032, -0.13207323849201202], [-0.5354903340339661, 0.5116517543792725], [-1.0345203876495361, -0.21477355062961578]], [[0.9304068088531494, -0.2483789473772049], [-0.6729564666748047, 0.48174816370010376], [-0.6650296449661255, -0.3497539758682251], [-1.1980444192886353, 0.19931945204734802], [-1.2610787153244019, -0.8019100427627563]], [[-0.06053809076547623, -0.886125385761261], [0.5940478444099426, -0.66497403383255], [1.344069242477417, -0.45154526829719543], [0.06280509382486343, -0.5028024315834045], [-1.1263819932937622, -0.6902834177017212]]], [[[-0.6277134418487549, 0.2791052758693695], [-0.200525164604187, -0.30115029215812683], [-0.4480366110801697, -0.6432542204856873], [1.199053406715393, 0.2794957458972931], [-0.13083210587501526, -0.1637859046459198]], [[-0.7851152420043945, -0.3079625070095062], [1.4314388036727905, -0.5906897783279419], [-0.6562629342079163, 0.1309119164943695], [-0.952737033367157, -0.05980953946709633], [1.5714517831802368, -0.022265080362558365]], [[-0.0765652135014534, 0.7346552014350891], [1.453853964805603, 1.1054993867874146], [1.2673282623291016, 0.9985076785087585], [0.7490010261535645, 1.1775481700897217], [-0.008199422620236874, 0.8988403677940369]], [[1.2494378089904785, -0.6466835737228394], 