{"seeker_traj": {"trajectories": [[[-1.10329008102417, -0.5669461488723755], [-1.1133348941802979, -0.5743923187255859], [-0.005738485604524612, -0.5819826722145081], [0.8076568841934204, 0.13519108295440674], [0.5196249485015869, -0.5012766718864441]], [[-1.0535993576049805, 0.0833299458026886], [-1.0952614545822144, 0.569666862487793], [1.19957435131073, 0.4519568085670471], [1.2411965131759644, 0.3325934410095215], [1.2690763473510742, 0.6165692210197449]], [[-1.1057441234588623, 0.5159375071525574], [0.6301368474960327, 0.3663257658481598], [0.4974396824836731, -0.5408707857131958], [1.1916862726211548, -0.5985972285270691], [1.2335830926895142, -0.6426646113395691]]]}, "hider_trajs": {"trajectories": [[[[1.1597068309783936, -0.5863310098648071], [0.6689847707748413, 0.22507373988628387], [0.3037298321723938, -0.584643542766571], [0.5965250134468079, 0.5079231858253479], [-0.9654943346977234, -0.5400969982147217]], [[1.2097760438919067, -0.5963265299797058], [-0.5464730262756348, 0.08841360360383987], [1.1702677011489868, 0.5567675232887268], [-0.8413811922073364, -0.1710520088672638], [-0.9139301180839539, -0.4399266839027405]], [[1.1218994855880737, -0.5793123245239258], [1.1185675859451294, -0.557388186454773], [-0.8240660429000854, 0.25392502546310425], [-0.33547157049179077, 0.3111533224582672], [1.1132961511611938, -0.2967815697193146]], [[1.1536545753479004, -0.5716962814331055], [-0.042792096734046936, -0.5825498700141907], [1.2033336162567139, 0.46017706394195557], [0.6790977120399475, -0.021783940494060516], [1.0382568836212158, 0.4382692575454712]], [[1.1510049104690552, -0.5939798355102539], [0.6553650498390198, -0.6058939695358276], [-0.9634515643119812, -0.6148011684417725], [-0.07516785711050034, -0.6168924570083618], [0.5172085165977478, -0.6188791394233704]], [[1.1420137882232666, -0.5331531167030334], [1.1280702352523804, 0.5392147898674011], [-0.570203423500061, 0.14990675449371338], [-0.5929960012435913, 0.27642306685447693], [-0.6200937628746033, 0.5593098402023315]], [[1.2052947282791138, -0.6250753402709961], [1.2491734027862549, -0.6959396004676819], [1.2994153499603271, -0.7644996047019958], [1.3462203741073608, -0.8258060216903687], [1.38905668258667, -0.8807684183120728]], [[1.1874234676361084, -0.4530540704727173], [-0.10365870594978333, 0.277413547039032], [0.6327565908432007, 0.6406129002571106], [0.9202796816825867, 0.6301606297492981], [0.013209251686930656, 0.4790859818458557]], [[1.1428998708724976, -0.5628300309181213], [1.1692373752593994, -0.5703657269477844], [-0.42219001054763794, 0.21873964369297028], [1.1637566089630127, -0.5737630724906921], [-0.5944558382034302, -0.5303805470466614]], [[1.116283655166626, -0.5681694149971008], [-0.5089077353477478, 0.4953022599220276], [0.2998862862586975, -0.55646812915802], [-0.9509915709495544, -0.04384016990661621], [-0.6477782130241394, -0.48000338673591614]]], [[[1.3102636337280273, 0.7124910354614258], [1.3749970197677612, 0.7901929020881653], [1.4128121137619019, 0.8317792415618896], [1.4233936071395874, 0.8450403809547424], [1.411612868309021, 0.8352605104446411]], [[1.1400283575057983, -0.7126069068908691], [-1.1980335712432861, -0.7325261235237122], [-1.2277809381484985, -0.7341408729553223], [-0.4689163863658905, -0.7104602456092834], [-0.47294819355010986, -0.6714536547660828]], [[1.1221108436584473, -0.482567697763443], [-1.1558440923690796, -0.4393743872642517], [-1.1529890298843384, -0.07061059772968292], [-0.9202752113342285, -0.4346199035644531], [-0.35482510924339294, -0.5467227101325989]], [[1.1568200588226318, -0.34383854269981384], [-1.160395860671997, 0.5714659690856934], [-1.1681749820709229, -0.038401711732149124], [-1.155232310295105, 0.5589232444763184], [0.4540196359157562, -0.5281450152397156]], [[1.1406539678573608, -0.5243563652038574], [0.08260633051395416, -0.4374040961265564], [1.192271113395691, 0.4782007038593292], [-0.5951683521270752, 0.3281056880950928], [1.2397606372833252, -0.27661973237991333]], [[1.1368350982666016, -0.492562472820282], [-0.7377440333366394, 0.39265263080596924], [-1.0159293413162231, 0.6013799905776978], [-1.0234049558639526, 0.6057219505310059], [1.17182195186615, -0.0036978672724217176]], [[1.0430569648742676, -0.43325817584991455], [-1.2378391027450562, 0.5190116763114929], [0.6373652815818787, -0.129102885723114], [-0.12927499413490295, 0.2502706050872803], [0.2763301134109497, 0.3953450918197632]], [[1.1176786422729492, -0.4264349639415741], [0.6116360425949097, -0.4581097960472107], [0.28441497683525085, -0.3608301281929016], [-0.40984731912612915, 0.5617175102233887], [-0.3814302086830139, -0.15439727902412415]], [[1.126433253288269, -0.43607082962989807], [0.21867839992046356, 0.404477059841156], [-0.8553867936134338, 0.47279125452041626], [-0.7374942898750305, -0.3063516318798065], [1.1412060260772705, 0.44826990365982056]], [[1.0322306156158447, -0.3133828639984131], [-0.23184449970722198, -0.3473632037639618], [1.0013091564178467, 0.37309354543685913], [-1.1379636526107788, 0.6299062967300415], [0.36984559893608093, -0.46094179153442383]]], [[[1.179979681968689, 0.0608690083026886], [-0.6614933013916016, -0.44137683510780334], [0.1147177591919899, -0.4014463424682617], [-0.8841238617897034, 0.5745441317558289], [0.9956341981887817, 0.4478955566883087]], [[1.2178434133529663, 0.009137912653386593], [-1.0577634572982788, -0.3856421113014221], [1.194124698638916, -0.49228155612945557], [0.060169897973537445, 0.2857637107372284], [-1.166569471359253, -0.2827800512313843]], [[1.158004641532898, 0.22073251008987427], [0.6703911423683167, 0.5240655541419983], [-0.7478881478309631, -0.07591088861227036], [1.155372142791748, -0.15503384172916412], [-0.6169676780700684, 0.34148529171943665]], [[1.1885082721710205, -0.3664132356643677], [0.33002668619155884, -0.6277648210525513], [-0.027695326134562492, 0.4625677168369293], [1.1866471767425537, -0.3708473742008209], [1.0014983415603638, 0.640831470489502]], [[1.174193263053894, -0.08072642982006073], [-0.6175897717475891, -0.5692473649978638], [0.6415709257125854, -0.5784512162208557], [1.1760152578353882, -0.577250599861145], [0.726118266582489, 0.4433513879776001]], [[1.1177563667297363, -0.048065077513456345], [-1.162759780883789, 0.5356715321540833], [-1.1550474166870117, 0.4149214029312134], [-0.1746535748243332, -0.10001902282238007], [0.6275854706764221, 0.5387015342712402]], [[1.1515265703201294, -0.031772248446941376], [0.2947044372558594, -0.018945813179016113], [0.5902200937271118, 0.30142277479171753], [0.7098575830459595, 0.49996712803840637], [-0.8008988499641418, -0.0022369169164448977]], [[1.1289633512496948, -0.03812888264656067], [-0.22949561476707458, -0.5659975409507751], [-1.1049609184265137, 0.1893858015537262], [-0.30721667408943176, -0.5527331829071045], [-0.4331647753715515, 0.1259118914604187]], [[1.1743918657302856, 0.013813991099596024], [1.0961390733718872, -0.5453370809555054], [1.2164394855499268, -0.40341559052467346], [0.9613789916038513, 0.5058480501174927], [-0.3817462623119354, 0.5570422410964966]], [[1.1779052019119263, -0.5118853449821472], [1.1813510656356812, -0.6068223118782043], [1.1894985437393188, -0.6605599522590637], [1.1591026782989502, -0.7151866555213928], [0.8943353295326233, -0.7543486952781677]]], [[[1.1829627752304077, 0.39444226026535034], [0.617542564868927, 0.5739042162895203], [1.1835944652557373, 0.5828647017478943], [0.0666201114654541, -0.013201119378209114], [1.1049234867095947, -0.3061128556728363]], [[1.276554822921753, 0.7087171077728271], [1.1491955518722534, 0.7376390099525452], [1.299811601638794, 0.7513187527656555], [-0.18416517972946167, 0.7397578358650208], [0.5044451951980591, 0.6938125491142273]], [[1.1491247415542603, 0.40184077620506287], [1.1453982591629028, -0.4330354630947113], [-1.1360665559768677, 0.2564648389816284], [-0.46534278988838196, -0.07161545753479004], [-1.1449047327041626, -0.48609066009521484]], [[1.1507173776626587, 0.41930633783340454], [0.8294527530670166, 