{"seeker_traj": {"trajectories": [[[1.199427843093872, -0.2980068624019623], [0.8146713376045227, -0.9927249550819397], [1.4386235475540161, -0.7611569762229919], [1.397023320198059, -0.6274976134300232], [0.8922296166419983, -0.7937180995941162]], [[-1.0651588439941406, -0.6481793522834778], [0.5628259778022766, -0.02173711359500885], [1.0946904420852661, 0.6212395429611206], [1.3107670545578003, 0.7913115620613098], [1.7351269721984863, 0.8842055201530457]], [[-1.2484968900680542, 0.816367506980896], [0.10626140236854553, 0.5248364806175232], [-1.474848985671997, 0.6136502027511597], [0.08204486221075058, 0.6975454688072205], [0.38848841190338135, 0.9770618677139282]]]}, "hider_trajs": {"trajectories": [[[[0.3796328902244568, -0.6963536143302917], [-0.08680184185504913, 1.0677087306976318], [0.21008028090000153, -0.8789255619049072], [-0.5104337334632874, -0.9554006457328796], [0.36497819423675537, 0.5244269371032715]], [[-1.2156014442443848, -0.972331702709198], [1.1061469316482544, 0.8055760860443115], [-0.4193909168243408, -0.45672065019607544], [0.8950349688529968, -0.3561692535877228], [1.0062059164047241, 1.028813123703003]], [[-0.5931066274642944, 0.28091734647750854], [-0.7349761724472046, 0.7092540860176086], [1.3958125114440918, 0.677757203578949], [1.405609130859375, -0.10656176507472992], [-0.5532565712928772, -0.023277372121810913]], [[0.3263639509677887, -0.41295501589775085], [-0.42617058753967285, 0.2585492432117462], [-0.4437767267227173, 0.10948637127876282], [1.6778749227523804, -0.1815798580646515], [-0.20694111287593842, -0.862882137298584]], [[1.5029739141464233, 0.4784715473651886], [1.5580697059631348, -0.927436888217926], [1.5362112522125244, -1.0894430875778198], [2.061185598373413, -0.7766735553741455], [2.4584743976593018, -1.0970463752746582]], [[1.2012578248977661, -1.1084895133972168], [-1.5532923936843872, 0.5355521440505981], [1.1883478164672852, -0.5764058232307434], [1.4504694938659668, 0.9713802337646484], [1.2393544912338257, -0.29212772846221924]], [[0.7554914951324463, -0.5646771788597107], [0.9034022092819214, -0.5295118093490601], [1.531952977180481, -0.7652564644813538], [1.2290611267089844, 0.26742860674858093], [-1.5123146772384644, -0.8811209797859192]], [[0.15960285067558289, -0.7678694725036621], [-1.324053406715393, -0.5879652500152588], [0.8444150686264038, 0.4385530650615692], [0.6036850214004517, 0.5867319107055664], [0.8684148788452148, -0.021566040813922882]], [[1.6442501544952393, -0.678840160369873], [1.5463945865631104, -0.9258599281311035], [1.5854582786560059, -1.3289086818695068], [1.136104941368103, -1.5066627264022827], [1.5239739418029785, -1.9611622095108032]], [[1.3372660875320435, -0.49029046297073364], [1.6532998085021973, -1.0195577144622803], [1.503848910331726, -1.062359094619751], [0.44481751322746277, -1.0689986944198608], [0.6253185272216797, -1.2531673908233643]]], [[[-0.285751074552536, 0.4592197835445404], [-0.4249914288520813, -0.0956425666809082], [-1.5009279251098633, -0.7540268898010254], [1.5031005144119263, 0.41508257389068604], [0.017332427203655243, -0.1365412473678589]], [[1.0274549722671509, 0.025598522275686264], [1.2697731256484985, 0.3041589856147766], [1.5365742444992065, -0.8866637945175171], [1.6768519878387451, -0.4044128358364105], [1.0739481449127197, 0.20938262343406677]], [[0.14958617091178894, 1.0051207542419434], [1.4100570678710938, 0.8137221336364746], [1.3853049278259277, 0.9737452268600464], [1.817726969718933, 1.3501310348510742], [2.1313655376434326, 1.057288646697998]], [[1.2525938749313354, 0.7782131433486938], [-0.00539802573621273, 0.01690840721130371], [1.2828590869903564, -0.5362183451652527], [0.762793779373169, 0.463956356048584], [1.2567962408065796, 0.24796445667743683]], [[-1.013017177581787, -0.666500449180603], [0.36140355467796326, 0.08498780429363251], [-0.9698690176010132, -0.23226110637187958], [-1.475322961807251, 0.32063645124435425], [0.022370994091033936, -0.4024823307991028]], [[-0.5403949022293091, -0.03810110688209534], [1.420329213142395, 0.36446136236190796], [0.6582266688346863, 0.7095398902893066], [0.983673095703125, 0.5551021695137024], [1.5357067584991455, -0.748650848865509]], [[0.29664701223373413, 0.691622793674469], [1.4218310117721558, 0.5411545038223267], [-0.722436785697937, -0.7744141817092896], [0.23290462791919708, 0.869693398475647], [0.9259588718414307, -0.7027493715286255]], [[0.4516826272010803, 0.6901716589927673], [-0.7894825339317322, -0.7484500408172607], [1.3927476406097412, 0.24512016773223877], [1.2737367153167725, -0.2906090319156647], [1.252522349357605, 0.32256948947906494]], [[0.27429521083831787, 0.5701649188995361], [0.9787390232086182, -0.6540796756744385], [-0.18851503729820251, -0.1151106208562851], [-1.4534907341003418, 0.4058178961277008], [-1.3910927772521973, 0.7456180453300476]], [[-0.7729370594024658, -0.1333795189857483], [-1.0127506256103516, -0.4331683814525604], [0.1975744664669037, -0.6800464391708374], [1.2564210891723633, 0.952950119972229], [0.9186126589775085, 0.7004444599151611]]], [[[-1.5304889678955078, -0.4942797124385834], [1.4705631732940674, -0.4241706132888794], [0.39324796199798584, 0.13174502551555634], [-0.3029794692993164, 0.8392457962036133], [0.6773714423179626, -0.13700860738754272]], [[0.8644262552261353, 0.019544124603271484], [-0.8326822519302368, 1.086119294166565], [-1.0899195671081543, -0.04760903865098953], [0.40711918473243713, 0.5614393949508667], [1.0474867820739746, 0.08327484875917435]], [[-1.6828713417053223, -0.14858223497867584], [1.1850650310516357, -0.20846132934093475], [-1.0815449953079224, 0.027910757809877396], [1.6006489992141724, -0.1988547444343567], [-0.0483526885509491, -0.10897251963615417]], [[1.762693166732788, 0.6602654457092285], [1.608023762702942, 0.7427131533622742], [1.7161943912506104, 0.9295915961265564], [1.407261610031128, 1.6207637786865234], [1.1645777225494385, 1.9470860958099365]], [[0.5846918225288391, -0.24566584825515747], [0.20465832948684692, -0.9141331911087036], [1.316977620124817, -0.7519243955612183], [-0.4499526023864746, -0.41409727931022644], [0.8444433808326721, 0.25321441888809204]], [[0.7303522825241089, -0.555392861366272], [0.3501847982406616, 0.039193131029605865], [-0.025431782007217407, 0.7331563234329224], [-0.5877434015274048, -0.8612425327301025], [1.5063890218734741, -0.9101980328559875]], [[1.2037240266799927, 0.7628747820854187], [1.4314031600952148, 0.513634204864502], [0.7952003479003906, 1.1219456195831299], [1.4894087314605713, 1.4293630123138428], [-1.5514453649520874, 1.2725728750228882]], [[1.2599592208862305, 0.5171147584915161], [-0.7761304378509521, 0.704848051071167], [0.4832371771335602, 0.2340860217809677], [-0.20433014631271362, 0.5929862856864929], [1.5384241342544556, -0.4634358286857605]], [[1.1248949766159058, -0.2942098379135132], [1.5782002210617065, 0.68199223279953], [0.4693770408630371, -0.705226480960846], [-0.6564328074455261, 0.1903769075870514], [-0.7488609552383423, 0.11147762835025787]], [[0.4081423282623291, -0.8977463245391846], [1.6578267812728882, -0.9822179079055786], [-0.6851253509521484, 0.241642564535141], [0.8042877912521362, 0.1726284921169281], [-0.22858527302742004, -0.5971544981002808]]], [[[0.4005383849143982, -0.3740635812282562], [1.1036112308502197, -0.449931800365448], [-0.07421476393938065, -0.15438880026340485], [0.5976138114929199, -0.8547059893608093], [-0.5999352335929871, 0.22020021080970764]], [[1.227142333984375, 0.6506646275520325], [1.4396603107452393, -0.9557858109474182], [0.3886420726776123, 0.25962963700294495], [-0.9228769540786743, -0.9143211841583252], [1.552376389503479, -0.14750847220420837]], [[-1.184097170829773, -0.22550584375858307], [0.9415513277053833, 0.8418018221855164], [0.9228633046150208, -0.1535683274269104], [0.24110440909862518, 0.5355201959609985], [-1.1274406909942627, -0.32715916633605957]], [[0.606183648109436, 0.337449312210083], [0.8902770280838013, 0.7183010578155518], [1.5453331470489502, 