{"seeker_traj": {"trajectories": [[[-0.4993589222431183, -0.03295598179101944], [0.512703537940979, -0.9462526440620422], [-0.4169386029243469, 0.6084222197532654], [0.6861116886138916, 0.4522715210914612], [1.3979603052139282, 0.3842431306838989]], [[0.00392267107963562, 0.2048770934343338], [-1.438193917274475, 0.17186933755874634], [-0.8066099882125854, -0.5807552337646484], [0.6838661432266235, -0.8526701927185059], [-0.1013452559709549, -0.7945153713226318]], [[1.1656079292297363, 0.5661493539810181], [1.3251715898513794, 0.709992527961731], [1.39960515499115, -0.38336053490638733], [1.5622591972351074, -0.6640701293945312], [1.433850884437561, -0.9125168919563293]]]}, "hider_trajs": {"trajectories": [[[[0.9065752029418945, -0.09881584346294403], [1.4726128578186035, -0.3548393249511719], [-0.10174499452114105, -0.21878743171691895], [1.3580015897750854, -0.22941605746746063], [-0.06627479195594788, 0.45326855778694153]], [[0.2593560516834259, -0.8608096837997437], [0.879149854183197, 0.011638998985290527], [0.9164876937866211, -0.6160061359405518], [-0.2635535001754761, 0.17690995335578918], [0.5734724998474121, -1.01116943359375]], [[0.0041105300188064575, 0.662376880645752], [1.234976053237915, 0.35574495792388916], [0.45070478320121765, 0.8099207282066345], [-0.957785964012146, -0.5276602506637573], [-0.5084784626960754, 0.2450929880142212]], [[-0.6447880268096924, 0.776666522026062], [-0.9126896858215332, -0.2736818194389343], [1.4953721761703491, 1.0802817344665527], [-0.386122465133667, -0.5227094888687134], [1.2154455184936523, 0.8671896457672119]], [[1.1801848411560059, -0.8931055665016174], [-0.5355888605117798, -1.0961344242095947], [-0.6604430675506592, -1.0299124717712402], [-0.11958419531583786, -1.0390164852142334], [-0.9792025685310364, -0.6213341951370239]], [[0.11372481286525726, -0.6681122183799744], [1.2348889112472534, -0.31950151920318604], [-1.4056605100631714, 0.7226572036743164], [-0.38833606243133545, -0.574332058429718], [1.276900053024292, 0.8434766530990601]], [[1.0728042125701904, 0.31734782457351685], [1.5881868600845337, -0.385754257440567], [1.6915056705474854, -0.7220245003700256], [1.8703980445861816, -1.0767090320587158], [3.0381510257720947, -0.7686359882354736]], [[-0.39225488901138306, 0.5185767412185669], [-0.18624822795391083, -0.12767748534679413], [0.9825586080551147, -0.6964065432548523], [0.4269601106643677, 0.7168802618980408], [0.6816997528076172, -0.5610079169273376]], [[1.3578232526779175, -0.24599945545196533], [1.0842303037643433, -1.0816739797592163], [1.7193150520324707, -1.0685087442398071], [2.318218946456909, -0.8687050342559814], [2.174057722091675, -0.7520278096199036]], [[-1.1683090925216675, -0.3401232957839966], [1.6467952728271484, 0.07334931939840317], [0.8929795026779175, -0.6738766431808472], [-1.2282005548477173, -0.4339250922203064], [1.3570605516433716, -0.17684781551361084]]], [[[1.5997028350830078, 0.11443568766117096], [1.4492181539535522, 0.877922534942627], [1.575646996498108, 0.9737921953201294], [1.9156181812286377, 1.041477084159851], [2.5944225788116455, 0.8117149472236633]], [[1.3972222805023193, 0.36168330907821655], [1.5349678993225098, 0.6699792146682739], [1.2566241025924683, 0.3114960789680481], [-0.8283418416976929, 0.009146184660494328], [-1.0654257535934448, 0.028473924845457077]], [[-1.2945996522903442, -1.169607162475586], [1.582200288772583, -0.9586653113365173], [1.5080677270889282, -0.9995726346969604], [0.6661725044250488, -1.871526837348938], [-0.5079136490821838, -1.163619041442871]], [[-0.40385758876800537, 0.20417118072509766], [-0.767086386680603, -0.21359828114509583], [1.0493602752685547, 0.5958881378173828], [-0.9832131266593933, -0.28758004307746887], [-0.4411377012729645, -0.23070278763771057]], [[1.2813373804092407, -0.3192548155784607], [0.9629024267196655, -0.2633991539478302], [1.3246824741363525, -0.22029373049736023], [0.430175244808197, 0.2299802452325821], [-1.3446234464645386, 0.8193163871765137]], [[1.38499116897583, 0.7699409127235413], [-0.9819571375846863, 0.5704654455184937], [-1.4928618669509888, -0.7058209776878357], [1.5770981311798096, 0.11781777441501617], [1.6132047176361084, 1.118747353553772]], [[0.3335666060447693, -0.7640527486801147], [0.5859799385070801, -0.3302355408668518], [1.5203038454055786, -0.9519068002700806], [-0.19142112135887146, -0.21614505350589752], [0.430547833442688, 0.05208141356706619]], [[1.6037176847457886, 0.9367225766181946], [-0.7051736116409302, 0.15639659762382507], [-1.7185988426208496, 0.08295941352844238], [1.5276000499725342, -0.10484057664871216], [1.0487945079803467, 0.8502148389816284]], [[-0.8959838151931763, 0.04539981484413147], [0.7815650105476379, 0.8896568417549133], [0.1962897926568985, -0.038063447922468185], [0.50395268201828, -0.579200804233551], [-0.452614426612854, 0.5548500418663025]], [[1.2705862522125244, -0.010114200413227081], [0.6365769505500793, -0.3954298496246338], [1.389965295791626, 0.9333721399307251], [-1.4307215213775635, -0.6772051453590393], [1.5368521213531494, 0.9987474083900452]]], [[[0.9695696234703064, 0.31192320585250854], [-1.5402146577835083, 0.5326445698738098], [1.0210803747177124, -0.7496424317359924], [1.5170178413391113, 0.8678049445152283], [0.16743969917297363, 0.753419816493988]], [[0.47695422172546387, 0.6771531701087952], [-1.3312089443206787, -0.7200911045074463], [0.816493570804596, -0.19530437886714935], [-0.40098899602890015, 0.22705534100532532], [0.2787434458732605, 0.10986845940351486]], [[-1.5574647188186646, -0.8785035014152527], [-0.02971172332763672, 0.3901301324367523], [0.4940357804298401, 0.5560882091522217], [0.4973568916320801, -0.4850980341434479], [-1.3686312437057495, -0.23131045699119568]], [[1.2793697118759155, 0.9662924408912659], [-1.404994010925293, -0.0177806094288826], [0.18588845431804657, 0.24952667951583862], [0.24041748046875, 0.9993067979812622], [-0.26809635758399963, -0.15705248713493347]], [[-0.3533724248409271, 0.44090938568115234], [-0.4504324197769165, 0.4188648462295532], [0.3465369939804077, 0.029286151751875877], [0.7120040655136108, 0.30984488129615784], [-1.6171927452087402, -0.5172628164291382]], [[-1.5906678438186646, -0.2950238287448883], [-0.9167652130126953, 0.38033419847488403], [-0.8069669604301453, -1.0769625902175903], [1.1233359575271606, 0.4541812539100647], [-0.7802029848098755, -0.8915529251098633]], [[-0.986588716506958, 0.151067852973938], [-0.5543517470359802, 0.9738760590553284], [0.899850606918335, -0.09958119690418243], [1.1476134061813354, -0.4731389582157135], [0.11315902322530746, -0.384805828332901]], [[1.40644109249115, 0.7006527185440063], [0.9449818134307861, 1.0155799388885498], [0.7687698006629944, 0.5710320472717285], [0.8689534664154053, 0.9969515204429626], [0.38369476795196533, 1.2704166173934937]], [[-0.1704721748828888, -0.6526681184768677], [0.9435015916824341, 0.8678865432739258], [0.9056718945503235, 0.998698353767395], [1.4863404035568237, 0.6890129446983337], [0.9760820269584656, -0.9768686890602112]], [[1.4034980535507202, 0.21123698353767395], [0.7137923240661621, -1.136513352394104], [1.4964072704315186, -1.0719050168991089], [1.7497003078460693, -1.667271614074707], [1.5016456842422485, -1.854141116142273]]], [[[1.294669270515442, 0.19121554493904114], [1.6381510496139526, -0.1942487210035324], [0.20322008430957794, 0.17387360334396362], [0.5349380970001221, -0.12418635189533234], [1.091186761856079, -0.4906104803085327]], [[1.2869229316711426, 0.7228368520736694], [1.1691714525222778, 1.0314472913742065], [1.6199569702148438, 1.3965140581130981], [-0.9252957701683044, 1.1579222679138184], [-0.3724091053009033, 1.546980381011963]], [[1.2542847394943237, -0.3394833505153656], [1.2627007961273193, 0.3820844888687134], [0.557687520980835, 0.6413342952728271], [1.328844666481018, 0.37365707755088806], [0.6262387037277222, 0.911279559135437]], [[-0.035514820367097855, -0.2476583570241928], [1.3313199281692505, 0.2772332429885864], [-0.010348394513130188, 