{"seeker_traj": {"trajectories": [[[-1.2765487432479858, -0.6932759881019592], [-1.2780427932739258, -0.7120724320411682], [-0.08270998299121857, -0.3302600085735321], [0.8777846097946167, 0.5402933955192566], [0.5901606678962708, -0.4169939458370209]], [[-1.2848197221755981, -0.07169733196496964], [-1.2982717752456665, 0.6726441383361816], [1.2806364297866821, 0.6944449543952942], [1.2192485332489014, 0.6992005705833435], [1.2378236055374146, -0.06162295490503311]], [[-1.2860361337661743, 0.6456111073493958], [0.6090199947357178, 0.523365318775177], [0.1495305746793747, -0.7234299778938293], [1.1912163496017456, -0.12769421935081482], [1.2954261302947998, 0.632289707660675]]]}, "hider_trajs": {"trajectories": [[[[1.2524654865264893, -0.6929419040679932], [0.3574334383010864, 0.4887181222438812], [0.055097997188568115, -0.6673154830932617], [0.36592385172843933, 0.6717043519020081], [-0.9697782397270203, -0.6996535062789917]], [[1.2841804027557373, -0.6718349456787109], [-0.691666841506958, 0.12256485223770142], [1.0775035619735718, 0.5758767127990723], [-0.951452910900116, -0.2506054937839508], [-0.9125994443893433, -0.27366313338279724]], [[1.2939929962158203, -0.7307732105255127], [1.315580129623413, -0.5676320791244507], [-0.8570570349693298, 0.23108737170696259], [-0.4862537682056427, 0.15565094351768494], [0.9016052484512329, -0.6420145034790039]], [[1.2853196859359741, -0.6635659337043762], [-0.15944619476795197, -0.6764288544654846], [1.0940852165222168, 0.6911002397537231], [0.15429498255252838, -0.09697621315717697], [-0.06035768240690231, -0.0662146583199501]], [[1.3000415563583374, -0.7510683536529541], [0.45351240038871765, -0.7854241132736206], [-1.093558669090271, -0.719860315322876], [-0.20694103837013245, -0.8467941880226135], [0.5761616826057434, -0.8481555581092834]], [[1.28177011013031, -0.6347128748893738], [1.2900056838989258, 0.7421850562095642], [-0.5031476020812988, 0.24930061399936676], [-0.5162469148635864, 0.4001862406730652], [-0.607624888420105, 0.703375518321991]], [[1.307888388633728, -0.6558764576911926], [1.1966480016708374, -0.7353225350379944], [0.45076075196266174, -0.7774026989936829], [1.4285824298858643, -0.5627950429916382], [1.432094931602478, -0.4518581032752991]], [[1.2772762775421143, -0.6452524065971375], [-0.2983423173427582, 0.04957791417837143], [0.1749543994665146, 0.708268404006958], [0.6742746829986572, 0.6065368056297302], [0.01577799767255783, 0.3884211778640747]], [[1.2656289339065552, -0.6681565046310425], [1.2887729406356812, -0.6973268389701843], [-0.5190513134002686, 0.3389344811439514], [1.3187270164489746, -0.6060373187065125], [-0.6801329255104065, -0.4456923007965088]], [[1.2870173454284668, -0.6841133832931519], [-0.5396491289138794, 0.646622896194458], [0.1619299352169037, -0.6762177348136902], [-1.14369797706604, -0.11620811372995377], [-0.7163098454475403, -0.4458029866218567]]], [[[1.3028671741485596, -0.36142846941947937], [1.056379795074463, 0.7336351871490479], [1.3842947483062744, 0.72496098279953], [0.2890270948410034, 0.8181300163269043], [1.436171054840088, 0.6934618353843689]], [[1.302813172340393, -0.32495078444480896], [-1.0359190702438354, -0.3902796804904938], [-1.2860016822814941, -0.6932249069213867], [-0.03643692284822464, -0.45928218960762024], [-0.024293795228004456, 0.6739413738250732]], [[1.2687816619873047, -0.5460799336433411], [-1.3273811340332031, -0.5650718212127686], [-1.32137131690979, -0.1400926262140274], [-0.8621070384979248, -0.5024417042732239], [-0.3388502597808838, -0.6911043524742126]], [[1.2561813592910767, -0.5815603137016296], [-1.2970861196517944, 0.6221272945404053], [-1.2999571561813354, -0.21742495894432068], [-1.330686092376709, 0.6808094382286072], [0.3477444648742676, -0.6775913834571838]], [[1.3068773746490479, -0.456463098526001], [-0.03632955253124237, -0.33886587619781494], [1.2830383777618408, 0.46518614888191223], [-0.7801894545555115, 0.383684903383255], [1.139674186706543, -0.29661986231803894]], [[1.278367519378662, -0.3841402530670166], [-0.7019376754760742, 0.30542808771133423], [-1.1682829856872559, 0.7105743288993835], [-1.25770902633667, 0.6994876265525818], [1.230360984802246, -0.040822770446538925]], [[1.294169306755066, -0.3845177888870239], [-1.2530187368392944, 0.3633204698562622], [0.7255862951278687, -0.5224775075912476], [-0.014384537003934383, 0.008859507739543915], [0.3609035313129425, 0.34117352962493896]], [[1.2483015060424805, -0.465614378452301], [0.6643154621124268, -0.4784981906414032], [0.26629117131233215, -0.3587172031402588], [-0.4490617513656616, 0.6584109663963318], [-0.37390923500061035, -0.17583729326725006]], [[1.228515863418579, -0.3524108827114105], [0.1255279779434204, 0.48092585802078247], [-1.0739060640335083, 0.7135944366455078], [-0.8548698425292969, -0.27784544229507446], [1.0518497228622437, 0.4395056664943695]], [[1.3159865140914917, -0.3908931612968445], [0.044985923916101456, -0.4259282648563385], [1.2712435722351074, 0.11224151402711868], [-1.283656358718872, 0.5115779042243958], [0.31437480449676514, -0.7036433219909668]]], [[[1.2734185457229614, -0.027814123779535294], [-1.231163501739502, -0.690257728099823], [-0.5065344572067261, -0.5879086852073669], [-1.27482008934021, 0.5953049063682556], [0.9660041928291321, 0.5239776968955994]], [[1.2787286043167114, 0.0035666117910295725], [-1.2992831468582153, -0.46319249272346497], [1.2842216491699219, -0.6490527391433716], [-0.11882469803094864, 0.24433742463588715], [-1.232903242111206, -0.31171083450317383]], [[1.2842340469360352, -0.009524460881948471], [0.5903946161270142, 0.46295294165611267], [-0.7533508539199829, -0.17394815385341644], [1.2544372081756592, -0.14978431165218353], [-0.6522133946418762, 0.3559319078922272]], [[1.3058398962020874, 0.022137124091386795], [0.2907012701034546, -0.5935166478157043], [-0.18260376155376434, 0.7516009211540222], [1.217334270477295, -0.3682518005371094], [1.0309995412826538, 0.7423362731933594]], [[1.2723934650421143, 0.02914322167634964], [-1.1768884658813477, -0.6069009900093079], [-0.28258925676345825, -0.6716331839561462], [0.8648327589035034, -0.5626579523086548], [0.6293054819107056, 0.5126230716705322]], [[1.3073772192001343, 0.0993419960141182], [-1.2761372327804565, 0.7251232266426086], [-1.2796000242233276, 0.45420122146606445], [-0.17592057585716248, -0.055649857968091965], [0.5618072748184204, 0.6490309238433838]], [[1.3023537397384644, -0.053880658000707626], [0.3491363227367401, 0.09498293697834015], [0.5689538717269897, 0.438667893409729], [0.8551359176635742, 0.6749817728996277], [-0.9668993353843689, 0.006644379813224077]], [[1.2891106605529785, -0.01285049319267273], [-0.2737206816673279, -0.6746121048927307], [-1.281866431236267, 0.16286884248256683], [-0.3254810869693756, -0.7023389935493469], [-0.431956022977829, 0.11195049434900284]], [[1.3063791990280151, 0.03703409805893898], [1.1387022733688354, -0.6317501664161682], [1.3838725090026855, -0.20023304224014282], [1.066184401512146, 0.7875487804412842], [-0.16218018531799316, 0.8011366128921509]], [[1.2979847192764282, 0.019479239359498024], [0.6495578289031982, -0.6642436385154724], [1.343053936958313, -0.3463766574859619], [-0.3089217245578766, -0.7950681447982788], [1.1444501876831055, -0.7263275384902954]]], [[[1.2928273677825928, 0.36034005880355835], [0.33594462275505066, 0.667117178440094], [0.8399748802185059, 0.6995007991790771], [-0.08506374061107635, -0.39555639028549194], [1.2507394552230835, -0.6452146172523499]], [[1.3114597797393799, 0.5751336812973022], [-0.556895911693573, 0.7746753096580505], [0.9852311611175537, 0.8036230802536011], [-0.595984935760498, 0.832397997379303], [1.3251367807388306, 0.8122918605804443]], [[1.3025037050247192, 0.46711602807044983], [1.2925971746444702, -0.3564095199108124], [-1.278456449508667, 0.25922971963882446], [-0.4396187365055084, -0.06517351418733597], [-1.2892194986343384, -0.5066220164299011]], [[1.239452838897705, 0.3649359345436096], [0.8960670232772827, 