{"seeker_traj": {"trajectories": [[[-0.646196722984314, -0.6074453592300415], [-0.7832463979721069, -0.40736454725265503], [0.48935848474502563, -0.6604565978050232], [1.398970365524292, -0.7055432796478271], [1.4677315950393677, -0.8701438903808594]], [[-0.5495174527168274, 0.82354736328125], [-1.0475212335586548, 0.8569379448890686], [0.6107866764068604, 0.26674172282218933], [1.3662054538726807, 0.7737166881561279], [1.4676307439804077, 0.8711097836494446]], [[-0.8243820667266846, 0.31448978185653687], [-0.6428082585334778, -0.2010473906993866], [0.19131559133529663, -0.20036181807518005], [1.4488966464996338, 0.4085942208766937], [1.5413614511489868, -0.10737577825784683]]]}, "hider_trajs": {"trajectories": [[[[1.2529587745666504, -0.6917725205421448], [0.8706839680671692, -0.36952880024909973], [0.4559876024723053, -0.7009242177009583], [0.6094641089439392, 0.23107707500457764], [-0.5885157585144043, -0.4512961506843567]], [[1.3068352937698364, -0.7132728099822998], [0.1625674068927765, -0.7620720267295837], [1.111535906791687, -0.1060943454504013], [-1.0278432369232178, 0.14322729408740997], [-0.6613637208938599, 0.14141230285167694]], [[1.2571059465408325, -0.8751518130302429], [1.0677921772003174, -0.9039872288703918], [-0.5552168488502502, -0.926507830619812], [0.3631947338581085, -0.9375207424163818], [0.7083225250244141, -0.9417765140533447]], [[1.278578519821167, -0.6916621923446655], [0.13941173255443573, -0.7415562868118286], [1.198357343673706, 0.18216027319431305], [0.19092078506946564, -0.24583189189434052], [0.06840334087610245, 0.07315462827682495]], [[1.3950940370559692, -0.8077017068862915], [1.4507150650024414, -0.8671379685401917], [1.478316068649292, -0.9155927300453186], [1.45880126953125, -0.9621233344078064], [0.992721676826477, -1.031663417816162]], [[1.2728042602539062, -0.5402809977531433], [1.3512464761734009, 0.5824417471885681], [1.0624037981033325, 0.6645735502243042], [0.9778271913528442, 0.16594438254833221], [0.14894366264343262, -0.008346304297447205]], [[1.3880858421325684, -0.7922331094741821], [1.4547933340072632, -0.8607165813446045], [1.4934438467025757, -0.9053211808204651], [1.5138086080551147, -0.9402765035629272], [1.5407041311264038, -0.9895387291908264]], [[1.299389362335205, -0.631506621837616], [0.5432178974151611, -0.7070173621177673], [-0.12211845070123672, 0.276095986366272], [0.9661195874214172, 0.8224705457687378], [1.386031150817871, 0.8242208957672119]], [[1.2149016857147217, -0.5991206765174866], [1.279443621635437, -0.6655328273773193], [0.20291350781917572, 0.033603064715862274], [0.7267650365829468, -0.6955302357673645], [1.063015341758728, 0.05204533785581589]], [[1.2139827013015747, -0.6936903595924377], [-0.16385653614997864, 0.00362763786688447], [0.5179697871208191, -0.5474804043769836], [-0.9422879815101624, 0.3347484767436981], [-0.6325586438179016, -0.18744774162769318]]], [[[1.4121297597885132, 0.8066790103912354], [1.4855884313583374, 0.8909066319465637], [1.534134030342102, 0.9455628395080566], [1.5627591609954834, 0.9864885210990906], [1.5846823453903198, 1.035196304321289]], [[1.1506010293960571, -0.892957866191864], [-0.977917492389679, -0.9276735186576843], [-1.2972562313079834, -0.9218695163726807], [-0.3696790337562561, -0.8783755302429199], [0.2995240390300751, -0.7953572869300842]], [[1.3577851057052612, -0.7340829372406006], [-0.18285785615444183, -0.7755625247955322], [0.33370617032051086, -0.4941289722919464], [0.9169533848762512, 0.059923138469457626], [0.6885923147201538, -0.2257680892944336]], [[1.0485562086105347, -0.37100309133529663], [-1.0249724388122559, -0.01159997470676899], [-1.0123885869979858, -0.6773127913475037], [-1.0692857503890991, 0.4018813967704773], [0.24184679985046387, -0.6064724922180176]], [[1.2583274841308594, -0.6068130731582642], [0.03543230891227722, -0.5782098770141602], [1.2340495586395264, -0.3074701726436615], [-0.5493413209915161, 0.25255143642425537], [1.175578236579895, 0.2994130849838257]], [[1.1402908563613892, 0.3675137758255005], [-0.2975703179836273, 0.8133925795555115], [-0.5184873342514038, 0.3793838620185852], [-0.9217283129692078, -0.21794448792934418], [0.8473945260047913, -0.3435456156730652]], [[1.247367262840271, -0.6814956068992615], [-1.0857601165771484, -0.7090354561805725], [1.0885417461395264, -0.707571804523468], [0.5232023000717163, -0.18029232323169708], [0.5745990872383118, 0.4606318473815918]], [[1.2836724519729614, -0.4074021279811859], [1.235907793045044, -0.7063595652580261], [1.0337480306625366, -0.6927139759063721], [-0.11040880531072617, 0.45805421471595764], [-0.1479143351316452, -0.01527832355350256]], [[1.391372799873352, 0.4744662940502167], [1.4820092916488647, 0.8942211270332336], [1.5273329019546509, 0.9446415901184082], [1.528071403503418, 0.9648366570472717], [0.9239112734794617, 0.9547368288040161]], [[1.250035047531128, -0.40001538395881653], [0.3099088966846466, -0.6744914054870605], [1.3000162839889526, -0.37579160928726196], [-1.0051205158233643, 0.1570606827735901], [0.16948556900024414, -0.49446219205856323]]], [[[1.2985209226608276, -0.23142264783382416], [-0.24141013622283936, -0.6477229595184326], [0.5372788310050964, -0.39050886034965515], [-0.7407641410827637, 0.6792451739311218], [0.6950958967208862, 0.4511287808418274]], [[1.3663262128829956, -0.010200518183410168], [-0.09303757548332214, -0.637030303478241], [1.3631935119628906, -0.6672529578208923], [0.24726489186286926, 0.5190883874893188], [-0.7954381108283997, 0.2781279683113098]], [[1.3161643743515015, 0.04154755920171738], [1.3269225358963013, 0.272826611995697], [1.3161979913711548, -0.22921612858772278], [1.3505510091781616, 0.08519472181797028], [-0.3122093677520752, 0.19202552735805511]], [[1.411747694015503, 0.8042094707489014], [1.482470989227295, 0.8890732526779175], [1.528201699256897, 0.9416841864585876], [1.5428681373596191, 0.9727382659912109], [1.526274561882019, 0.9974874258041382]], [[1.3401120901107788, -0.4338523745536804], [0.4706500172615051, -0.4836665391921997], [1.4605576992034912, -0.3740667998790741], [1.4994454383850098, -0.2590809464454651], [1.5312135219573975, -0.3099270462989807]], [[0.8508214950561523, -0.8175260424613953], [-0.8380159735679626, 0.5885551571846008], [-0.1207764595746994, 0.7602407336235046], [0.6121026277542114, 0.7964470982551575], [0.5397353172302246, 0.7728655338287354]], [[1.28572678565979, 0.062079060822725296], [0.8517136573791504, 0.1623002588748932], [1.3295538425445557, 0.3977685868740082], [1.1941839456558228, 0.46152806282043457], [-0.29156145453453064, -0.00031052264967001975]], [[1.2915728092193604, -0.03814902529120445], [1.2717872858047485, -0.5228533744812012], [0.5560309290885925, -0.3761361539363861], [0.9068822264671326, -0.19283781945705414], [0.2725174129009247, 0.25888699293136597]], [[1.3431533575057983, 0.14988525211811066], [1.4203778505325317, -0.08244854211807251], [1.485228180885315, 0.491299569606781], [1.5336651802062988, 0.3640630543231964], [1.5388028621673584, 0.035203155130147934]], [[1.3938277959823608, -0.7874034643173218], [1.4605919122695923, -0.8651817440986633], [1.5044324398040771, -0.9179582595825195], [1.5401008129119873, -0.9697995185852051], [1.5932114124298096, -1.063851237297058]]], [[[1.2706652879714966, 0.41821643710136414], [1.0857164859771729, 0.5742563605308533], [1.3398542404174805, 0.602821409702301], [0.5318173766136169, -0.0999145358800888], [0.7131989598274231, -0.16602744162082672]], [[1.3702505826950073, 0.7911260724067688], [1.4099688529968262, 0.9190724492073059], [1.421107530593872, 0.9812113642692566], [1.3674534559249878, 1.0087541341781616], [-0.5421836376190186, 0.9667862057685852]], [[1.2358006238937378, 0.6545500755310059], [1.2183359861373901, 0.6210408806800842], [-0.995013415813446, 0.35743972659111023], [-0.29914700984954834, -0.7047755122184753], [-1.2257672548294067, -0.7022272944450378]], [[1.2404370307922363, 0.4734986126422882], [1.2816258668899536, 0.6257858872413635], [0.815426230430603, 