{"seeker_traj": {"trajectories": [[[1.4247452020645142, -0.6717824339866638], [-1.0025638341903687, -0.5192781090736389], [-0.6759108901023865, 0.8164801597595215], [-0.8271079659461975, -0.0057503581047058105], [-1.2347772121429443, 0.13167789578437805]], [[0.10821918398141861, -0.06998106837272644], [1.4524893760681152, 0.5703230500221252], [-1.2068488597869873, 0.8887375593185425], [0.7700263857841492, 0.3030516505241394], [0.7517480254173279, -0.6192150115966797]], [[1.2487424612045288, -0.31691044569015503], [0.12368783354759216, 0.5227992534637451], [0.41397252678871155, -0.9806625843048096], [1.4004719257354736, -0.8685948848724365], [1.316645860671997, 0.7675994634628296]]]}, "hider_trajs": {"trajectories": [[[[0.5706468820571899, 1.0064681768417358], [0.1105116456747055, -0.26571235060691833], [-1.0574387311935425, -0.9389829039573669], [-0.9232802391052246, -0.7797109484672546], [0.7683208584785461, -0.936338484287262]], [[0.42630064487457275, -0.4597545862197876], [-0.4335489869117737, 0.3895566463470459], [-1.3368489742279053, -0.01831831783056259], [-0.07506193220615387, -0.8782616853713989], [1.0456092357635498, 0.653961718082428]], [[0.7612549066543579, 0.0502840131521225], [0.3631061315536499, -0.046478912234306335], [-0.27608901262283325, -0.1527433693408966], [0.6404589414596558, 0.9549465179443359], [-0.621587872505188, -0.8309154510498047]], [[0.631803035736084, 0.011108659207820892], [0.0641273632645607, 0.49870002269744873], [1.1423288583755493, 0.7015925645828247], [-0.871643602848053, 0.754856288433075], [-1.141182780265808, 0.4499117136001587]], [[0.6870378255844116, -0.7786887884140015], [0.4626792371273041, -0.6253710389137268], [0.8926107287406921, 0.1562374085187912], [1.5871385335922241, -0.23990072309970856], [1.3009355068206787, 0.1311682164669037]], [[-1.0480098724365234, -0.4671404957771301], [-1.1153013706207275, 0.016277119517326355], [0.15630125999450684, 0.23288848996162415], [-0.009178485721349716, 0.32359373569488525], [-1.3576035499572754, -0.7354496121406555]], [[-0.47860458493232727, -0.3899075984954834], [0.6941505670547485, -0.012262783944606781], [-0.2301434427499771, -0.4175475835800171], [1.0181071758270264, 0.1445222944021225], [-1.6816798448562622, 0.7778992652893066]], [[-1.4693666696548462, 0.897134006023407], [-0.6763724088668823, -0.4448408782482147], [-1.5901298522949219, -0.08144178986549377], [0.8763474822044373, -0.2635548710823059], [-1.560502290725708, 1.0380979776382446]], [[-0.15555571019649506, -0.23806610703468323], [-1.1477619409561157, 0.4118143916130066], [-0.10339568555355072, 0.5436967611312866], [1.5564881563186646, 0.695374071598053], [-0.1373860388994217, -0.44365498423576355]], [[0.30054739117622375, 0.6943848729133606], [-0.3758794963359833, 0.10894140601158142], [1.2117098569869995, 0.9333303570747375], [0.23643474280834198, -0.4650876522064209], [0.18408863246440887, -0.023665010929107666]]], [[[1.0070579051971436, -0.2940274178981781], [-0.8685854077339172, -0.491885244846344], [1.4588286876678467, 0.11437420547008514], [-0.849996030330658, -0.20493148267269135], [-1.2646398544311523, 0.5396798849105835]], [[-0.22350092232227325, -0.8738781809806824], [0.3161417245864868, 0.8715164661407471], [1.513811707496643, 0.734734058380127], [1.0883997678756714, -0.8029361367225647], [1.1420705318450928, -0.9885838627815247]], [[0.5180404782295227, -0.9039384126663208], [-0.2508428394794464, -0.15638479590415955], [-0.7791478037834167, 0.04826854541897774], [-0.9569035172462463, 0.06028556823730469], [-0.7274304032325745, -0.8447133898735046]], [[0.8539496660232544, -0.7738227248191833], [-1.1666646003723145, 0.8384572863578796], [-0.06519079208374023, 0.21413451433181763], [0.25331002473831177, 0.2878187894821167], [-0.15009599924087524, -0.7136974930763245]], [[1.6296470165252686, 0.7785414457321167], [1.4695338010787964, -0.3708340525627136], [-0.18962106108665466, -0.4731613099575043], [0.6879637837409973, 0.4160281717777252], [0.5476988554000854, 0.9153647422790527]], [[0.3233835697174072, 0.22831137478351593], [-0.304760217666626, -0.15539297461509705], [0.559273898601532, 0.3863043189048767], [-0.9421588182449341, 0.6836468577384949], [0.4831371605396271, -0.5747120380401611]], [[1.138221025466919, -0.5985726118087769], [-0.5400220155715942, -0.7897065877914429], [1.2358958721160889, -0.5659720301628113], [1.268796443939209, -0.7222821116447449], [0.8684462904930115, -0.664278507232666]], [[-1.2287214994430542, -0.7446727752685547], [-1.4015839099884033, 0.4753589928150177], [-0.7197918891906738, -0.5548967123031616], [0.39818888902664185, 1.1134260892868042], [-1.2410956621170044, 0.4207172989845276]], [[1.5128264427185059, -0.2176385521888733], [0.11662738770246506, -0.5007761120796204], [0.2556295394897461, -0.3309119939804077], [-0.5019857883453369, 0.14055022597312927], [0.3663486838340759, -0.3369147479534149]], [[0.4544766843318939, -0.5384782552719116], [0.8839852213859558, -0.75746750831604], [0.7211114168167114, -0.002455487847328186], [-1.5393562316894531, -0.2402624785900116], [-0.15333187580108643, -0.7584546208381653]]], [[[0.08443567156791687, -0.8343269228935242], [-0.3820134699344635, 0.8035411834716797], [-1.650602102279663, 0.7652764320373535], [1.2266944646835327, 0.8055611252784729], [1.5211286544799805, 0.7436263561248779]], [[-1.4177303314208984, 0.36041030287742615], [1.1701948642730713, -0.3213123679161072], [-0.437568724155426, 1.103342056274414], [-0.33865416049957275, -0.9125019907951355], [0.432332307100296, 1.046644687652588]], [[-0.24243780970573425, 0.9758460521697998], [-1.0998989343643188, 0.3079844117164612], [-0.4854552745819092, -0.7792309522628784], [-0.20227089524269104, -1.170729637145996], [0.05974477529525757, -0.4852716028690338]], [[0.990134596824646, -0.13016822934150696], [0.251010537147522, 0.05494598299264908], [1.622101902961731, 0.6111719608306885], [-0.45707792043685913, 0.49094879627227783], [-0.45533785223960876, -0.5957255959510803]], [[0.7806299328804016, 0.7306931018829346], [0.64069002866745, 0.34098994731903076], [-1.3156177997589111, -0.2646130621433258], [1.2759243249893188, -0.6211690902709961], [-0.5078604817390442, 0.5120372772216797]], [[1.0253942012786865, -0.18986999988555908], [0.9274017214775085, -0.22114744782447815], [1.5861725807189941, 1.0149005651474], [1.2598552703857422, -0.7834566235542297], [1.0149829387664795, -0.8082491755485535]], [[1.2147036790847778, -0.5480307340621948], [-0.020239613950252533, -0.7106502056121826], [0.0793219804763794, 0.23162275552749634], [0.24127650260925293, -0.0553189218044281], [1.46892511844635, 0.8184935450553894]], [[-1.1962294578552246, 0.18172717094421387], [-1.184646487236023, -0.8071922659873962], [0.18333381414413452, -0.691277265548706], [0.8564474582672119, 0.8676356673240662], [-0.7939251661300659, -0.6284558773040771]], [[1.0387609004974365, 0.9150229096412659], [-1.3001034259796143, -0.40897318720817566], [-1.024751901626587, -0.5663130283355713], [1.3718819618225098, 0.9435257911682129], [-0.6142864227294922, 0.5049139261245728]], [[1.09836745262146, 0.8699906468391418], [-1.3642302751541138, 0.7184037566184998], [0.329738974571228, 0.25829166173934937], [-0.5098541975021362, -0.47655189037323], [1.1426684856414795, 0.36389172077178955]]], [[[0.960085391998291, -0.8835574984550476], [0.1492067575454712, -0.21624121069908142], [1.144387125968933, 0.248154416680336], [-0.016179025173187256, -0.16506975889205933], [1.161882996559143, 0.7889060378074646]], [[-0.07911068201065063, 0.6680831909179688], [-1.4462850093841553, -0.9309269785881042], [-1.2151117324829102, 1.0582059621810913], [-0.44723770022392273, 0.8984226584434509], [0.1704259216785431, 0.5040878057479858]], [[0.23779535293579102, -0.2172151803970337], [0.4249624013900757, 0.2405472695827484], [1.2549816370010376, 0.6603233814239502], [-1.0194356441497803, 0.9749867916107178], [0.39691823720932007, 0.3880574405193329]], [[0.3218614459037781, 0.6409463882446289], [1.1263773441314697, 