{"seeker_traj": {"trajectories": [[[-0.6694775819778442, 0.42266589403152466], [-0.398367315530777, 0.5868515968322754], [-0.5733954310417175, 0.579946756362915], [-0.6015768051147461, 0.2921665608882904], [-0.5932047367095947, -0.2688923478126526]], [[0.30821067094802856, -0.06874396651983261], [1.2672755718231201, -0.2382519543170929], [1.310054898262024, -0.5022591948509216], [1.3185480833053589, -0.7235304713249207], [0.9645999073982239, -0.26055124402046204]], [[0.9449829459190369, 0.47738325595855713], [-1.1342705488204956, 0.11419256031513214], [-0.48430299758911133, -0.6224318146705627], [0.3987146317958832, 0.575081467628479], [1.4299027919769287, 0.7680425047874451]]]}, "hider_trajs": {"trajectories": [[[[-1.1926779747009277, -0.13967688381671906], [0.7015406489372253, -0.6135698556900024], [-0.9153594374656677, 0.522501528263092], [-0.15064986050128937, 0.2646036744117737], [-0.4723782241344452, 0.45994871854782104]], [[0.9620398283004761, 0.22559566795825958], [-0.011511966586112976, -0.6226494312286377], [-0.6228073835372925, -0.4944590628147125], [-0.8223068118095398, -0.18063820898532867], [0.33577024936676025, -0.07115913927555084]], [[1.21358060836792, -0.6133065819740295], [0.6684877276420593, 0.4134751260280609], [1.21895170211792, 0.5516761541366577], [-0.9400336742401123, -0.37644049525260925], [0.1371811330318451, 0.6113155484199524]], [[0.5340451002120972, -0.6195940375328064], [-0.2698388993740082, 0.3614816665649414], [-0.21133953332901, 0.1396436244249344], [-0.7846633195877075, -0.5564486384391785], [-0.39340081810951233, 0.4682508409023285]], [[-1.145782709121704, -0.6247535347938538], [-0.3951523005962372, -0.49272531270980835], [-0.8730467557907104, -0.477230429649353], [0.54558926820755, 0.38790932297706604], [0.7957307696342468, -0.5610331296920776]], [[1.1367161273956299, 0.11648121476173401], [-1.2191082239151, 0.029345083981752396], [-0.530405580997467, 0.445170521736145], [0.6417767405509949, -0.6210289001464844], [1.037246823310852, -0.6285325288772583]], [[0.7668768763542175, -0.21856828033924103], [-1.2108385562896729, 0.6126545667648315], [1.1824796199798584, -0.23853881657123566], [-0.14163342118263245, -0.5709947347640991], [0.7900217771530151, 0.13947953283786774]], [[-0.7816261053085327, 0.13463479280471802], [1.2251315116882324, 0.16256916522979736], [0.39095446467399597, 0.5365469455718994], [0.5367113947868347, -0.6198153495788574], [-1.2080861330032349, -0.5182027816772461]], [[-0.6033908724784851, 0.6189047694206238], [0.524179220199585, 0.5467221736907959], [1.222491979598999, -0.6067463159561157], [-0.8194373846054077, 0.633716881275177], [-0.05965276062488556, -0.6008449196815491]], [[1.216567873954773, 0.6174002289772034], [-0.15264002978801727, 0.2321738451719284], [-1.2171300649642944, -0.6212434768676758], [-0.9690737724304199, -0.5035971999168396], [0.8266464471817017, 0.6197634339332581]]], [[[0.20607000589370728, 0.614366888999939], [0.12167999893426895, 0.01243903860449791], [0.3966308534145355, -0.3493630588054657], [-1.1793161630630493, -0.36822038888931274], [-1.0857479572296143, 0.026847917586565018]], [[0.13085414469242096, -0.05801106616854668], [1.2443712949752808, 0.14820745587348938], [0.8324396014213562, -0.6145386695861816], [-0.6370328068733215, -0.16380290687084198], [-0.9499778151512146, -0.6057744026184082]], [[-0.12915699183940887, 0.6204654574394226], [1.2241909503936768, 0.36364826560020447], [0.763152003288269, -0.6161261796951294], [-0.7497207522392273, -0.2517716884613037], [1.226267695426941, -0.3390692174434662]], [[-0.8997862935066223, -0.07693216949701309], [1.0051383972167969, -0.4520387053489685], [-1.2155280113220215, 0.4523589611053467], [0.7741501331329346, 0.5007771849632263], [-1.217624545097351, -0.5087497234344482]], [[1.0898067951202393, -0.1517050564289093], [-0.7422094941139221, -0.3752744495868683], [0.6241258978843689, 0.6183887720108032], [0.552836537361145, -0.5983310341835022], [0.334587037563324, -0.0574941523373127]], [[0.7099487781524658, 0.38448914885520935], [0.8358371257781982, -0.633770227432251], [-0.11388582736253738, -0.2114991545677185], [0.41613778471946716, 0.08387921750545502], [-0.4242628514766693, 0.6399297118186951]], [[0.8534579277038574, -0.6260660290718079], [0.3224872946739197, -0.07842691987752914], [0.2435062825679779, -0.20457716286182404], [-0.18233095109462738, 0.6541993618011475], [-0.5470656752586365, 0.15600012242794037]], [[-1.2100770473480225, -0.5174716711044312], [1.2238634824752808, -0.3346557021141052], [-0.031127512454986572, 0.5672212243080139], [0.7902886271476746, -0.03823677822947502], [-0.16929493844509125, 0.6185232996940613]], [[1.1806349754333496, -0.708578884601593], [-0.13692769408226013, -0.7410396933555603], [1.0802985429763794, -0.7717812061309814], [1.3406827449798584, -0.8654383420944214], [-0.369727224111557, -0.8893914222717285]], [[-1.2168148756027222, 0.11846306920051575], [1.1141765117645264, 0.2758951783180237], [0.19105084240436554, 0.2741715610027313], [0.7377413511276245, -0.6206610798835754], [-0.5766373872756958, 0.59124356508255]]], [[[0.7225858569145203, -0.6078374981880188], [-0.15569716691970825, -0.535187304019928], [1.1508610248565674, 0.4194629490375519], [0.32146966457366943, 0.4439646303653717], [-0.2107648402452469, 0.531341552734375]], [[1.3494296073913574, -0.41634243726730347], [1.4088820219039917, -0.8162257671356201], [1.4491147994995117, -0.8582355976104736], [1.4693474769592285, -0.880779504776001], [1.4678587913513184, -0.8857641220092773]], [[0.3737957179546356, -0.5507204532623291], [0.7736201286315918, 0.08656764030456543], [1.2200506925582886, 0.5834094285964966], [-0.5460891723632812, -0.5766103863716125], [-0.6086269021034241, 0.3600630462169647]], [[-0.9693842530250549, 0.012555629014968872], [-1.005089282989502, -0.5811842679977417], [0.6377831697463989, -0.6235047578811646], [-1.0300909280776978, -0.3589673638343811], [0.7403547763824463, -0.20463407039642334]], [[0.8397193551063538, -0.013748875819146633], [1.2630984783172607, -0.5571955442428589], [0.26389041543006897, 0.6825661659240723], [1.2846357822418213, -0.030169779434800148], [1.2653154134750366, 0.6218695044517517]], [[0.3009064495563507, 0.4870925843715668], [-0.998298704624176, 0.509310781955719], [0.4282206892967224, -0.6465803980827332], [1.0295547246932983, 0.5858228802680969], [1.2345911264419556, 0.16494089365005493]], [[1.0833348035812378, 0.5113271474838257], [0.20590069890022278, -0.07342216372489929], [-1.1725901365280151, 0.5683009624481201], [-0.7316215634346008, -0.5434057712554932], [1.1925019025802612, -0.5430354475975037]], [[-1.1026160717010498, 0.662569522857666], [0.20509521663188934, 0.6288473606109619], [0.22164928913116455, -0.6391819715499878], [0.2941502332687378, -0.7248653173446655], [-0.7783684134483337, -0.6756928563117981]], [[0.023147832602262497, 0.04753359779715538], [-0.7097369432449341, -0.47395917773246765], [-0.7155736684799194, -0.19232405722141266], [-0.705937385559082, -0.6257529854774475], [0.6641029119491577, 0.071738600730896]], [[-0.6721726655960083, 0.5556074976921082], [0.521436333656311, 0.0365888774394989], [-1.211629867553711, -0.6188240647315979], [0.4390229880809784, 0.14153949916362762], [-0.7791286706924438, -0.6159922480583191]]], [[[-1.205489993095398, -0.5722977519035339], [1.1083993911743164, 0.6247510313987732], [1.2350983619689941, -0.5496146082878113], [-1.0705775022506714, 0.6205623149871826], [-0.06021337956190109, -0.4646575152873993]], [[-0.9930385947227478, 0.5604461431503296], [1.165974497795105, 0.5867055058479309], [0.5459192395210266, 0.25219109654426575], [1.1442025899887085, -0.2956450581550598], [-0.19733580946922302, 0.6236892342567444]], [[-1.044363021850586, 0.5955196022987366], [1.0258570909500122, -0.49337366223335266], [1.1967204809188843, -0.33487123250961304], [0.9929068088531494, 0.41930174827575684], [-0.6123412251472473, -0.004743244033306837]], [[1.2250901460647583, 0.6295990943908691], [0.40233632922172546, 