{"seeker_traj": {"trajectories": [[[-1.2980215549468994, -0.7019262313842773], [-1.3035733699798584, -0.708280086517334], [-1.3244229555130005, -0.7216770052909851], [-1.327593207359314, -0.7185308337211609], [-1.2133725881576538, -0.6736637353897095]], [[0.9005739688873291, -0.6593356132507324], [1.4103240966796875, -0.3713519871234894], [1.4796319007873535, 0.18017961084842682], [1.5279875993728638, -0.9172609448432922], [1.5330936908721924, -0.9600287079811096]], [[0.6367907524108887, 0.8408106565475464], [1.4073140621185303, 0.891916811466217], [1.4938335418701172, 0.9363998174667358], [1.5316071510314941, 0.9524976015090942], [1.5114291906356812, 0.9143780469894409]]]}, "hider_trajs": {"trajectories": [[[[1.0312963724136353, -0.9052631855010986], [0.1707051694393158, -0.9479660391807556], [-0.6643875241279602, -0.9513029456138611], [0.1958591490983963, -0.9459477066993713], [1.061782717704773, -0.9816280007362366]], [[1.249542474746704, -0.6512385606765747], [0.3675205409526825, -0.6465874314308167], [0.014411192387342453, -0.6451566815376282], [-0.5212158560752869, -0.6448567509651184], [0.117147296667099, -0.64360511302948]], [[1.4622970819473267, -0.8779484629631042], [1.5309722423553467, -0.9587531685829163], [1.574298620223999, -1.0361053943634033], [1.5872185230255127, -1.5542449951171875], [1.5559507608413696, -2.1266818046569824]], [[1.2576020956039429, -0.6490036845207214], [1.0089216232299805, -0.6439347863197327], [0.9465991854667664, 0.34217119216918945], [1.2295019626617432, -0.07743412256240845], [0.2697153687477112, -0.3631729483604431]], [[1.4884942770004272, 0.8864659667015076], [1.5523626804351807, 0.9705650806427002], [1.5867719650268555, 1.0458179712295532], [1.5916467905044556, 1.7917817831039429], [1.5612366199493408, 1.8360421657562256]], [[1.198417067527771, -0.5979680418968201], [-0.36704549193382263, -0.20566639304161072], [0.9763475060462952, 0.4846019446849823], [0.3755442500114441, 0.47526201605796814], [-0.3720889389514923, 0.6535735130310059]], [[1.2481553554534912, -0.6732171773910522], [1.2127240896224976, -0.689649224281311], [-0.6122944355010986, -0.5018575191497803], [-0.29715386033058167, 0.5997107028961182], [-0.8717741370201111, 0.3434266448020935]], [[1.2133251428604126, -0.6861346364021301], [0.6465490460395813, -0.6757850050926208], [-1.0336511135101318, -0.6681415438652039], [0.07501627504825592, -0.6647080779075623], [-0.0118945874273777, -0.6569433212280273]], [[1.296737790107727, -0.6609804034233093], [1.321506381034851, -0.6029518842697144], [1.3319482803344727, -0.6759440898895264], [1.3341095447540283, 0.1618766337633133], [1.3344578742980957, 0.561392068862915]], [[1.1984575986862183, 0.6620137095451355], [0.5327744483947754, 0.6610040664672852], [0.3594914674758911, 0.6801571846008301], [-0.31510064005851746, 0.6949207782745361], [0.03896202892065048, 0.6982115507125854]]], [[[1.331939458847046, -0.730434775352478], [1.3358312845230103, -0.7316939234733582], [1.3360662460327148, -0.7336826920509338], [1.3355920314788818, -0.7349962592124939], [1.335187315940857, -0.7350487112998962]], [[1.2294291257858276, -0.4152774512767792], [1.2070951461791992, -0.4497852325439453], [1.1979910135269165, -0.3614872395992279], [1.1953004598617554, -0.11372978240251541], [1.1941789388656616, 0.00767536973580718]], [[1.1571071147918701, -0.3028711676597595], [1.190053105354309, -0.5422143340110779], [-0.9243924617767334, 0.20156973600387573], [0.8407908082008362, 0.28539180755615234], [-0.40422526001930237, 0.3344246745109558]], [[1.4622869491577148, -0.8757685422897339], [1.5311129093170166, -0.9581643342971802], [1.574716567993164, -1.0359939336776733], [1.587755560874939, -1.5489697456359863], [1.5563427209854126, -2.127253532409668]], [[1.2710355520248413, -0.473351389169693], [1.2796577215194702, -0.18579991161823273], [1.2384393215179443, -0.5932407379150391], [-0.641689658164978, -0.017180142924189568], [0.28874748945236206, -0.39779114723205566]], [[1.3044250011444092, 0.49518150091171265], [1.1099239587783813, 0.7788904309272766], [0.9347373843193054, 0.8515174984931946], [1.080747365951538, 0.8757258653640747], [0.08183587342500687, 0.8501539826393127]], [[1.3369914293289185, -0.18367153406143188], [1.4284052848815918, 0.7354551553726196], [1.4706677198410034, -0.14185453951358795], [1.3556196689605713, 0.1327228546142578], [-0.2832720875740051, 0.5243032574653625]], [[1.2755024433135986, -0.3644019365310669], [1.2579702138900757, -0.29384902119636536], [1.237675428390503, 0.16375552117824554], [0.7630909085273743, 0.3266560733318329], [-0.2699638903141022, -0.23936590552330017]], [[1.1233559846878052, -0.9018994569778442], [0.7784400582313538, -0.9433746933937073], [-0.23824627697467804, -0.9435164928436279], [-0.8672949075698853, -0.9013844728469849], [-0.15953409671783447, -0.8167561292648315]], [[1.4665861129760742, -0.8212031126022339], [1.5490334033966064, -0.8913300037384033], [1.628552794456482, -0.9375402331352234], [2.508064031600952, -0.961118757724762], [2.6368584632873535, -0.9420442581176758]]], [[[1.306592583656311, -0.23750357329845428], [1.3232414722442627, -0.23208674788475037], [1.1559199094772339, -0.36980754137039185], [0.7682628035545349, 0.5333579182624817], [0.5579057335853577, 0.8761712312698364]], [[1.229424238204956, 0.018458005040884018], [1.207311749458313, 0.2603701055049896], [1.198686957359314, 0.4474788308143616], [1.196545958518982, -0.25514253973960876], [1.196264386177063, 0.3356349766254425]], [[1.2072968482971191, 0.05117228999733925], [-0.4630444049835205, -0.3737761378288269], [1.1772710084915161, 0.42941755056381226], [-1.1258631944656372, 0.01394535694271326], [-0.8573446273803711, -0.04626917093992233]], [[1.2284626960754395, -0.022527629509568214], [1.2272090911865234, 0.1368425190448761], [-0.9061098098754883, 0.4614052176475525], [0.5640504360198975, -0.34724923968315125], [-0.5607510805130005, -0.3530726134777069]], [[1.2709965705871582, -0.07085204869508743], [1.263537883758545, 0.2126961201429367], [1.2354862689971924, 0.22689300775527954], [1.1924892663955688, -0.01596558280289173], [0.7754945755004883, 0.28069791197776794]], [[1.3598555326461792, 0.058286428451538086], [1.4066963195800781, 0.11987856030464172], [1.44375479221344, 0.20658458769321442], [1.4517512321472168, 0.3428276777267456], [1.4177546501159668, 0.15738341212272644]], [[1.3335540294647217, 0.03895065188407898], [1.3702223300933838, -0.40288108587265015], [0.18117405474185944, 0.355398029088974], [0.8873241543769836, -0.4352523386478424], [-0.1775340586900711, -0.5617626905441284]], [[1.487199068069458, 0.8943629264831543], [1.5500373840332031, 0.9740737676620483], [1.5837420225143433, 1.0476149320602417], [1.5889215469360352, 1.806382417678833], [1.559400200843811, 1.8362951278686523]], [[0.6034399271011353, 0.40973010659217834], [-1.065972089767456, -0.373841255903244], [0.5506759881973267, -0.6473066210746765], [-0.09727906435728073, -0.7120607495307922], [-0.5506154894828796, 0.03644457086920738]], [[1.2926274538040161, -0.0212777778506279], [1.3144373893737793, -0.14968374371528625], [1.3154972791671753, 0.1364355832338333], [1.2017529010772705, 0.3830364942550659], [0.37765464186668396, -0.5630407929420471]]], [[[0.3177955150604248, -0.40875664353370667], [-0.21063412725925446, 0.7256012558937073], [1.3686920404434204, 0.8784580826759338], [0.9726264476776123, 0.9078079462051392], [0.5125709772109985, 0.9433242678642273]], [[1.4931317567825317, 0.8526626825332642], [1.5710372924804688, 0.9146758317947388], [1.6447643041610718, 0.9456243515014648], [2.364431619644165, 0.9508070349693298], [2.6395583152770996, 0.9223341345787048]], [[1.1754447221755981, 0.4503494203090668], [1.1870557069778442, -0.24513988196849823], [0.41951411962509155, -0.39450347423553467], [-0.2769930958747864, 0.2235892117023468], [0.6900824904441833, -0.41034650802612305]], [[0.8731729984283447, 0.6585696935653687], [-0.6237906217575073, 0.4578537344932556], [0.22320891916751862, -0.6791308522224426], 