{"seeker_traj": {"trajectories": [[[-1.0828204154968262, -0.6640570163726807], [-0.5451419353485107, -0.6285417675971985], [0.40009528398513794, -0.5503901839256287], [1.3055989742279053, -0.7164677977561951], [1.3731412887573242, -0.7723146677017212]], [[-1.029321551322937, 0.38647451996803284], [-0.3185517489910126, 0.6288758516311646], [0.9316983819007874, 0.5445298552513123], [1.3276447057724, 0.7351050972938538], [1.408425211906433, 0.798885703086853]], [[-0.9226909279823303, 0.47586074471473694], [-0.7033666372299194, -0.37559565901756287], [1.2643500566482544, -0.5351849794387817], [1.2098777294158936, 0.6284346580505371], [1.3936243057250977, -0.09057667851448059]]]}, "hider_trajs": {"trajectories": [[[[1.2595828771591187, -0.3479238748550415], [-0.7919148802757263, -0.06510166823863983], [0.024634484201669693, -0.006351734045892954], [0.7958007454872131, 0.4686550498008728], [0.9304845929145813, 0.5745232701301575]], [[1.1882829666137695, -0.6023184657096863], [-0.02991623431444168, 0.18526862561702728], [0.6674268841743469, 0.27443963289260864], [-0.1643335223197937, -0.5573610663414001], [0.6984436511993408, -0.049302924424409866]], [[1.265705943107605, -0.6833087801933289], [1.2857638597488403, -0.6977897882461548], [1.2939308881759644, -0.7053177356719971], [1.2918237447738647, -0.7078243494033813], [0.5694789290428162, -0.7048052549362183]], [[1.2246222496032715, -0.5681111812591553], [1.1775861978530884, -0.10985738784074783], [1.108872652053833, 0.21273000538349152], [1.1214154958724976, 0.42460325360298157], [0.5461757779121399, -0.4159250855445862]], [[1.3179278373718262, 0.7218142747879028], [1.3813233375549316, 0.8024866580963135], [1.413461446762085, 0.8442792296409607], [1.413521647453308, 0.8630234003067017], [1.3820375204086304, 0.8807591795921326]], [[1.2227553129196167, -0.7171165347099304], [-0.0913800597190857, -0.777133047580719], [0.060226380825042725, -0.7964621186256409], [0.45316439867019653, -0.7741935849189758], [-0.34057947993278503, 0.608983039855957]], [[1.2332240343093872, -0.4573805332183838], [-0.7289670705795288, -0.019211873412132263], [1.066893458366394, 0.21596075594425201], [-0.6889925599098206, 0.01771732233464718], [1.0123740434646606, -0.15291179716587067]], [[1.2493913173675537, -0.2999354302883148], [0.06902322918176651, 0.2795277535915375], [-0.38638073205947876, 0.27032893896102905], [-0.21151955425739288, 0.028128283098340034], [0.614520788192749, -0.6161035895347595]], [[1.0987880229949951, -0.5526232123374939], [0.8169276714324951, -0.5536509156227112], [-1.1176432371139526, -0.5537780523300171], [-0.5596222877502441, -0.5495248436927795], [-1.124855875968933, 0.026557207107543945]], [[1.2076852321624756, -0.5511423349380493], [0.8632926344871521, -0.5008004903793335], [1.2576576471328735, 0.28390368819236755], [0.540517270565033, -0.6407545208930969], [-0.4999527633190155, -0.588363528251648]]], [[[1.171196699142456, -0.57840895652771], [1.2588015794754028, -0.6342676281929016], [-0.2014150470495224, -0.035007294267416], [-0.4978083372116089, 0.2984484136104584], [-0.3942686915397644, -0.38598906993865967]], [[1.326238751411438, -0.7377944588661194], [1.3796358108520508, -0.7963590025901794], [1.423146367073059, -0.84391188621521], [1.4573204517364502, -0.8857584595680237], [1.4966356754302979, -0.9343191981315613]], [[1.2859406471252441, -0.29049575328826904], [1.3730976581573486, -0.47143957018852234], [1.4297267198562622, 0.35783064365386963], [1.4674712419509888, 0.19485001266002655], [1.4795949459075928, 0.2690962553024292]], [[1.1948436498641968, -0.5226606726646423], [1.2126929759979248, -0.30727827548980713], [0.07525268197059631, -0.5633189678192139], [1.2043946981430054, 0.159170463681221], [0.9131712913513184, 0.014258621260523796]], [[0.9556963443756104, -0.5522133111953735], [1.2347640991210938, -0.6278860569000244], [-0.3925894498825073, -0.5138458013534546], [0.19811037182807922, 0.4413248896598816], [-0.804953932762146, -0.050396934151649475]], [[1.2441486120224, -0.8324158787727356], [0.7865942120552063, -0.8733378052711487], [-0.8259090185165405, -0.875604510307312], [-1.2868843078613281, -0.8445018529891968], [-1.254387617111206, -0.7742950320243835]], [[1.1819783449172974, -0.28062790632247925], [-0.4680464565753937, 0.06258570402860641], [0.5348286628723145, -0.6162613034248352], [-0.5927964448928833, -0.4686833918094635], [0.12024349719285965, -0.24953089654445648]], [[1.2595908641815186, -0.6136968731880188], [-0.3850683569908142, -0.195896178483963], [0.21498540043830872, -0.48807910084724426], [-0.4404115080833435, 0.6388871073722839], [-0.5668827891349792, -0.05073125660419464]], [[1.1716328859329224, 0.032421693205833435], [-0.8068283796310425, 0.5219718813896179], [1.2534083127975464, -0.25297287106513977], [1.2699520587921143, -0.576822817325592], [-0.2944536507129669, -0.46912652254104614]], [[1.1429256200790405, -0.3604598045349121], [1.2032997608184814, -0.12558479607105255], [0.06547769159078598, 0.3902725577354431], [0.18621058762073517, -0.4677222669124603], [-0.8421078324317932, -0.19228143990039825]]], [[[1.2448115348815918, -0.028863759711384773], [1.2761870622634888, 0.442327618598938], [1.3418712615966797, 0.2833363115787506], [1.3581498861312866, 0.520924985408783], [0.9225574135780334, -0.3820110261440277]], [[1.2046266794204712, -0.04326332360506058], [-0.9344643354415894, -0.5638256072998047], [0.7748122811317444, -0.5511988997459412], [-0.4054250121116638, 0.5737075209617615], [-0.10803689807653427, -0.16212719678878784]], [[1.1657577753067017, -0.031533703207969666], [0.4240832030773163, -0.5418362021446228], [-1.0244944095611572, 0.27363574504852295], [-1.0530107021331787, 0.22665241360664368], [0.03691231086850166, -0.5324633717536926]], [[1.2501485347747803, -0.7430898547172546], [0.7009764313697815, -0.7975466251373291], [1.291815996170044, -0.8284432888031006], [1.1142020225524902, -0.8284060955047607], [-0.3801169991493225, -0.7893214821815491]], [[1.1542810201644897, -0.12443710118532181], [-0.22063972055912018, -0.14343084394931793], [0.07160311937332153, -0.23210571706295013], [-0.4045797884464264, -0.5064864754676819], [-0.5591181516647339, -0.4044710397720337]], [[1.2391997575759888, 0.11735555529594421], [1.2270015478134155, -0.15454617142677307], [0.19321726262569427, 0.05751394107937813], [-1.0080710649490356, -0.3849293291568756], [-1.1227315664291382, -0.019612649455666542]], [[1.3241221904754639, 0.7342301607131958], [1.3814162015914917, 0.8050492405891418], [1.4145889282226562, 0.8470301032066345], [1.420525074005127, 0.8711556792259216], [1.4117417335510254, 0.8989778757095337]], [[1.280253291130066, -0.06180886924266815], [-0.5354294180870056, -0.07172731310129166], [-0.6874772906303406, -0.5945008397102356], [0.8562003374099731, -0.5909926891326904], [-0.8928425908088684, -0.5814874768257141]], [[1.2179876565933228, -0.26625677943229675], [-0.4921855926513672, 0.05297999456524849], [-0.02686678059399128, 0.24382099509239197], [1.2815572023391724, 0.7365565299987793], [-0.5212490558624268, 0.7052828669548035]], [[1.1533139944076538, -0.20543721318244934], [0.8531948924064636, 0.024427836760878563], [0.09919987618923187, 0.3498842120170593], [-0.3274490237236023, 0.4661308228969574], [0.3475188612937927, 0.5239158868789673]]], [[[0.8939991593360901, -0.0706421360373497], [-0.43593868613243103, -0.1278328150510788], [0.6667277812957764, 0.7367877960205078], [-0.6324771046638489, 0.7458000779151917], [0.6555543541908264, 0.6206207275390625]], [[1.16410493850708, 0.515596330165863], [-0.9806087613105774, 0.5526635646820068], [-0.9339110851287842, 0.5612906813621521], [-0.29340559244155884, 0.5534543395042419], [-1.046983003616333, 0.02226577140390873]], [[0.9213039875030518, 0.26509156823158264], [-0.8678460717201233, -0.2731170952320099], [0.9774969220161438, 0.6905842423439026], [1.1180081367492676, 0.5551499128341675], [-0.12462162226438522, 0.2930797338485718]], [[1.2147834300994873, -0.4536435306072235], [0.24759799242019653, 