{"seeker_traj": {"trajectories": [[[-1.3442153930664062, -0.7213036417961121], [-1.0405864715576172, -0.7063175439834595], [-1.350093126296997, -0.7136414647102356], [-1.2362934350967407, -0.7084310054779053], [-1.2311720848083496, -0.680960476398468]], [[-0.3060639202594757, -0.5008475184440613], [1.3917388916015625, -0.13988620042800903], [1.4911634922027588, -0.49502021074295044], [1.5512993335723877, -0.9295230507850647], [1.5445681810379028, -0.9264560341835022]], [[-0.11314410716295242, 0.4164590835571289], [1.4372273683547974, 0.39080148935317993], [1.46695876121521, 0.7333337068557739], [1.4640291929244995, 0.8030037879943848], [1.0626996755599976, -0.40609288215637207]]]}, "hider_trajs": {"trajectories": [[[[0.4398301839828491, -0.9189630150794983], [-0.6864602565765381, -0.9389243721961975], [-0.40106701850891113, -0.9031742811203003], [-0.046721819788217545, -0.5383782982826233], [0.031239254400134087, 0.8507651686668396]], [[1.2678017616271973, -0.6680479049682617], [-0.10192834585905075, -0.6398860216140747], [0.24830672144889832, -0.6303876042366028], [-0.12395120412111282, -0.49028170108795166], [-0.2945781350135803, -0.4869246780872345]], [[1.496886134147644, -0.8551321625709534], [1.573796033859253, -0.9167797565460205], [1.647475242614746, -0.9506903290748596], [2.3455891609191895, -0.9614506363868713], [2.6423821449279785, -0.9471940994262695]], [[1.2964274883270264, -0.6463062167167664], [1.344799518585205, -0.6229123473167419], [1.3860068321228027, 0.008438440971076488], [1.3790807723999023, -0.1356896609067917], [0.5396949648857117, 0.16097643971443176]], [[1.0045592784881592, 0.18288959562778473], [0.5551813840866089, 0.7678546905517578], [0.33826592564582825, -0.7647923827171326], [1.254783272743225, -0.880227267742157], [0.9598829746246338, -0.9601075649261475]], [[1.3411532640457153, -0.22050948441028595], [-0.22539253532886505, -0.14991909265518188], [0.647689938545227, 0.7326604127883911], [0.610025942325592, 0.5225426554679871], [1.2433738708496094, -0.1137891337275505]], [[1.0558209419250488, -0.6495761275291443], [0.8701155781745911, -0.015736375004053116], [-0.877962589263916, -0.38279634714126587], [-0.3642336130142212, -0.43225976824760437], [-1.0037915706634521, -0.592139482498169]], [[1.148055911064148, -0.7440385222434998], [0.4519803524017334, -0.7642645239830017], [-0.48740869760513306, -0.7635458111763], [0.5569443106651306, -0.6155617237091064], [1.3617992401123047, 0.4988688826560974]], [[1.3265199661254883, -0.6753684878349304], [1.3799142837524414, -0.00420910632237792], [1.428066372871399, 0.17954854667186737], [1.4420336484909058, 0.5995620489120483], [0.7571890950202942, -0.25736621022224426]], [[1.2940510511398315, -0.6672654747962952], [-0.216297909617424, -0.3982866704463959], [0.5328074097633362, 0.12357889860868454], [-0.08390309661626816, 0.2862124443054199], [0.5324951410293579, 0.1457839459180832]]], [[[1.3411036729812622, 0.14406752586364746], [1.4194234609603882, 0.48108938336372375], [1.4752328395843506, 0.4429112374782562], [1.530579686164856, 0.19154252111911774], [1.591439127922058, 0.2755732238292694]], [[1.2918102741241455, -0.4415627121925354], [-0.6312137842178345, -0.5868208408355713], [1.2771058082580566, -0.5974727272987366], [0.3937976062297821, -0.6126083731651306], [0.8151413202285767, -0.6199232935905457]], [[1.125779151916504, -0.2980239987373352], [1.2017295360565186, -0.587435781955719], [-0.982462465763092, 0.2211482971906662], [0.8816003203392029, 0.2976025938987732], [-0.46040070056915283, 0.3586159348487854]], [[1.4863500595092773, -0.8891223669052124], [1.5465099811553955, -0.9585851430892944], [1.5725247859954834, -1.0134351253509521], [1.5670114755630493, -1.1988258361816406], [1.5385056734085083, -1.894375205039978]], [[1.246845006942749, -0.34976428747177124], [1.147312045097351, 0.6061222553253174], [1.099465012550354, -0.23196832835674286], [0.44053927063941956, 0.27757886052131653], [0.3147360384464264, -0.11772379279136658]], [[1.0744630098342896, 0.4918403923511505], [0.029020750895142555, 0.7304131388664246], [-0.04942499101161957, -0.8921092748641968], [0.3324219286441803, -0.9205630421638489], [-0.03474338352680206, -0.8737822771072388]], [[1.202553391456604, -0.3983778953552246], [1.1640909910202026, 0.5250499248504639], [1.2491027116775513, -0.43737614154815674], [-0.8175129890441895, 0.5630425214767456], [0.2825298309326172, 0.07123562693595886]], [[1.3612897396087646, -0.3685852289199829], [0.7302315831184387, 0.2105288803577423], [1.2967324256896973, 0.6633467674255371], [1.063433289527893, -0.007193381432443857], [0.07755613327026367, -0.017778459936380386]], [[1.3730751276016235, -1.0017950534820557], [1.338913083076477, -1.426152229309082], [-1.1696475744247437, -1.7394587993621826], [-1.4273687601089478, -1.0296015739440918], [-1.3918812274932861, -0.9464175701141357]], [[1.4986169338226318, -0.848535418510437], [1.5737636089324951, -0.9150147438049316], [1.6473780870437622, -0.9494938850402832], [2.3467094898223877, -0.9606943726539612], [2.641711711883545, -0.946796715259552]]], [[[1.3038376569747925, -0.02014312334358692], [1.3046473264694214, 0.2114715576171875], [1.2019957304000854, -0.1579194813966751], [0.8228737711906433, -0.38333189487457275], [0.2762751281261444, 0.0298345647752285]], [[1.2882592678070068, 0.022775331512093544], [-0.09676457196474075, -0.4978201389312744], [1.1705429553985596, -0.011100264266133308], [1.2370564937591553, 0.3960106670856476], [1.1753228902816772, -0.028820564970374107]], [[1.24765145778656, 0.061782848089933395], [-0.8393492698669434, -0.34121912717819214], [1.2687320709228516, 0.49642258882522583], [-1.1747146844863892, 0.05251504108309746], [-0.8983709216117859, -0.02936212718486786]], [[1.2536749839782715, 0.3418733477592468], [1.291764736175537, 0.41763752698898315], [-0.3091652989387512, 0.41839703917503357], [1.1856235265731812, 0.41769352555274963], [0.2936369478702545, -0.5314778089523315]], [[1.368691325187683, -0.07888142764568329], [1.4737004041671753, -0.31475895643234253], [1.5337388515472412, -0.12653662264347076], [1.5744853019714355, 0.5308635830879211], [1.597805380821228, -0.24427400529384613]], [[1.3439420461654663, 0.17541909217834473], [1.39683198928833, -0.34260547161102295], [1.4352039098739624, 0.4102841019630432], [1.4220232963562012, 0.18665556609630585], [0.004249718971550465, 0.7787967920303345]], [[1.176182508468628, 0.10814488679170609], [0.4890696406364441, -0.4220980703830719], [-0.8004658818244934, 0.604246973991394], [1.058138132095337, 0.15424709022045135], [-0.7906044125556946, 0.23421183228492737]], [[1.093892216682434, 0.13638374209403992], [1.3351457118988037, -0.39957287907600403], [-0.7795791029930115, 0.5597846508026123], [-0.9356412887573242, 0.5076218247413635], [0.39992403984069824, 0.556122899055481]], [[1.3159269094467163, -0.10060034692287445], [1.104185938835144, 0.16470345854759216], [0.4693109691143036, 0.5771386623382568], [1.352441430091858, -0.4613836705684662], [-0.36006513237953186, -0.5736016035079956]], [[1.3093453645706177, -0.0642242282629013], [-0.5878742933273315, 0.5318452715873718], [1.0860099792480469, -0.4108942449092865], [-0.13108599185943604, -0.06828737258911133], [1.0216907262802124, 0.15011483430862427]]], [[[1.3119561672210693, -0.17168359458446503], [1.0605603456497192, 0.3224128186702728], [1.2161567211151123, 0.7642199993133545], [0.4324631094932556, 0.7665109038352966], [-0.39712226390838623, 0.7589766383171082]], [[1.4436089992523193, 0.8537194132804871], [1.5186102390289307, 0.9401300549507141], [1.5746657848358154, 1.0195567607879639], [1.612089991569519, 1.3162686824798584], [1.5983312129974365, 2.096243143081665]], [[1.1692509651184082, 0.36489713191986084], [1.1661866903305054, -0.431469202041626], [0.25823986530303955, -0.4054880142211914], [-0.36599740386009216, 0.3089286983013153], [0.7275387048721313, -0.4384135603904724]], [[1.2982722520828247, -0.5750228762626648], [0.1284044235944748, -0.6189553737640381], 