{"seeker_traj": {"trajectories": [[[-1.2765895128250122, -0.594551682472229], [-0.7245473265647888, 0.0850900188088417], [-0.4530649781227112, -0.7062022089958191], [0.08755256235599518, -0.7698509693145752], [0.9026627540588379, 0.5682591795921326]], [[-0.8759344816207886, 0.26529884338378906], [1.3170242309570312, 0.694386899471283], [1.290287733078003, 0.1165270060300827], [-0.40253615379333496, 0.034518007189035416], [0.7304703593254089, -0.672622561454773]], [[-1.1804530620574951, 0.599694013595581], [-0.8747771382331848, 0.13982057571411133], [0.965383768081665, -0.502135694026947], [1.3299351930618286, 0.5319990515708923], [1.2048349380493164, -0.5440695285797119]]]}, "hider_trajs": {"trajectories": [[[[1.399999976158142, -0.800000011920929], [1.0844162702560425, 0.7372052669525146], [0.9061557650566101, -0.24711108207702637], [-0.6892459988594055, 0.036051034927368164], [-1.4854294061660767, 0.7819442749023438]], [[1.399999976158142, -0.800000011920929], [-0.528668999671936, -0.9385673999786377], [-0.1358482390642166, -0.7676005363464355], [-0.28790053725242615, -0.4794290065765381], [-0.3289199769496918, -0.4739725589752197]], [[1.399999976158142, -0.800000011920929], [0.0260162353515625, -0.8166031837463379], [1.4627255201339722, 0.004686594009399414], [1.563833236694336, 0.2652554512023926], [-0.13149376213550568, -0.5196945667266846]], [[1.399999976158142, -0.800000011920929], [0.11336250603199005, -0.6516909599304199], [0.4336429536342621, 0.4461958408355713], [1.5526325702667236, -0.38501596450805664], [-0.5020157098770142, -0.3699328899383545]], [[1.399999976158142, -0.800000011920929], [0.34109458327293396, 0.8118865489959717], [-1.0082142353057861, 0.954092264175415], [1.3411006927490234, -0.4614567756652832], [1.178308129310608, 0.15033721923828125]], [[1.399999976158142, -0.800000011920929], [-0.6663284301757812, 0.9590425491333008], [-0.2888649106025696, 0.2495405673980713], [-1.5148082971572876, -0.053008079528808594], [1.3647453784942627, 0.37808918952941895]], [[1.399999976158142, -0.800000011920929], [0.6386295557022095, 0.18584966659545898], [-1.5435794591903687, -0.24580121040344238], [-0.7296978235244751, -0.37755489349365234], [-1.1569305658340454, -0.6472177505493164]], [[1.399999976158142, -0.800000011920929], [1.3893378973007202, -0.6528351306915283], [-0.012446976266801357, -0.8195977210998535], [-0.2042549103498459, 0.33553552627563477], [-0.15492744743824005, -0.3491706848144531]], [[1.399999976158142, -0.800000011920929], [-0.1260089874267578, 0.6844525337219238], [-1.0049103498458862, 0.46010708808898926], [1.4960559606552124, 0.8760125637054443], [-0.42454567551612854, -0.6630799770355225]], [[1.399999976158142, -0.800000011920929], [-0.8710147738456726, 0.03099822998046875], [-0.12222862243652344, 0.6720600128173828], [-0.5026813745498657, 0.6220312118530273], [0.6837882995605469, 0.13946151733398438]]], [[[1.399999976158142, -0.4000000059604645], [0.406363308429718, -0.2328777313232422], [0.4677501618862152, 0.43967700004577637], [1.1146767139434814, 0.09299969673156738], [1.5290729999542236, -0.33612799644470215]], [[1.399999976158142, -0.4000000059604645], [-1.0883888006210327, -0.7490630149841309], [1.2853221893310547, -0.8250265121459961], [0.2173534482717514, -0.5170562267303467], [0.6790866851806641, -0.6599798202514648]], [[1.399999976158142, -0.4000000059604645], [1.0156692266464233, -0.5887424945831299], [-1.1472294330596924, 0.2971773147583008], [0.9993156790733337, 0.32104969024658203], [-0.9372440576553345, 0.4629795551300049]], [[1.399999976158142, -0.4000000059604645], [1.4092262983322144, -0.9267623424530029], [0.9189727902412415, -0.9470558166503906], [0.1504741758108139, 0.5519564151763916], [-0.19275398552417755, -0.5826425552368164]], [[1.399999976158142, -0.4000000059604645], [1.0000050067901611, 0.4549381732940674], [0.6432083249092102, -0.742673397064209], [-1.086289644241333, -0.007256746292114258], [0.5688163638114929, -0.5390169620513916]], [[1.399999976158142, -0.4000000059604645], [0.5803501009941101, 0.526378870010376], [-0.3151962459087372, 0.9341967105865479], [-0.98828125, 0.03187870979309082], [-0.9229225516319275, -0.7996079921722412]], [[1.399999976158142, -0.4000000059604645], [1.1525001525878906, 0.806673526763916], [1.4665721654891968, -0.3224945068359375], [-1.0660552978515625, 0.650984525680542], [0.2151084989309311, 0.05943012237548828]], [[1.399999976158142, -0.4000000059604645], [-1.0778801441192627, 0.8783926963806152], [1.0428284406661987, 0.8767199516296387], [1.3964141607284546, -0.5355596542358398], [0.14193229377269745, 0.020319461822509766]], [[1.399999976158142, -0.4000000059604645], [0.6616451144218445, -0.485933780670166], [-1.2016667127609253, -0.8969032764434814], [-1.0790092945098877, -0.6235296726226807], [-1.3496410846710205, 0.13497614860534668]], [[1.399999976158142, -0.4000000059604645], [-0.9785743951797485, 0.06638550758361816], [1.1085948944091797, -0.6134533882141113], [1.4214496612548828, -0.7076072692871094], [0.24626579880714417, 0.5632433891296387]]], [[[1.399999976158142, 0.0], [1.224212646484375, 0.5875365734100342], [0.8821007013320923, -0.2346477508544922], [0.243560791015625, -0.38060545921325684], [-1.0725231170654297, 0.6725757122039795]], [[1.399999976158142, 0.0], [-0.4217563569545746, -0.3848745822906494], [0.992779552936554, 0.27641892433166504], [1.314246416091919, 0.6690101623535156], [1.0109199285507202, 0.049069881439208984]], [[1.399999976158142, 0.0], [-1.2602661848068237, -0.3458082675933838], [1.0885852575302124, 0.5736544132232666], [-1.2166820764541626, 0.14827394485473633], [-1.1736339330673218, -0.14481401443481445]], [[1.399999976158142, 0.0], [0.6321212649345398, 0.3586924076080322], [-1.2387806177139282, 0.8272733688354492], [0.7191112637519836, -0.12140035629272461], [-1.2621421813964844, -0.9043238162994385]], [[1.399999976158142, 0.0], [0.4875595271587372, 0.20336198806762695], [0.6103264093399048, -0.5708754062652588], [0.07162284851074219, -0.6917006969451904], [0.39740297198295593, 0.8460171222686768]], [[1.399999976158142, 0.0], [1.3383735418319702, -0.9613449573516846], [0.5044044852256775, 0.13491320610046387], [-0.6926204562187195, 0.41054511070251465], [-0.7895164489746094, 0.9994935989379883]], [[1.399999976158142, 0.0], [0.16565971076488495, -0.4671008586883545], [-1.1937992572784424, 0.965580940246582], [0.8643822073936462, 0.2319333553314209], [-0.9265133142471313, 0.26102256774902344]], [[1.399999976158142, 0.0], [1.2577167749404907, -0.8535306453704834], [-1.160203218460083, 0.4044990539550781], [-1.0898094177246094, 0.6284823417663574], [0.9412586092948914, 0.7668673992156982]], [[1.399999976158142, 0.0], [-0.1845165342092514, 0.32232236862182617], [-0.42125436663627625, 0.7478756904602051], [1.5367752313613892, -0.8983659744262695], [-0.1732688993215561, -0.7644729614257812]], [[1.399999976158142, 0.0], [-1.4977878332138062, 0.6434969902038574], [0.4238471984863281, -0.43335556983947754], [-0.5860382318496704, -0.1112070083618164], [1.5319565534591675, 0.25754213333129883]]], [[[1.399999976158142, 0.40000003576278687], [-0.4223003387451172, 0.24330592155456543], [-1.5221813917160034, 0.023223400115966797], [-1.5187755823135376, 0.5822374820709229], [0.8883827328681946, 0.5300197601318359]], [[1.399999976158142, 0.40000003576278687], [1.3172626495361328, 0.5823869705200195], [-0.37063178420066833, 0.8930459022521973], [0.4176654815673828, 0.7883281707763672], [0.5407604575157166, 0.1933906078338623]], [[1.399999976158142, 0.40000003576278687], [0.9630077481269836, -0.6285519599914551], [-0.14874954521656036, -0.48787474632263184], [-0.8151775598526001, 0.40669965744018555], [1.2343186140060425, -0.7601549625396729]], [[1.399999976158142, 0.40000003576278687], [-1.0031322240829468, 0.4442260265350342], [-0.3111213743686676, -0.8289480209350586], [-0.2618389129638672, -0.7590811252593994], [1.0914920568466187, 0.3913302421569824]], [[1.399999976158142, 0.40000003576278687], [-0.10633163899183273, 