{"seeker_traj": {"trajectories": [[[-1.205342411994934, -0.5820645093917847], [0.6910634636878967, 0.13100333511829376], [1.0766665935516357, -0.2846381366252899], [0.1758415848016739, 0.8551691174507141], [-0.5432919859886169, 0.9374333620071411]], [[-1.1606162786483765, -0.33916208148002625], [0.5622203946113586, -0.8044633269309998], [-0.18856672942638397, -0.8663409948348999], [1.3739776611328125, -0.7739657759666443], [1.501180648803711, -0.9567074775695801]], [[-1.0717676877975464, 0.6979554891586304], [0.6409750580787659, -0.4197165369987488], [1.456290602684021, 0.09741011261940002], [0.8205521702766418, 0.21150439977645874], [1.6771284341812134, 0.9204927682876587]]]}, "hider_trajs": {"trajectories": [[[[1.3481411933898926, -0.6848644614219666], [-1.1299020051956177, -0.15477733314037323], [0.29929184913635254, -0.02426311746239662], [0.9984437227249146, 0.6939336061477661], [1.189488410949707, 0.7417998909950256]], [[1.340299367904663, -0.666797399520874], [-0.23533236980438232, 0.7075532674789429], [0.17756450176239014, 0.6301486492156982], [-0.5152788162231445, -0.6822861433029175], [0.3970763087272644, -0.14082325994968414]], [[1.340396523475647, -0.6802913546562195], [-1.1701253652572632, -0.748584508895874], [-0.020923035219311714, -0.7220233082771301], [1.276857852935791, -0.11006293445825577], [0.6842483878135681, -0.551613986492157]], [[1.3264968395233154, -0.7180562019348145], [0.289426326751709, -0.1494610458612442], [-0.04158340394496918, 0.4795551598072052], [0.47087952494621277, 0.6055969595909119], [0.3928666412830353, 0.745911180973053]], [[1.458612084388733, -0.4124670922756195], [1.571645975112915, -0.4529525339603424], [1.6794254779815674, -0.34561702609062195], [2.213599443435669, 0.7938554286956787], [2.526397705078125, 0.6897794008255005]], [[1.3113842010498047, -0.6695134043693542], [-0.11337307840585709, -0.04321623966097832], [0.4532240033149719, -0.4205585718154907], [0.2519001364707947, -0.7612183690071106], [-1.170182466506958, 0.7148098349571228]], [[1.2558624744415283, -0.6101172566413879], [-1.1634336709976196, -0.05279712751507759], [0.6865761876106262, 0.25554901361465454], [-0.9603354334831238, 0.05177326127886772], [0.9120548367500305, -0.22821220755577087]], [[1.4106409549713135, -0.7235254645347595], [0.03219994902610779, -0.06731081008911133], [-0.9279201626777649, 0.6858802437782288], [-1.1970415115356445, 0.6217606663703918], [-0.16028153896331787, -0.7178131341934204]], [[1.381400465965271, -0.7615638971328735], [1.0267136096954346, -0.7641045451164246], [-1.0569138526916504, -0.6627962589263916], [-0.05638459324836731, -0.4178370535373688], [-1.0737565755844116, 0.6301110982894897]], [[1.2905594110488892, -0.64273601770401], [0.6079573631286621, -0.47778457403182983], [1.2785605192184448, 0.441487193107605], [0.09609679877758026, -0.3306969702243805], [-0.8527541160583496, -0.735539436340332]]], [[[1.1465986967086792, -0.4689099192619324], [0.9980902075767517, -0.5143483877182007], [-0.7517799735069275, -0.010310821235179901], [-1.238290548324585, 0.3839782476425171], [-0.6735138297080994, -0.6437501907348633]], [[1.4766292572021484, -0.8597508668899536], [1.4954348802566528, -0.8647443652153015], [1.5456515550613403, -1.0194107294082642], [1.5160081386566162, -1.1119558811187744], [1.5620983839035034, -1.5360426902770996]], [[1.4696825742721558, 0.017373785376548767], [1.5216783285140991, 0.20941993594169617], [1.612315058708191, 0.9302801489830017], [1.7090486288070679, 1.0087398290634155], [2.3627989292144775, 1.0138331651687622]], [[1.3899576663970947, -0.23111781477928162], [1.4025604724884033, 0.5925319194793701], [0.17676767706871033, -0.4967426657676697], [1.4638919830322266, 0.444479376077652], [1.4921667575836182, -0.4285358488559723]], [[1.0778709650039673, -0.2511553168296814], [1.0810446739196777, -0.6224612593650818], [-0.9192535877227783, -0.6723794341087341], [-0.16801774501800537, 0.6423905491828918], [-1.1081982851028442, -0.5270549654960632]], [[1.3646591901779175, -0.9831846356391907], [0.22301456332206726, -1.1452826261520386], [-0.5151330828666687, -1.125781536102295], [-1.4955780506134033, -1.087007761001587], [-1.481126070022583, -1.044067144393921]], [[1.2235008478164673, -0.32911789417266846], [-0.7467184662818909, 0.11352194100618362], [0.46632328629493713, -0.7428726553916931], [-0.8546984791755676, -0.45265519618988037], [-0.0023048536386340857, -0.2900094985961914]], [[1.3433107137680054, -0.4504165053367615], [-0.6768443584442139, 0.2593591809272766], [-0.33298951387405396, -0.7096182107925415], [-1.2921165227890015, 0.39093801379203796], [-1.2761505842208862, -0.21044057607650757]], [[1.340508222579956, 0.2965397238731384], [-0.9939127564430237, 0.8653220534324646], [0.7542546391487122, 0.8410658836364746], [1.3457404375076294, -0.24967095255851746], [-0.9912434816360474, -0.5842239856719971]], [[1.2766791582107544, -0.4372549057006836], [1.1993842124938965, -0.1342214047908783], [-0.11643514037132263, 0.47157445549964905], [0.16084890067577362, -0.6091936230659485], [-0.8434426188468933, -0.26741793751716614]]], [[[1.2267322540283203, 0.025568131357431412], [0.3808698058128357, 0.6579997539520264], [-0.17817959189414978, 0.15516987442970276], [0.3127289116382599, 0.6932374238967896], [0.17214974761009216, -0.6599581837654114]], [[1.238014578819275, -0.00029385308152996004], [-1.2628518342971802, -0.5361728668212891], [0.4815843105316162, -0.6193329691886902], [-0.6172164082527161, 0.6707800030708313], [-0.12390270829200745, -0.3649582266807556]], [[1.011006236076355, 0.10627081990242004], [0.5403820872306824, -0.5396105647087097], [-0.9216074347496033, 0.30551961064338684], [-1.0504893064498901, 0.13962870836257935], [-0.02227167971432209, -0.7045824527740479]], [[1.1419012546539307, 0.22135810554027557], [-1.2740283012390137, 0.6837157011032104], [0.7418369054794312, 0.22060659527778625], [0.8164010643959045, -0.7780258655548096], [-0.6433073282241821, 0.4587240219116211]], [[1.1523674726486206, -0.2911001443862915], [-0.8849070072174072, 0.033691175282001495], [-0.6919540166854858, 0.162555992603302], [-0.7800930738449097, -0.6682796478271484], [-0.6958848834037781, -0.4371381402015686]], [[1.1680208444595337, -0.07068970799446106], [1.2811154127120972, -0.46914833784103394], [0.17061057686805725, -0.14582355320453644], [-1.2084497213363647, -0.27883362770080566], [-0.9952291250228882, 0.12073669582605362]], [[1.421708345413208, 0.5262362957000732], [1.464185118675232, 0.8869867324829102], [1.5555232763290405, 0.9831514954566956], [1.62488853931427, 1.137024164199829], [1.5883926153182983, 1.6989750862121582]], [[1.3769654035568237, -0.15243153274059296], [-1.2046699523925781, -0.055601660162210464], [-1.334389328956604, -0.8170514702796936], [0.6784520745277405, -0.7976056933403015], [-0.6461067795753479, 0.2510835528373718]], [[1.3369982242584229, -0.3909623920917511], [-1.2971235513687134, -0.028627831488847733], [-1.2062158584594727, -0.7521275281906128], [0.46687212586402893, 0.31866514682769775], [-1.2956262826919556, 0.6616717576980591]], [[1.0825295448303223, -0.07582274824380875], [0.45817071199417114, 0.24038821458816528], [-0.3952203392982483, -0.14128218591213226], [-0.6564472913742065, 0.17110386490821838], [0.2856695353984833, 0.4012612998485565]]], [[[1.238610029220581, 0.32845550775527954], [0.14100289344787598, 0.20854467153549194], [0.9289032816886902, 0.730963945388794], [-0.9224308133125305, 0.722203254699707], [0.025721505284309387, 0.4000324010848999]], [[1.1306673288345337, 0.425123929977417], [-1.1732405424118042, 0.42289263010025024], [-1.2375311851501465, 0.6744987964630127], [-0.1390666365623474, 0.6393795609474182], [-0.4797672927379608, 0.2857341170310974]], [[1.3184068202972412, 0.42815929651260376], [-0.5830420255661011, -0.36541834473609924], [1.0066131353378296, 0.6238733530044556], [1.2430375814437866, 0.33464059233665466], [-0.5974636673927307, 0.5985236167907715]], [[1.3012737035751343, 0.2509993314743042], [-0.2725181579589844,