{"seeker_traj": {"trajectories": [[[-0.6760173439979553, -0.45371100306510925], [-0.1814974993467331, 0.6430826187133789], [-1.141096830368042, 0.19362816214561462], [1.061259388923645, -0.7850545644760132], [1.3266656398773193, 0.3393769860267639]], [[0.6498342752456665, 0.5614261627197266], [0.7895491123199463, -0.6332352161407471], [-0.583534300327301, -0.3481796979904175], [0.9320855140686035, 0.5949454307556152], [0.2701722979545593, -0.5196273326873779]], [[-0.8738123178482056, 0.07512432336807251], [-0.7129451632499695, 0.31619495153427124], [0.4261186718940735, 0.10285931825637817], [1.0521180629730225, 0.27588987350463867], [0.5122493505477905, -0.5299919843673706]]]}, "hider_trajs": {"trajectories": [[[[0.4456942677497864, -0.870431125164032], [-0.0823867917060852, 0.6896349191665649], [-1.3155717849731445, 0.9816446304321289], [0.7868812084197998, -0.5842669010162354], [-0.2738274335861206, 0.13259398937225342]], [[0.22054508328437805, -0.16592884063720703], [-0.959143877029419, -0.5858997702598572], [-0.9285957217216492, 0.884198009967804], [0.027972593903541565, 0.19975507259368896], [-1.5809013843536377, -0.9429352283477783]], [[-0.4364396333694458, 0.3408049941062927], [0.09772251546382904, -0.6258686780929565], [0.38084983825683594, -0.12264078855514526], [1.4959704875946045, 0.7389976978302002], [-1.0044392347335815, -0.01965196430683136]], [[1.2831319570541382, 0.5585021376609802], [-0.565676212310791, 0.5939326286315918], [0.3142698407173157, -0.9017002582550049], [0.654300332069397, -1.0577126741409302], [-0.20646648108959198, 0.6234517097473145]], [[-1.200178623199463, -0.10553952306509018], [0.5112985968589783, 0.17301958799362183], [1.2189844846725464, -1.0059869289398193], [0.9307469129562378, 0.8330408930778503], [1.3427666425704956, -0.8797208070755005]], [[1.1922154426574707, 0.8043661117553711], [-0.06966203451156616, 0.32335856556892395], [0.9057785272598267, -0.3942500054836273], [0.5627706050872803, 0.6242888569831848], [1.346575140953064, -0.5924274921417236]], [[-0.026767760515213013, -0.5183328986167908], [0.6859211325645447, -0.48091351985931396], [0.47489091753959656, -0.09814047813415527], [-0.5736072063446045, 0.9647512435913086], [1.2194650173187256, 0.3189287781715393]], [[1.0742390155792236, -0.5634556412696838], [-1.154660701751709, 0.1582186073064804], [-0.7268756031990051, -0.5969440340995789], [0.018456295132637024, 0.6630502939224243], [-0.9999322891235352, -0.8373485803604126]], [[0.9740418791770935, 0.175918847322464], [0.9980945587158203, 0.665245532989502], [0.7523418068885803, -0.8125657439231873], [0.08065728843212128, 0.21950136125087738], [-0.9687235951423645, -0.49337872862815857]], [[-0.4512097239494324, 0.4950997233390808], [0.27347421646118164, 0.09458035230636597], [1.0537109375, -0.688270092010498], [-0.9072329998016357, -0.8196502923965454], [1.0513302087783813, -0.4963318705558777]]], [[[-0.007003546692430973, -0.888420820236206], [-1.091922402381897, 0.8342992067337036], [0.6629731059074402, 0.010997988283634186], [-0.6503075957298279, -0.5373744964599609], [0.40046262741088867, -0.44093817472457886]], [[0.859940230846405, -0.6003153324127197], [1.5164085626602173, 0.3963239789009094], [0.545516848564148, -0.11821149289608002], [1.3259989023208618, -0.7484214305877686], [0.8172128200531006, 0.10684419423341751]], [[1.2909793853759766, -0.42513856291770935], [-1.5033657550811768, -0.06388522684574127], [-1.4173336029052734, 0.9992968440055847], [0.6019572615623474, -0.4083602726459503], [-0.4431803226470947, -0.29719674587249756]], [[0.15262559056282043, -0.7684495449066162], [-0.46428465843200684, 0.9196354150772095], [-1.1467289924621582, 0.06226252391934395], [1.5598809719085693, -0.8587349653244019], [-0.007757559418678284, 0.7067151069641113]], [[1.2226518392562866, -0.15647779405117035], [1.1821458339691162, 0.7831234931945801], [-1.1358712911605835, 0.5418899655342102], [0.25734835863113403, 0.6141306161880493], [1.4536888599395752, 0.46588826179504395]], [[-1.1437207460403442, -0.5086463093757629], [-0.07609265297651291, -0.07106585800647736], [-0.6673160791397095, -0.3117867410182953], [-0.17465093731880188, -0.6067777872085571], [1.612362265586853, -0.3552873134613037]], [[-0.49819815158843994, -0.8474236130714417], [-1.2567033767700195, -0.15422433614730835], [0.8210375308990479, -0.7594878673553467], [0.046137526631355286, -0.4828069806098938], [0.012222707271575928, 0.7699995040893555]], [[-0.8606818914413452, -0.46646183729171753], [-1.3785569667816162, -0.0917215496301651], [-0.7242442965507507, -0.9775518178939819], [0.5834765434265137, -0.8640346527099609], [0.2574538290500641, 0.2765544056892395]], [[1.2385450601577759, 0.017816677689552307], [1.0695436000823975, -0.8008390665054321], [0.7012135982513428, -0.3971019983291626], [1.384368658065796, -0.6835970282554626], [-1.2850168943405151, -0.7251510620117188]], [[-1.3421779870986938, -0.6140701174736023], [0.830959677696228, -0.05744311213493347], [-0.6793347597122192, 0.255141019821167], [1.3214479684829712, 0.7733203172683716], [-1.0187551975250244, 0.5653379559516907]]], [[[1.5521488189697266, -0.22434329986572266], [-0.11554460227489471, 0.7117040753364563], [-1.1944386959075928, 0.5923672318458557], [-0.8781800866127014, -0.3151540160179138], [0.9980629682540894, 0.21038861572742462]], [[-0.7679444551467896, 0.1855792999267578], [-1.0113976001739502, -0.9394818544387817], [-1.078989028930664, -0.9442035555839539], [1.2511470317840576, 0.5919042229652405], [-0.40798109769821167, 0.7975894808769226]], [[0.022160500288009644, 0.47432971000671387], [0.1465357393026352, -0.3288513422012329], [0.46096304059028625, 0.5654547810554504], [1.0673882961273193, 0.5941748023033142], [-1.000314474105835, 0.5258020162582397]], [[-0.1882276087999344, -0.2673474848270416], [-0.12214986234903336, 0.2207586169242859], [-1.4223028421401978, -0.7056703567504883], [1.3749842643737793, -0.5938144326210022], [0.37766698002815247, -0.2468777745962143]], [[-1.354578971862793, 0.677648663520813], [0.5001811385154724, 0.06321421265602112], [-0.18155863881111145, -0.7044670581817627], [-0.8428289294242859, 0.1778707206249237], [1.4549413919448853, 0.6341651082038879]], [[1.0033020973205566, 0.8685435056686401], [1.0290782451629639, -0.8690705299377441], [-1.0697461366653442, 0.5252594947814941], [0.01565493643283844, -0.8050040006637573], [-0.5175963044166565, 0.3096417188644409]], [[1.390052318572998, -0.6801551580429077], [1.6238576173782349, -0.7400656342506409], [-0.17802445590496063, -0.6127737760543823], [-0.19156800210475922, -0.8450120687484741], [1.3922927379608154, 0.35461705923080444]], [[1.2327854633331299, 0.20080965757369995], [-1.5350990295410156, 0.828730046749115], [-1.58596670627594, -0.5778660774230957], [0.882038950920105, -0.8825015425682068], [0.11406887322664261, -0.8381779789924622]], [[1.15003502368927, 0.024040549993515015], [0.4564848840236664, -0.31726711988449097], [0.2909122705459595, -1.0223454236984253], [-0.9301081299781799, -0.03589155152440071], [-1.5390477180480957, 0.6476595997810364]], [[0.25917088985443115, -0.7910086512565613], [-1.3953189849853516, -0.5482107996940613], [-0.4306311011314392, -0.2638073265552521], [-0.567363440990448, 0.4981430172920227], [1.2716542482376099, 0.02698250114917755]]], [[[-0.365527868270874, 0.025133684277534485], [0.6448612213134766, 0.6345415711402893], [1.3675904273986816, 0.09134772419929504], [-0.267957866191864, -0.3212900459766388], [-0.08531994372606277, -0.5191096067428589]], [[-1.342489242553711, -0.05632089078426361], [-0.5232254862785339, 0.5378415584564209], [-1.518875241279602, -0.4429503083229065], [0.6806877851486206, -0.17740650475025177], [-0.8404459953308105, 0.6347736120223999]], [[0.24739249050617218, 0.8472660779953003], [-0.6005101203918457, 0.29596269130706787], [0.9379793405532837, 0.09430454671382904], [0.2922390103340149, -0.02973008155822754], [0.8766056299209595, -0.5982397198677063]], [[0.19749529659748077, 0.9608523845672607], 