{"seeker_traj": {"trajectories": [[[-1.3498287200927734, -0.747730553150177], [-1.353291630744934, -0.7696183323860168], [-1.104046106338501, 0.818598210811615], [-1.309442162513733, 0.7349303364753723], [-0.2109617441892624, -0.613259494304657]], [[-1.3157894611358643, -0.04945855587720871], [-0.0447135753929615, 0.5263705849647522], [1.3825572729110718, -0.013779773376882076], [1.4219354391098022, 0.029882017523050308], [1.258226990699768, 0.1943931132555008]], [[-1.317077875137329, 0.8023591041564941], [1.2879104614257812, 0.5890903472900391], [0.9904473423957825, -0.602192223072052], [0.15897604823112488, -0.6794711947441101], [0.3783078193664551, 0.7986328601837158]]]}, "hider_trajs": {"trajectories": [[[[1.3565632104873657, -0.7758904695510864], [-1.1125214099884033, -0.1569642871618271], [0.04933891445398331, -0.016542013734579086], [0.9332320690155029, 0.6349814534187317], [1.2588979005813599, 0.8011090755462646]], [[1.3319196701049805, -0.737047553062439], [-0.261013925075531, 0.7707927823066711], [0.2302722930908203, 0.7049556374549866], [-0.6496865153312683, -0.7287522554397583], [0.48199188709259033, 0.020579716190695763]], [[1.3535081148147583, -0.7497230172157288], [-1.3377922773361206, -0.6707727909088135], [-0.16816642880439758, -0.551862359046936], [1.2854946851730347, -0.038332175463438034], [0.7370499968528748, -0.3531650900840759]], [[1.346447467803955, -0.744789183139801], [0.2786657512187958, 0.1333443969488144], [-0.1092246025800705, 0.43790385127067566], [0.3594701290130615, 0.4313070476055145], [0.27905914187431335, -0.00620665866881609]], [[1.4705522060394287, -0.7396758794784546], [1.5441185235977173, -0.5280354619026184], [-0.025920748710632324, -0.6646583676338196], [1.7307361364364624, 0.8141859769821167], [1.6653944253921509, 0.4708305597305298]], [[1.3634140491485596, -0.7347992658615112], [-0.24537022411823273, -0.03839047998189926], [0.18075168132781982, -0.18755924701690674], [0.051704391837120056, -0.6850839257240295], [-1.2662994861602783, 0.8533360362052917]], [[1.379658818244934, -0.7654726505279541], [-1.3838553428649902, -0.052015431225299835], [0.4795624017715454, 0.27670806646347046], [-1.1196340322494507, 0.17992757260799408], [1.11765456199646, -0.09364785254001617]], [[1.3784284591674805, -0.7567748427391052], [-0.31308382749557495, 0.12281237542629242], [-1.0815633535385132, 0.7763504385948181], [-1.4042867422103882, 0.7019462585449219], [-0.09472659230232239, -0.7850421667098999]], [[1.3137861490249634, -0.8383299708366394], [1.006347894668579, -0.8203480243682861], [-0.998241126537323, -0.7726192474365234], [-0.15663592517375946, -0.32668226957321167], [-1.3895022869110107, 0.4082196056842804]], [[1.3476351499557495, -0.7442019581794739], [0.24985672533512115, -0.46100181341171265], [1.2978216409683228, 0.4912368655204773], [0.05483749508857727, -0.4205273687839508], [-0.9692001938819885, -0.7872545719146729]]], [[[1.3891961574554443, -0.37838494777679443], [1.1484997272491455, -0.4395332932472229], [-0.8076773285865784, 0.15109263360500336], [-1.3493986129760742, 0.23314030468463898], [-0.5907660722732544, -0.716705322265625]], [[1.534960389137268, -0.5560883283615112], [0.7177371978759766, 0.24024902284145355], [1.4800587892532349, -0.9067279100418091], [1.4848554134368896, -0.5399670004844666], [1.5938156843185425, -1.031868577003479]], [[1.4660248756408691, -0.4513026475906372], [0.7867438793182373, -0.7863147258758545], [1.134456992149353, 0.15524353086948395], [1.6777673959732056, -0.33923348784446716], [1.6511601209640503, 0.8828026652336121]], [[1.486629843711853, -0.3616062104701996], [1.1835224628448486, 0.4841594398021698], [-0.581889271736145, -0.507523775100708], [1.6302908658981323, 0.666904628276825], [1.6070369482040405, -0.466595321893692]], [[1.3412333726882935, -0.3916584849357605], [1.33440101146698, -0.7977295517921448], [-1.0816329717636108, -0.7818557024002075], [-0.5337127447128296, 0.7323321104049683], [-1.1574913263320923, -0.43904605507850647]], [[1.3809449672698975, -0.714407742023468], [0.07292134314775467, -0.6355648040771484], [-0.3742690086364746, -1.0388216972351074], [-1.4250081777572632, -0.7447046637535095], [-0.6025686264038086, -0.0018333597108721733]], [[1.3363301753997803, -0.45155394077301025], [-0.6968464851379395, 0.014636627398431301], [0.12784460186958313, -0.8250584602355957], [-0.9411865472793579, -0.281484454870224], [0.1175522580742836, -0.162530317902565]], [[1.3873615264892578, -0.41672253608703613], [-0.7957406044006348, 0.3820299506187439], [-0.3350142538547516, -0.7720096707344055], [-1.2538713216781616, 0.5080944895744324], [-1.2718560695648193, -0.16529326140880585]], [[1.3605215549468994, -0.3852378726005554], [-1.0961356163024902, 0.40911462903022766], [0.6120589971542358, 0.7046042680740356], [1.4080718755722046, -0.45446333289146423], [-0.986305296421051, -0.7057438492774963]], [[1.3483450412750244, -0.370985746383667], [1.1663709878921509, -0.048763662576675415], [-0.2685525119304657, 0.4659865200519562], [0.059468794614076614, -0.492830753326416], [-1.1332905292510986, -0.19120852649211884]]], [[[1.356815218925476, -0.010557137429714203], [0.48605188727378845, 0.736133873462677], [-0.1603613793849945, 0.108579620718956], [0.21307827532291412, 0.7800405025482178], [0.12541191279888153, -0.7722364664077759]], [[1.3661820888519287, 0.02164515294134617], [-1.3978530168533325, -0.5333126783370972], [0.3577365279197693, -0.730476438999176], [-0.7231397032737732, 0.7194914221763611], [-0.22449035942554474, -0.24976028501987457]], [[1.3570976257324219, -0.017726359888911247], [0.3396878242492676, -0.5467423796653748], [-1.1469550132751465, 0.3779812455177307], [-1.3105355501174927, 0.34725502133369446], [0.03494632989168167, -0.7506168484687805]], [[1.3117948770523071, 0.09756536781787872], [-1.2269047498703003, 0.5804786086082458], [0.8136264681816101, 0.3984357714653015], [0.6864467859268188, -0.7356013655662537], [-0.7767187356948853, 0.7398770451545715]], [[1.3001511096954346, -0.055741120129823685], [-1.150883436203003, 0.11038117110729218], [-0.989325761795044, -0.02988775633275509], [-1.0982012748718262, -0.7521054148674011], [-0.7974218130111694, -0.46739935874938965]], [[1.3342385292053223, -0.0002656620054040104], [1.3895314931869507, -0.5404735207557678], [-0.16002868115901947, -0.11459923535585403], [-1.2259256839752197, -0.44069141149520874], [-1.0904830694198608, 0.10258087515830994]], [[1.4144649505615234, 0.06945750117301941], [1.5025193691253662, 0.3924376368522644], [0.4339703917503357, 0.8496336936950684], [0.7776472568511963, 0.8491355180740356], [1.60462486743927, 0.5104407072067261]], [[1.3723362684249878, -0.011984196491539478], [-1.3926801681518555, 0.08468928933143616], [-1.412544846534729, -0.800191342830658], [1.0149531364440918, -0.5941495299339294], [-0.5071975588798523, 0.43446698784828186]], [[1.3491545915603638, -0.13023261725902557], [-1.3729126453399658, 0.3031890094280243], [-1.1292929649353027, -0.7494610548019409], [0.7512922883033752, 0.41365742683410645], [-1.349853515625, 0.6281075477600098]], [[1.3664675951004028, -0.004785318858921528], [0.27953794598579407, 0.11602078378200531], [-0.7347756028175354, -0.14091989398002625], [-0.8933507204055786, 0.08637300878763199], [0.3389362692832947, 0.44443461298942566]]], [[[1.3536678552627563, 0.46854180097579956], [-0.0139287319034338, 0.10016198456287384], [0.7253553867340088, 0.8174117803573608], [-1.0118522644042969, 0.8090686202049255], [0.2426864057779312, 0.2954254150390625]], [[1.3340028524398804, 0.4584622383117676], [-1.3763235807418823, 0.7436451315879822], [-1.3469665050506592, 0.7055172920227051], [-0.3541807532310486, 0.7925407886505127], [-0.7147007584571838, 0.33456942439079285]], [[1.3685884475708008, 0.39967358112335205], [-0.6523054838180542, -0.32545167207717896], [1.0712590217590332, 0.6304636001586914], [1.4045037031173706, 0.3247404098510742], [-0.6967973709106445, 0.7361607551574707]], [[1.381378412246704, 0.33007270097732544], 