{"seeker_traj": {"trajectories": [[[-1.2636868953704834, -0.8533921837806702], [1.4346338510513306, -0.5804014205932617], [0.9179855585098267, -0.7294803857803345], [1.230261206626892, -0.282106876373291], [1.473643183708191, 0.6052443981170654]], [[-1.3024606704711914, -0.04212841019034386], [-0.36736729741096497, -0.18041910231113434], [1.3739290237426758, 0.35802435874938965], [-0.11601128429174423, -0.345035195350647], [0.5016986727714539, 0.8636464476585388]], [[-1.3497288227081299, 0.7212578654289246], [0.06331244111061096, -0.596044659614563], [-1.0743408203125, 0.24144311249256134], [-0.3254511058330536, -0.7733730673789978], [0.1796707659959793, 0.22884126007556915]]]}, "hider_trajs": {"trajectories": [[[[1.352166771888733, -0.7613760232925415], [-0.419156014919281, -0.7745354771614075], [-1.0275256633758545, 0.024680092930793762], [-1.1372528076171875, -0.17466558516025543], [1.1450281143188477, 0.31998997926712036]], [[1.3250998258590698, -0.743527889251709], [1.0704493522644043, 0.110448457300663], [1.2353779077529907, 0.27198079228401184], [1.2163581848144531, 0.3503594994544983], [-0.9238008856773376, -0.3704095482826233]], [[1.3031072616577148, -0.7416964173316956], [1.2394369840621948, 0.34122082591056824], [0.3387239873409271, -0.33802491426467896], [-1.0382808446884155, 0.32019248604774475], [-1.2844984531402588, 0.7732515335083008]], [[1.3627240657806396, -0.8001021146774292], [0.9767675399780273, 0.3719860911369324], [-0.11927729099988937, 0.6790211796760559], [-0.47318363189697266, -0.4031309485435486], [-0.7621918320655823, 0.13648204505443573]], [[1.566947102546692, -0.6693534851074219], [0.23268982768058777, -0.13136602938175201], [1.4658708572387695, 0.8680357336997986], [1.5193361043930054, 0.895429790019989], [1.7102700471878052, -0.5057203769683838]], [[1.3950525522232056, -1.0060956478118896], [-0.9530631899833679, -0.9131618142127991], [0.185297891497612, -1.1219202280044556], [-0.2857218086719513, -1.0732645988464355], [0.0030963208992034197, -1.0327447652816772]], [[1.3384017944335938, -0.7024473547935486], [1.383233904838562, -0.6974661946296692], [0.9593561291694641, 0.7761773467063904], [1.0484281778335571, 0.2436743825674057], [-1.1432654857635498, 0.12474115192890167]], [[1.3599987030029297, -0.7474343776702881], [-1.3888828754425049, -0.7572430968284607], [-0.817300021648407, 0.43512284755706787], [0.3804461658000946, -0.20180246233940125], [0.4318041205406189, -0.19875143468379974]], [[1.2877999544143677, -0.7653976082801819], [-0.6579288840293884, 0.26744478940963745], [0.002142909448593855, -0.8414449095726013], [0.2979247570037842, -0.6934506297111511], [-1.4117897748947144, 0.3159344792366028]], [[1.3301565647125244, -0.7536372542381287], [0.6285849809646606, 0.5480439066886902], [-0.37269386649131775, 0.6837942004203796], [0.2386816442012787, -0.5013402104377747], [-1.1091992855072021, 0.7017239332199097]]], [[[1.3289650678634644, -0.4560179114341736], [-0.6052672863006592, -0.5369201302528381], [-1.3378208875656128, 0.7830209732055664], [0.3405281603336334, -0.49470168352127075], [0.4793400168418884, -0.44586437940597534]], [[1.5040162801742554, -0.4918864965438843], [0.12626245617866516, 0.6723767518997192], [1.379876971244812, -0.47611960768699646], [1.7375463247299194, -1.0125479698181152], [1.5178190469741821, -0.9553527235984802]], [[1.4156715869903564, -0.5378394722938538], [0.7366001605987549, -0.7915995121002197], [0.5868279337882996, -1.0629503726959229], [1.5894228219985962, -1.2037967443466187], [1.1291027069091797, -0.8995323181152344]], [[1.3369396924972534, -0.6264556050300598], [-1.209841012954712, -0.9002532958984375], [-0.19697058200836182, 0.024782788008451462], [-0.03212816268205643, -0.39938414096832275], [-0.613752007484436, -0.8327004909515381]], [[1.317455530166626, -0.46818098425865173], [0.8818042278289795, -0.7024750709533691], [-0.8145400285720825, 0.49992865324020386], [-1.049411416053772, 0.7246868014335632], [0.23761779069900513, -0.6674557328224182]], [[1.3714971542358398, -0.36230987310409546], [-0.9873608946800232, 0.2065211534500122], [-1.049307107925415, -0.7937703132629395], [-0.8692264556884766, 0.6939007043838501], [-1.0069290399551392, 0.7180318236351013]], [[1.33497953414917, -0.4138203263282776], [0.931540846824646, 0.7303378582000732], [-0.4823891520500183, 0.3238847851753235], [-0.2759926915168762, -0.17657040059566498], [0.022134404629468918, -0.39516156911849976]], [[1.3454207181930542, -0.39597928524017334], [-1.0489096641540527, 0.5414249897003174], [0.09346606582403183, -0.11894124001264572], [1.3453904390335083, -0.4295153319835663], [-0.9718207716941833, -0.5965395569801331]], [[1.4172552824020386, -0.6103935241699219], [0.1292756199836731, -0.8794638514518738], [1.4494279623031616, -0.9225630760192871], [0.8106322884559631, -1.1238811016082764], [-0.5327266454696655, -1.094706654548645]], [[1.5090956687927246, -0.45145848393440247], [0.3438534438610077, 0.3160548508167267], [1.4587005376815796, -0.14745819568634033], [1.7300500869750977, -0.4191436469554901], [1.730819582939148, -0.9034584164619446]]], [[[1.3963502645492554, -0.15574993193149567], [-1.3478896617889404, 0.2141932249069214], [-0.36295798420906067, -0.5053461194038391], [1.1570183038711548, -0.8498851656913757], [1.2873189449310303, -0.7900152802467346]], [[1.3465293645858765, -0.01473601721227169], [-1.2408350706100464, 0.3178873658180237], [-0.5201775431632996, -0.4809969663619995], [-1.4285391569137573, 0.45499932765960693], [1.0074089765548706, -0.29471367597579956]], [[1.3623723983764648, -0.05389174446463585], [1.2299835681915283, -0.14936231076717377], [1.0942078828811646, 0.2781684100627899], [-0.4278099536895752, -0.7763105630874634], [0.543078601360321, -0.627387523651123]], [[1.342352032661438, -0.02600305713713169], [-1.030381202697754, 0.2541767358779907], [1.1960279941558838, -0.405348002910614], [-0.15763017535209656, -0.7998285889625549], [-0.3461295962333679, 0.010462883859872818]], [[1.3588496446609497, -0.020404966548085213], [-1.2794604301452637, 0.4255325496196747], [-1.3844605684280396, -0.598042368888855], [0.5106246471405029, 0.7987907528877258], [1.400788426399231, 0.3130590319633484]], [[1.3446166515350342, -0.03163481503725052], [0.7223978638648987, 0.2562074065208435], [-0.8611376881599426, -0.13241396844387054], [1.395406723022461, -0.16642044484615326], [-0.5022812485694885, 0.13135245442390442]], [[1.4190492630004883, 0.30572766065597534], [0.43976274132728577, 1.0207514762878418], [0.717289924621582, 1.065072774887085], [-1.3785759210586548, 1.1231377124786377], [0.9248915910720825, 1.1610956192016602]], [[1.352699875831604, 0.011709650047123432], [-1.398329257965088, -0.09323180466890335], [-0.6743283867835999, 0.17839667201042175], [-0.4957709312438965, -0.23037798702716827], [-0.08982852101325989, -0.45609092712402344]], [[1.3305596113204956, 0.05608629807829857], [0.04322559013962746, 0.20431244373321533], [-0.5172373652458191, 0.398824542760849], [-0.6588308215141296, 0.1615816205739975], [-0.3591100573539734, 0.6806086301803589]], [[1.3527981042861938, 0.014409298077225685], [1.3958441019058228, -0.016862131655216217], [-0.7926254272460938, -0.5619905591011047], [1.233198881149292, 0.4867803156375885], [1.0657334327697754, -0.22330909967422485]]], [[[1.3591532707214355, 0.5119408965110779], [-0.08321282267570496, 0.8568350076675415], [1.4195903539657593, -0.14631730318069458], [-0.49890416860580444, 0.4470677971839905], [0.8065596222877502, -0.5486950278282166]], [[1.340512990951538, 0.4272971749305725], [-0.5494353771209717, 0.5124719738960266], [0.7511675953865051, -0.05981753021478653], [1.3729671239852905, -0.5337836742401123], [-1.025400996208191, -0.3333258330821991]], [[1.3405311107635498, 0.37490373849868774], [0.8489947319030762, 0.5426511764526367], [1.4035000801086426, -0.7740077972412109], [0.9585241675376892, 0.45551958680152893], [-1.4048258066177368, 0.6699360013008118]], [[1.376252293586731, 0.5203845500946045], [0.004300194326788187, 