{"seeker_traj": {"trajectories": [[[-0.5230772495269775, -0.745903491973877], [1.3650181293487549, -0.6053617596626282], [1.4541476964950562, -0.8683282732963562], [1.4110627174377441, -0.8012354373931885], [1.3962886333465576, 0.10236363857984543]], [[-1.2555456161499023, -0.1442977786064148], [0.09188492596149445, -0.015183253213763237], [-0.42026591300964355, -0.36664894223213196], [-0.3122478425502777, 0.4349680542945862], [1.3270559310913086, 0.035049498081207275]], [[-0.8497341871261597, 0.7033033967018127], [-1.1581435203552246, 0.7076256275177002], [0.09714169055223465, 0.8701726794242859], [1.4906315803527832, 0.8714650869369507], [1.5259102582931519, 0.9336830973625183]]]}, "hider_trajs": {"trajectories": [[[[1.2695808410644531, -0.6416062712669373], [-0.7379000186920166, -0.08024211972951889], [0.36105015873908997, -0.08509169518947601], [1.0259090662002563, 0.39969587326049805], [1.2810981273651123, 0.6361275911331177]], [[1.3452517986297607, -0.7026233673095703], [-0.13462287187576294, 0.4663470387458801], [0.3390086591243744, 0.5832186341285706], [-0.4821172058582306, -0.5901288390159607], [0.5202385783195496, 0.038793791085481644]], [[1.2149646282196045, -0.8749257326126099], [-1.0598013401031494, -0.9352994561195374], [0.14642977714538574, -0.9093268513679504], [1.0915409326553345, -0.8640187978744507], [0.3604002594947815, -0.936991274356842]], [[1.2413474321365356, -0.5728503465652466], [0.088836170732975, -0.16229748725891113], [-0.08425761014223099, 0.07046504318714142], [0.5621115565299988, 0.6510781645774841], [0.602742075920105, 0.70683354139328]], [[1.4354859590530396, -0.10005737841129303], [1.5231645107269287, 0.8168327808380127], [1.6745193004608154, 0.924630343914032], [1.8809618949890137, 0.9375702142715454], [2.633049488067627, 0.9614933133125305]], [[1.2822426557540894, -0.49563151597976685], [0.1923930048942566, -0.327298641204834], [0.8001390099525452, -0.6761378049850464], [0.8229507207870483, -0.7647309303283691], [-0.9088988900184631, 0.6541712880134583]], [[1.2920573949813843, -0.5588294863700867], [-1.0968430042266846, 0.1092088595032692], [0.9294664263725281, 0.039032209664583206], [-0.6119582056999207, -0.014172795228660107], [1.0042250156402588, -0.10586123913526535]], [[1.2379297018051147, -0.4914177358150482], [-0.3476601243019104, 0.5422206521034241], [-1.102349877357483, 0.7703936696052551], [-1.29383385181427, 0.7387261986732483], [-0.01704132929444313, -0.6703401207923889]], [[1.1749502420425415, -0.6837703585624695], [0.8998364210128784, -0.6797698140144348], [-0.9388288855552673, -0.6607757210731506], [-0.01747928000986576, -0.6139468550682068], [-0.8982263803482056, 0.3281632959842682]], [[1.305701494216919, -0.6303867101669312], [0.463431179523468, -0.44153228402137756], [1.3540608882904053, 0.20703169703483582], [0.06184353306889534, -0.6868456602096558], [-0.82993483543396, -0.6969037055969238]]], [[[1.0230025053024292, -0.20859043300151825], [1.0914289951324463, -0.44232797622680664], [-0.5627476572990417, 0.30443882942199707], [-1.0015711784362793, 0.25795823335647583], [-0.28279680013656616, -0.47051772475242615]], [[1.4981951713562012, -0.8529490232467651], [1.5315885543823242, -0.944395899772644], [1.6002542972564697, -1.0166654586791992], [1.6005911827087402, -1.1061811447143555], [1.5684703588485718, -1.803644061088562]], [[1.2353171110153198, -0.5401641130447388], [1.4167795181274414, -0.5831896662712097], [1.4740267992019653, 0.015083923935890198], [1.5218276977539062, -0.43269336223602295], [1.496721625328064, 0.048084985464811325]], [[1.4317500591278076, 0.0227403175085783], [1.4753522872924805, 0.7524895071983337], [1.54632568359375, 0.3435327410697937], [1.5767252445220947, 0.6743332743644714], [1.5501223802566528, -0.1904691904783249]], [[1.007838249206543, -0.28206682205200195], [1.3354283571243286, -0.6680104732513428], [-0.5269367098808289, -0.6322950124740601], [-0.045463986694812775, 0.6506670713424683], [-0.7415082454681396, -0.5083474516868591]], [[1.2647782564163208, -0.8394172787666321], [0.35539451241493225, -0.8939318060874939], [-1.109802007675171, -0.8212733268737793], [-1.435437560081482, -0.8284663558006287], [-1.4164187908172607, -0.8012097477912903]], [[1.1797518730163574, -0.2848479151725769], [-0.6001856923103333, 0.12151659280061722], [0.33513474464416504, -0.6609655618667603], [-0.903872013092041, -0.39123862981796265], [0.35195669531822205, -0.2232656627893448]], [[1.285244345664978, -0.4866461157798767], [-0.5174345970153809, 0.3083888292312622], [-0.34262165427207947, -0.5786222219467163], [-1.2734698057174683, 0.48749205470085144], [-1.3953903913497925, -0.08461668342351913]], [[1.3082621097564697, 0.25411728024482727], [-0.6472579836845398, 0.7356411814689636], [1.0025113821029663, 0.738332211971283], [1.268556833267212, -0.1966160386800766], [-0.42015835642814636, -0.4803512394428253]], [[1.0810010433197021, -0.45666468143463135], [1.1819642782211304, -0.16736233234405518], [-0.24212324619293213, 0.4554053246974945], [0.12201222032308578, -0.5729687213897705], [-1.0923875570297241, -0.17144426703453064]]], [[[1.093440294265747, 0.006116221658885479], [0.6263821125030518, 0.7031937837600708], [-0.23439370095729828, 0.10558366775512695], [0.2686718702316284, 0.556639552116394], [0.21659167110919952, -0.453055739402771]], [[1.2986102104187012, 0.20260748267173767], [-0.9445065855979919, -0.35929206013679504], [0.352577805519104, -0.54970782995224], [-0.750690221786499, 0.4205605983734131], [-0.220840722322464, -0.3046128749847412]], [[1.20405113697052, 0.2399331033229828], [0.44651418924331665, -0.6566934585571289], [-1.0412908792495728, 0.28822773694992065], [-1.2119033336639404, 0.4497821629047394], [0.16251379251480103, -0.6282021403312683]], [[1.296101450920105, 0.5917019248008728], [-1.097459077835083, 0.7827202677726746], [0.9312707185745239, 0.6713356971740723], [0.7387182116508484, -0.7068970799446106], [-0.7911665439605713, 0.23262152075767517]], [[1.1611645221710205, -0.0868738517165184], [-0.5571370720863342, 0.022131389006972313], [-0.18550828099250793, -0.010004444979131222], [-0.7238547801971436, -0.5076373219490051], [-0.49512752890586853, -0.29615578055381775]], [[1.1046295166015625, 0.09213702380657196], [1.270013451576233, -0.4970965087413788], [-0.019270284101366997, -0.0451170988380909], [-0.6942302584648132, -0.7510161995887756], [-1.0001840591430664, 0.20068606734275818]], [[1.448038935661316, 0.7296745181083679], [1.5341776609420776, 0.9113070964813232], [1.584006428718567, 0.9630629420280457], [1.6310368776321411, 1.1402498483657837], [1.6761223077774048, 1.6697243452072144]], [[1.3809654712677002, -0.2716735303401947], [-1.1143161058425903, -0.2634570896625519], [-1.3053207397460938, -0.8166458010673523], [0.7506202459335327, -0.8140156865119934], [-0.7045490741729736, 0.44807660579681396]], [[1.3057341575622559, -0.04030144214630127], [-1.1437287330627441, 0.48740875720977783], [-0.8622792959213257, -0.06656514108181], [1.056248426437378, 0.8601614832878113], [-1.3042800426483154, 0.7662716507911682]], [[1.1505746841430664, -0.06050179898738861], [0.6226434111595154, 0.2341604232788086], [-0.3533207178115845, -0.34913668036460876], [-0.6495489478111267, -0.13371215760707855], [0.21336396038532257, 0.2087784856557846]]], [[[1.1811519861221313, 0.5052608847618103], [0.11303718388080597, 0.011413361877202988], [0.8464550971984863, 0.6763509511947632], [-0.8641093969345093, 0.6481845378875732], [0.5340912342071533, 0.37954646348953247]], [[1.1479843854904175, 0.4304942786693573], [-1.0724105834960938, 0.6992709636688232], [-1.04059636592865, 0.6490964293479919], [0.03824668377637863, 0.5270465016365051], [-0.46780750155448914, 0.2835375964641571]], [[1.245597004890442, 0.19830502569675446], [-0.5891641974449158, -0.1259590983390808], [1.2239766120910645, 0.4109625816345215], [1.2921785116195679, 0.2826739251613617], [-0.5616870522499084, 0.8104104995727539]], [[1.266127109527588, 0.5004374980926514], [-0.3304637670516968, 