{"seeker_traj": {"trajectories": [[[0.7945953011512756, 0.7387675642967224], [1.281969666481018, 0.7717542052268982], [-1.2447360754013062, -0.07172262668609619], [1.2150185108184814, -0.41995030641555786], [0.6382529139518738, 0.0567464679479599]], [[-0.22286511957645416, -0.7286301255226135], [-1.1261414289474487, -0.7416110038757324], [1.3031916618347168, 0.6346727609634399], [0.6844029426574707, -0.8470865488052368], [-0.09097737073898315, -0.9289590716362]], [[-0.7934595346450806, 0.44319894909858704], [-1.280877947807312, 0.5074578523635864], [-0.9872775077819824, 0.7621936202049255], [1.3757216930389404, 0.755993664264679], [1.4733548164367676, -0.5259067416191101]]]}, "hider_trajs": {"trajectories": [[[[1.399999976158142, -0.800000011920929], [0.41653403639793396, 0.47339558601379395], [-0.015815353021025658, -0.9845561981201172], [0.39266130328178406, 0.8073275089263916], [-1.0638236999511719, -0.8526465892791748]], [[1.399999976158142, -0.800000011920929], [-0.6332477927207947, 0.09543132781982422], [1.1422932147979736, 0.5817837715148926], [-0.933079183101654, -0.22656822204589844], [-0.8812244534492493, -0.39747118949890137]], [[1.399999976158142, -0.800000011920929], [1.3499149084091187, -0.44375038146972656], [-0.865665853023529, 0.39308643341064453], [-0.5180832147598267, 0.31942319869995117], [0.9144832491874695, -0.5463645458221436]], [[1.399999976158142, -0.800000011920929], [-0.13578414916992188, -0.9562888145446777], [1.0721168518066406, 0.7777283191680908], [0.1754329651594162, -0.14301705360412598], [0.004592514131218195, -0.07451796531677246]], [[1.399999976158142, -0.800000011920929], [0.44059067964553833, -0.9003214836120605], [-1.2374283075332642, -0.31734704971313477], [-0.275390625, -0.9234340190887451], [0.4518631100654602, -0.9753527641296387]], [[1.399999976158142, -0.800000011920929], [1.375457763671875, 0.9242737293243408], [-0.5440872311592102, 0.09545135498046875], [-0.5814968347549438, 0.20885825157165527], [-0.6453704833984375, 0.7823257446289062]], [[1.399999976158142, -0.800000011920929], [1.0000320672988892, -0.9121220111846924], [0.15153007209300995, -0.6324734687805176], [1.4051166772842407, -0.18404436111450195], [1.5411293506622314, -0.08726644515991211]], [[1.399999976158142, -0.800000011920929], [-0.38846513628959656, 0.022056102752685547], [0.22433777153491974, 0.8073856830596924], [0.6328697204589844, 0.6623332500457764], [-0.0046562193892896175, 0.35666537284851074]], [[1.399999976158142, -0.800000011920929], [1.3771774768829346, -0.7999446392059326], [-0.6184238791465759, 0.3933718204498291], [1.525238037109375, -0.5794403553009033], [-0.7509071230888367, -0.43302464485168457]], [[1.399999976158142, -0.800000011920929], [-0.5516807436943054, 0.7023892402648926], [0.1565525084733963, -0.7848999500274658], [-1.0992192029953003, -0.02982807159423828], [-0.7407997250556946, -0.4685482978820801]]], [[[1.399999976158142, -0.4000000059604645], [0.9153347015380859, 0.9412312507629395], [1.2103302478790283, 0.5114352703094482], [-0.1806713193655014, 0.5737426280975342], [1.2361046075820923, 0.26233911514282227]], [[1.399999976158142, -0.4000000059604645], [-1.0495163202285767, -0.3614671230316162], [-1.5383576154708862, -0.9264748096466064], [0.011141586117446423, -0.42685627937316895], [-0.03157463297247887, 0.8558573722839355]], [[1.399999976158142, -0.4000000059604645], [-1.5863593816757202, -0.3581562042236328], [-1.388983964920044, -0.005942821502685547], [-0.8833320736885071, -0.40497446060180664], [-0.3437561094760895, -0.9996974468231201]], [[1.399999976158142, -0.4000000059604645], [-1.508151650428772, 0.6873717308044434], [-1.4806915521621704, -0.12064146995544434], [-1.5366417169570923, 0.8715531826019287], [0.4319332242012024, -0.9152636528015137]], [[1.399999976158142, -0.4000000059604645], [0.05849495157599449, -0.3455228805541992], [1.5744075775146484, 0.5307803153991699], [-0.8191776275634766, 0.31271886825561523], [1.0742660760879517, -0.21780085563659668]], [[1.399999976158142, -0.4000000059604645], [-0.7629642486572266, 0.34513378143310547], [-1.1825428009033203, 0.94913649559021], [-1.5158684253692627, 0.9389348030090332], [1.288481593132019, -0.10703110694885254]], [[1.399999976158142, -0.4000000059604645], [-1.4910980463027954, 0.37050318717956543], [0.7760982513427734, -0.5128412246704102], [-0.09645996242761612, -0.05453324317932129], [0.2834590971469879, 0.3260324001312256]], [[1.399999976158142, -0.4000000059604645], [0.6394729614257812, -0.41226911544799805], [0.27236175537109375, -0.33356523513793945], [-0.45133477449417114, 0.8050277233123779], [-0.4068054258823395, -0.18796205520629883]], [[1.399999976158142, -0.4000000059604645], [0.10033874958753586, 0.5630357265472412], [-1.034705400466919, 0.8346786499023438], [-0.8605670928955078, -0.2947518825531006], [1.0762885808944702, 0.4307737350463867]], [[1.399999976158142, -0.4000000059604645], [-0.041732024401426315, -0.5246942043304443], [1.3526149988174438, 0.12090086936950684], [-1.3723156452178955, 0.5780510902404785], [0.32383957505226135, -0.8296713829040527]]], [[[1.399999976158142, 0.0], [-1.3062282800674438, -0.895637035369873], [-0.5408802032470703, -0.5491693019866943], [-1.4595760107040405, 0.672917366027832], [0.9609195590019226, 0.46292567253112793]], [[1.399999976158142, 0.0], [-1.4794647693634033, -0.41349220275878906], [1.5503075122833252, -0.7640285491943359], [-0.0716094970703125, 0.20043396949768066], [-1.4970630407333374, -0.31639742851257324]], [[1.399999976158142, 0.0], [0.5591869354248047, 0.4032747745513916], [-0.846470296382904, -0.2023482322692871], [1.371938705444336, -0.193192720413208], [-0.625308632850647, 0.33809423446655273]], [[1.399999976158142, 0.0], [0.14702606201171875, -0.8633668422698975], [-0.3092769682407379, 0.9465548992156982], [1.0439132452011108, -0.5189473628997803], [0.8935600519180298, 0.8325638771057129]], [[1.399999976158142, 0.0], [-1.188065767288208, -0.6909453868865967], [-0.2801853120326996, -0.7920007705688477], [0.8119556307792664, -0.5455319881439209], [0.6295238733291626, 0.5586249828338623]], [[1.399999976158142, 0.0], [-1.435630440711975, 0.9653427600860596], [-1.4480746984481812, 0.4112882614135742], [-0.14906731247901917, -0.12033462524414062], [0.6289035677909851, 0.6166048049926758]], [[1.399999976158142, 0.0], [0.2858394682407379, 0.062097787857055664], [0.5958145260810852, 0.39122509956359863], [0.7522994875907898, 0.6439023017883301], [-0.8860214352607727, -0.02678537368774414]], [[1.399999976158142, 0.0], [-0.2419693022966385, -0.9825649261474609], [-1.4848934412002563, 0.22744536399841309], [-0.3593803346157074, -0.8908443450927734], [-0.4527084529399872, 0.13131165504455566]], [[1.399999976158142, 0.0], [0.988391101360321, -0.7926762104034424], [1.5166558027267456, -0.36159372329711914], [0.7601612210273743, 0.7701539993286133], [-0.3951767086982727, 0.5533959865570068]], [[1.399999976158142, 0.0], [0.6541854739189148, -0.6128764152526855], [1.319437026977539, -0.11655998229980469], [-0.5154968500137329, -0.8131420612335205], [1.026140570640564, -0.36785268783569336]]], [[[1.399999976158142, 0.40000003576278687], [0.31734657287597656, 0.8288731575012207], [0.8743686676025391, 0.7766819000244141], [-0.17263908684253693, -0.3267216682434082], [1.3483539819717407, -0.674480676651001]], [[1.399999976158142, 0.40000003576278687], [-0.6632667779922485, 0.9092497825622559], [0.8145816922187805, 0.7559151649475098], [-0.7622742056846619, 0.8309810161590576], [1.2298164367675781, 0.4187345504760742]], [[1.399999976158142, 0.40000003576278687], [1.3304108381271362, -0.4416816234588623], [-1.2930797338485718, 0.25052523612976074], [-0.4364902675151825, -0.07621240615844727], [-1.5814746618270874, -0.4964151382446289]], [[1.399999976158142, 0.40000003576278687], [0.8407573699951172, 0.42623353004455566], [-0.2278064787387848, -0.16446852684020996], [-0.7837467193603516, -0.7058117389678955], [-0.007256317418068647, 0.8454208374023438]], [[1.399999976158142, 