{"seeker_traj": {"trajectories": [[[-1.1739994287490845, -0.5539640784263611], [-0.6044093370437622, -0.4678296446800232], [-0.33275479078292847, -0.5318366885185242], [1.2818679809570312, -0.12537690997123718], [1.3345932960510254, -0.7453777194023132]], [[-1.183243989944458, 0.23685146868228912], [-0.10952599346637726, 0.5833479762077332], [0.9635406136512756, -0.14158086478710175], [0.4536380171775818, 0.6859126687049866], [1.338618516921997, 0.7223701477050781]], [[-1.1835765838623047, 0.5842214226722717], [-1.1801156997680664, 0.32977086305618286], [0.25235676765441895, -0.3345765471458435], [-1.030853271484375, 0.45308446884155273], [-0.1835603415966034, -0.53396075963974]]]}, "hider_trajs": {"trajectories": [[[[1.2121108770370483, -0.5904929041862488], [-0.9857812523841858, -0.14366447925567627], [0.15093982219696045, 0.05212927982211113], [0.9234989881515503, 0.5981887578964233], [1.1249172687530518, 0.574424147605896]], [[1.2278213500976562, -0.6566037535667419], [-0.20661316812038422, 0.47059857845306396], [0.34593552350997925, 0.4832656979560852], [-0.5397723913192749, -0.6209484934806824], [0.5078908801078796, -0.0146564906463027]], [[1.2569875717163086, -0.637364387512207], [-0.7072382569313049, -0.673403263092041], [0.36385419964790344, -0.7125192880630493], [1.2920923233032227, -0.48041850328445435], [0.41981491446495056, -0.5527619123458862]], [[1.1985019445419312, -0.5683062672615051], [0.33379310369491577, 0.12718375027179718], [-0.0058299885131418705, 0.5074132680892944], [0.4511960744857788, 0.5514404773712158], [0.3294377028942108, 0.15418408811092377]], [[1.1277908086776733, -0.6473113894462585], [1.0879865884780884, -0.6600386500358582], [-0.8110674619674683, -0.6823604106903076], [1.1474260091781616, 0.35081687569618225], [1.2049217224121094, 0.2764962911605835]], [[1.1833932399749756, -0.5868898034095764], [-0.2696145474910736, -0.08961828052997589], [0.1593439131975174, -0.28605949878692627], [-0.02399926446378231, -0.5828856229782104], [-1.1789710521697998, 0.5930497646331787]], [[1.1989575624465942, -0.5532034635543823], [-1.1515698432922363, 0.023546211421489716], [0.5789705514907837, 0.4098166823387146], [-1.0064655542373657, 0.2550736963748932], [1.1710132360458374, -0.05849812179803848]], [[1.1847047805786133, -0.5841777324676514], [-0.3344455063343048, 0.09744304418563843], [-1.0518518686294556, 0.5844412446022034], [-1.1846860647201538, 0.5809348821640015], [-0.06337586045265198, -0.5856154561042786]], [[1.1866153478622437, -0.6080212593078613], [1.0529983043670654, -0.6066402792930603], [-0.9460051655769348, -0.5896316170692444], [-0.13718995451927185, -0.21709990501403809], [-1.1881451606750488, 0.42419299483299255]], [[1.2108396291732788, -0.5940312147140503], [0.3210783898830414, -0.5154799222946167], [1.2065954208374023, 0.42461782693862915], [0.15644009411334991, -0.4562768042087555], [-0.9328977465629578, -0.5878015756607056]]], [[[1.1782108545303345, -0.41982176899909973], [1.1290453672409058, -0.4678526818752289], [-0.864423930644989, 0.15054205060005188], [-1.1710084676742554, 0.20513911545276642], [-0.6357591152191162, -0.54581618309021]], [[1.3654701709747314, -0.7588891386985779], [1.382193684577942, -0.7826242446899414], [1.3960884809494019, -0.8079730868339539], [1.408874750137329, -0.8465964794158936], [1.4354541301727295, -0.897261381149292]], [[1.3570736646652222, 0.7550728917121887], [1.4184483289718628, 0.8286044597625732], [1.4563425779342651, 0.8684498071670532], [1.4668253660202026, 0.8773762583732605], [1.4525655508041382, 0.8511095643043518]], [[1.1953930854797363, -0.43806588649749756], [0.8396308422088623, 0.3778867721557617], [-1.1142901182174683, -0.5362129211425781], [1.1280313730239868, 0.5784478783607483], [1.013709545135498, -0.3122859001159668]], [[1.1951779127120972, -0.41203033924102783], [1.186414361000061, -0.5901045799255371], [-1.1023904085159302, -0.5890119671821594], [-0.5592700242996216, 0.5830056667327881], [-1.1915132999420166, -0.3977324366569519]], [[1.186951756477356, -0.4261989891529083], [0.09831860661506653, -0.15103721618652344], [-0.2957841753959656, -0.6316961050033569], [-1.1817930936813354, -0.49820324778556824], [-0.48710840940475464, 0.05396731197834015]], [[1.1691502332687378, -0.5376830101013184], [-0.791000485420227, -0.08777906745672226], [0.0853595957159996, -0.6204349398612976], [-0.9706616997718811, -0.30790627002716064], [0.0054359519854187965, -0.15231657028198242]], [[1.1833337545394897, -0.3985744118690491], [-0.768216609954834, 0.35407835245132446], [-0.31969499588012695, -0.5870755910873413], [-1.1649190187454224, 0.5058404207229614], [-1.1781734228134155, -0.1539924591779709]], [[1.1906384229660034, -0.4135758876800537], [-1.1268585920333862, 0.4176631569862366], [0.524402379989624, 0.5614798665046692], [1.1930793523788452, -0.4444843828678131], [-1.0664355754852295, -0.5937544107437134]], [[1.1825153827667236, -0.3950342833995819], [1.1846187114715576, -0.08210907876491547], [-0.13374873995780945, 0.36710670590400696], [0.15717557072639465, -0.5427850484848022], [-1.0976406335830688, -0.21861456334590912]]], [[[1.184295415878296, 0.002170481951907277], [0.46289536356925964, 0.5813411474227905], [-0.2013365924358368, 0.10718245804309845], [0.15042024850845337, 0.5609971880912781], [0.1099420040845871, -0.522094190120697]], [[1.2394319772720337, 0.035397712141275406], [-1.1074663400650024, -0.4903668463230133], [0.543848991394043, -0.5726895332336426], [-0.6134172081947327, 0.5809950232505798], [-0.19331051409244537, -0.25986653566360474]], [[1.0675019025802612, 0.07299990952014923], [0.6392524242401123, -0.4692860543727875], [-0.5982016921043396, 0.33935755491256714], [-0.8189495801925659, 0.28396764397621155], [0.10708609968423843, -0.5840679407119751]], [[1.1832908391952515, -0.010100345127284527], [-1.1493682861328125, 0.49384191632270813], [0.8872115612030029, 0.26808425784111023], [0.7401347160339355, -0.5932527184486389], [-0.823967456817627, 0.5857426524162292]], [[1.1902987957000732, -0.009070123545825481], [-1.1466357707977295, 0.13682061433792114], [-1.0095406770706177, -0.014841824769973755], [-1.0733206272125244, -0.6042845249176025], [-0.7384985089302063, -0.5606462359428406]], [[1.1832963228225708, 0.0020986951421946287], [1.185420274734497, -0.49382802844047546], [-0.13202160596847534, -0.12357350438833237], [-1.1619830131530762, -0.44218751788139343], [-1.0541002750396729, 0.07612906396389008]], [[1.1849052906036377, 0.04740782827138901], [1.1906554698944092, 0.310436487197876], [0.06762441992759705, 0.5674931406974792], [0.148001566529274, 0.3899288773536682], [1.1954565048217773, -0.03383171930909157]], [[1.18734610080719, 0.010563377290964127], [-1.1830626726150513, 0.08656616508960724], [-1.1849950551986694, -0.5900006294250488], [1.0105373859405518, -0.5600737929344177], [-0.49441099166870117, 0.420419842004776]], [[1.1868374347686768, -0.009880359284579754], [-1.1829603910446167, 0.40528354048728943], [-1.129483699798584, -0.5839586853981018], [0.738408625125885, 0.4359508156776428], [-1.182376503944397, 0.5690693259239197]], [[1.184224009513855, -0.004078528378158808], [0.43040788173675537, 0.08752606809139252], [-0.5739879608154297, -0.16525977849960327], [-0.8146981596946716, 0.11776251345872879], [0.3853003978729248, 0.45296022295951843]]], [[[1.1831949949264526, 0.37223827838897705], [-0.12233441323041916, -0.06642753630876541], [0.6756539344787598, 0.5956794619560242], [-0.9724085330963135, 0.5946926474571228], [0.3100745677947998, 0.2485644370317459]], [[1.233896017074585, 0.6197335124015808], [-1.0676053762435913, 0.6591628789901733], [-1.048600673675537, 0.6564699411392212], [-0.15501290559768677, 0.6487687230110168], [-0.4425361752510071, 0.6599826812744141]], [[1.2463655471801758, 0.48095449805259705], [-0.27924227714538574, -0.2378746122121811], [1.2354693412780762, 0.5918635129928589], [1.2132766246795654, 0.35223838686943054], [-0.5278581976890564, 0.5905640125274658]], [[1.1837353706359863, 