{"trajs": {"trajectories": [[[-0.9633229970932007, -1.0462912321090698], [-0.17347747087478638, -0.7269043326377869], [1.013527750968933, -0.9956254363059998]], [[-0.7791405320167542, -0.4659370481967926], [0.7240604162216187, -1.134581208229065], [1.634048581123352, -0.7553526163101196]], [[-0.4327077865600586, -0.1346985250711441], [0.2701870799064636, -0.5202807784080505], [1.1833285093307495, -0.5923764109611511]], [[-1.3541752099990845, -0.5621132850646973], [-0.4901703894138336, -0.5964184999465942], [1.0353941917419434, -0.1630609780550003]], [[-0.9180940389633179, -0.10668683052062988], [-0.9106259942054749, -0.21120840311050415], [0.6559694409370422, 0.14218589663505554]], [[-0.5815095901489258, 0.22776611149311066], [-0.41108688712120056, -0.045722123235464096], [1.6729909181594849, -0.25335603952407837]], [[-0.16672997176647186, 0.36991751194000244], [0.1920185536146164, 0.42451396584510803], [1.4983407258987427, 0.15957272052764893]], [[-1.0965566635131836, 0.40638384222984314], [-0.397399365901947, 0.39584094285964966], [0.9008366465568542, 0.4163637161254883]], [[-0.7879860401153564, 0.6988602876663208], [-0.10693574696779251, 0.7784492373466492], [1.2033610343933105, 0.6769708395004272]], [[-1.6058757305145264, 0.678072452545166], [-0.08685043454170227, 1.4165605306625366], [0.9858012795448303, 1.0738506317138672]]]}, "best_eps_idx": 4, "time": 15591.915742022917, "n": 10, "T": 3, "width": 3.2, "height": 3.0, "R": 0.5, "max_wind_thrust": 0.5, "duration": 30.0, "dp_mcmc_step_size": 0.0001, "ep_mcmc_step_size": 0.0001, "num_rounds": 50, "num_mcmc_steps_per_round": 50, "num_chains": 10, "use_gradients": false, "use_stochasticity": true, "repair": true, "predict": true, "quench_rounds": 0, "tempering_schedule": null}