{"trajs": {"trajectories": [[[-1.1647909879684448, -0.9094690084457397], [-0.12008750438690186, -1.0008763074874878], [1.1801447868347168, -0.9096726775169373]], [[-1.0688375234603882, -0.48428288102149963], [-0.012857151217758656, -0.4482712745666504], [1.0726059675216675, -0.4677240252494812]], [[-1.2131074666976929, -0.0363660603761673], [0.03340769186615944, 0.11386487632989883], [1.043832778930664, -0.019746385514736176]], [[-1.1310997009277344, 0.370719850063324], [0.14288754761219025, 0.5879827737808228], [1.022587776184082, 0.478298157453537]], [[-1.134321689605713, 0.9265435934066772], [0.03192709758877754, 0.9891592264175415], [1.117375373840332, 1.0133922100067139]]]}, "best_eps_idx": 2, "time": 619.9486426208168, "n": 5, "T": 3, "width": 3.2, "height": 3.0, "R": 0.5, "max_wind_thrust": 1.0, "duration": 30.0, "dp_mcmc_step_size": 1e-05, "ep_mcmc_step_size": 1e-05, "num_rounds": 50, "num_mcmc_steps_per_round": 50, "num_chains": 5, "use_gradients": true, "use_stochasticity": false, "repair": true, "predict": false, "quench_rounds": 20, "tempering_schedule": null}