{"trajs": {"trajectories": [[[-0.7547738552093506, -0.654629111289978], [-0.7356940507888794, 0.22853897511959076], [0.8351083397865295, 0.6349682807922363]], [[-0.7547877430915833, -0.46786999702453613], [0.3810237944126129, 0.6507214307785034], [0.7653272747993469, -0.44767454266548157]], [[-0.7548478841781616, 0.031944699585437775], [0.7590409517288208, 0.5235430002212524], [0.8354617953300476, -0.43541860580444336]], [[-0.7546969056129456, 0.5462087392807007], [-0.5058896541595459, -0.6313843727111816], [0.8134860992431641, 0.31231242418289185]], [[-0.7547396421432495, 0.6531340479850769], [-0.16950808465480804, 0.20085439085960388], [0.8295720219612122, 0.006579685490578413]]]}, "best_eps_idx": 9, "time": 1970.9132837234065, "n": 5, "T": 3, "width": 3.2, "height": 3.0, "R": 0.5, "max_wind_thrust": 0.5, "duration": 30.0, "dp_mcmc_step_size": 0.001, "ep_mcmc_step_size": 0.001, "num_rounds": 50, "num_mcmc_steps_per_round": 50, "num_chains": 10, "use_gradients": true, "use_stochasticity": false, "repair": true, "predict": false, "quench_rounds": 20, "tempering_schedule": null}