{"trajs": {"trajectories": [[[-1.016046404838562, -0.9198687076568604], [0.10464735329151154, -0.9051501154899597], [1.1924177408218384, -0.8646169900894165]], [[-1.105758786201477, -0.41331085562705994], [-0.013629908673465252, -0.3915761113166809], [1.2968593835830688, -0.41698065400123596]], [[-0.9048609137535095, 0.04977189749479294], [-0.09595414251089096, 0.11142107844352722], [1.110455870628357, -0.0005266011576168239]], [[-1.2931628227233887, 0.33204084634780884], [-0.34355923533439636, 0.4779118299484253], [0.8750351667404175, 0.4351329505443573]], [[-1.0725245475769043, 0.7625386118888855], [0.07598547637462616, 0.7773213982582092], [1.272636890411377, 0.647998571395874]]]}, "best_eps_idx": 7, "time": 2503.17502900213, "n": 5, "T": 3, "width": 3.2, "height": 3.0, "R": 0.5, "max_wind_thrust": 2.0, "duration": 30.0, "dp_mcmc_step_size": 0.001, "ep_mcmc_step_size": 0.001, "num_rounds": 50, "num_mcmc_steps_per_round": 50, "num_chains": 10, "use_gradients": true, "use_stochasticity": false, "repair": true, "predict": false, "quench_rounds": 20, "tempering_schedule": null}