{"trajs": {"trajectories": [[[-0.7531601786613464, -0.6537192463874817], [0.2500196099281311, -0.2425304502248764], [0.6788594126701355, -0.4307454228401184]], [[-0.76606684923172, -0.35870274901390076], [0.7273308634757996, 0.6651273369789124], [0.8493454456329346, -0.054496023803949356]], [[-0.7609890699386597, 0.2011120617389679], [-0.07128582894802094, -0.24786384403705597], [0.8486294746398926, -0.1650475114583969]], [[-0.7172975540161133, 0.17579175531864166], [-0.20998218655586243, 0.4475761950016022], [0.8496009111404419, 0.1265890747308731]], [[-0.7548583745956421, 0.6468583345413208], [0.7633107900619507, 0.647714376449585], [0.8327875137329102, 0.5495502352714539]]]}, "best_eps_idx": 0, "time": 1215.4624523324892, "n": 5, "T": 3, "width": 3.2, "height": 3.0, "R": 0.5, "max_wind_thrust": 0.5, "duration": 30.0, "dp_mcmc_step_size": 0.001, "ep_mcmc_step_size": 0.001, "num_rounds": 50, "num_mcmc_steps_per_round": 50, "num_chains": 5, "use_gradients": true, "use_stochasticity": false, "repair": true, "predict": true, "quench_rounds": 20, "tempering_schedule": null}