{"trajs": {"trajectories": [[[0.424295037984848, -0.2661390006542206], [-0.2760463356971741, -0.3720642328262329], [0.7929697632789612, -0.3936924636363983]], [[-0.16509999334812164, 0.28117474913597107], [0.4192489981651306, -0.08657587319612503], [0.8349632620811462, 0.3892573416233063]], [[0.17574016749858856, -0.4369284212589264], [0.15233434736728668, -0.5698153972625732], [0.6745434403419495, -0.039463791996240616]], [[-0.07715193927288055, -0.11860620975494385], [0.2038593590259552, -0.1547917127609253], [0.8481301069259644, 0.2009059488773346]], [[0.14324761927127838, 0.0732058733701706], [0.8023880124092102, -0.6768004298210144], [0.8453978300094604, 0.09504418820142746]]]}, "best_eps_idx": 0, "time": 1223.8551815440878, "n": 5, "T": 3, "width": 3.2, "height": 3.0, "R": 0.5, "max_wind_thrust": 0.5, "duration": 30.0, "dp_mcmc_step_size": 0.001, "ep_mcmc_step_size": 0.001, "num_rounds": 50, "num_mcmc_steps_per_round": 50, "num_chains": 5, "use_gradients": true, "use_stochasticity": true, "repair": true, "predict": true, "quench_rounds": 20, "tempering_schedule": null}