{"trajs": {"trajectories": [[[-0.8885999917984009, -0.538263738155365], [-0.9410256147384644, 0.3963152766227722], [0.0819142535328865, -0.20009984076023102]], [[-0.9492769241333008, -0.23414887487888336], [0.4745485484600067, 0.47736191749572754], [-0.22718952596187592, -0.2989422082901001]], [[-0.9890255331993103, 0.039577893912792206], [0.3525093197822571, -0.6129453778266907], [-0.5508894920349121, 0.029666829854249954]], [[-0.9535218477249146, 0.29098156094551086], [-0.175225630402565, 0.5942320227622986], [-0.15489572286605835, -0.6143048405647278]], [[-0.9714257121086121, 0.5774376392364502], [-0.19572022557258606, -0.03905387967824936], [-0.4003378450870514, -0.19565272331237793]]]}, "best_eps_idx": 2, "time": 1308.5116833271459, "n": 5, "T": 3, "width": 3.2, "height": 3.0, "R": 0.5, "max_wind_thrust": 0.5, "duration": 30.0, "dp_mcmc_step_size": 0.001, "ep_mcmc_step_size": 0.001, "num_rounds": 50, "num_mcmc_steps_per_round": 50, "num_chains": 5, "use_gradients": true, "use_stochasticity": true, "repair": true, "predict": true, "quench_rounds": 20, "tempering_schedule": null}