{"trajs": {"trajectories": [[[-0.8610761761665344, -0.7615391612052917], [0.3040958344936371, -0.9179275035858154], [1.4840874671936035, -0.5545129776000977]], [[-0.6411678194999695, -0.2928374111652374], [-0.24425636231899261, -0.624240517616272], [1.4052832126617432, -0.11133577674627304]], [[-1.116083025932312, -0.5158369541168213], [-0.3841628432273865, -0.6132081747055054], [0.52073073387146, -0.01369008980691433]], [[-1.0463122129440308, -0.1568789780139923], [-0.24356479942798615, 0.03525732830166817], [0.9857050180435181, 0.04984092712402344]], [[-0.7375825047492981, 0.20743797719478607], [0.3627558946609497, -0.36212724447250366], [1.2881767749786377, 0.37164199352264404]]]}, "best_eps_idx": 9, "time": 4593.201602044515, "n": 5, "T": 3, "width": 3.2, "height": 3.0, "R": 0.5, "max_wind_thrust": 2.0, "duration": 30.0, "dp_mcmc_step_size": 0.0001, "ep_mcmc_step_size": 0.0001, "num_rounds": 50, "num_mcmc_steps_per_round": 50, "num_chains": 10, "use_gradients": true, "use_stochasticity": false, "repair": true, "predict": true, "quench_rounds": 20, "tempering_schedule": null}