{"trajs": {"trajectories": [[[-1.3070147037506104, -0.31771814823150635], [0.10758519917726517, -0.06590144336223602], [1.4313597679138184, -0.8322463035583496]], [[-1.053306221961975, 0.010851060040295124], [0.5825484395027161, 0.2626613974571228], [1.38068425655365, -0.4261002242565155]], [[-1.4238886833190918, 0.12599210441112518], [0.12274178117513657, 0.3602302670478821], [1.1625144481658936, -0.028403380885720253]], [[-1.2761468887329102, 0.6265478134155273], [-0.15320229530334473, 0.6648474335670471], [0.8401826620101929, 0.25935864448547363]], [[-1.2007826566696167, 1.1342689990997314], [-0.2883843183517456, 1.117462158203125], [0.8235363364219666, 0.7718953490257263]]]}, "best_eps_idx": 6, "time": 4527.384719158523, "n": 5, "T": 3, "width": 3.2, "height": 3.0, "R": 0.5, "max_wind_thrust": 2.0, "duration": 30.0, "dp_mcmc_step_size": 0.0001, "ep_mcmc_step_size": 0.0001, "num_rounds": 50, "num_mcmc_steps_per_round": 50, "num_chains": 10, "use_gradients": true, "use_stochasticity": true, "repair": true, "predict": true, "quench_rounds": 20, "tempering_schedule": null}