{"trajs": {"trajectories": [[[-1.3117988109588623, -0.8290497064590454], [0.0812847763299942, -0.9585880041122437], [1.130895733833313, -0.734212338924408]], [[-1.2521153688430786, -0.3689851462841034], [0.24796120822429657, -0.5119756460189819], [1.022375464439392, -0.38030314445495605]], [[-1.111204981803894, 0.04632299765944481], [-0.038930751383304596, -0.12822316586971283], [1.0428887605667114, 0.042081329971551895]], [[-1.1211199760437012, 0.4311507046222687], [0.10484020411968231, 0.45702508091926575], [1.0556265115737915, 0.359544962644577]], [[-1.0713043212890625, 0.8267754316329956], [0.018678180873394012, 1.0043994188308716], [0.9309501051902771, 0.7318796515464783]]]}, "best_eps_idx": 6, "time": 6108.86146901641, "n": 5, "T": 3, "width": 3.2, "height": 3.0, "R": 0.5, "max_wind_thrust": 2.0, "duration": 30.0, "dp_mcmc_step_size": 0.0001, "ep_mcmc_step_size": 0.0001, "num_rounds": 50, "num_mcmc_steps_per_round": 50, "num_chains": 10, "use_gradients": true, "use_stochasticity": true, "repair": true, "predict": true, "quench_rounds": 20, "tempering_schedule": null}