{"trajs": {"trajectories": [[[-0.919704794883728, -0.9694638252258301], [0.06162463128566742, -0.8677110075950623], [1.3526475429534912, -1.2533031702041626]], [[-0.474019855260849, -0.33410054445266724], [-0.29578322172164917, -0.18179555237293243], [1.182552456855774, 0.2334110289812088]], [[0.2081003189086914, 0.031466491520404816], [0.8001255393028259, 0.03996224328875542], [1.3642144203186035, -0.6440479755401611]], [[0.8768297433853149, 0.5372544527053833], [0.2962889075279236, 0.8133033514022827], [1.2566556930541992, 0.8161602020263672]], [[-1.38784921169281, -0.3963634967803955], [-0.9473688006401062, 0.15268459916114807], [0.5257269144058228, 0.8609736561775208]]]}, "best_eps_idx": 6, "time": 1416.3086558626965, "n": 5, "T": 3, "width": 3.2, "height": 3.0, "R": 0.5, "max_wind_thrust": 0.5, "duration": 30.0, "dp_mcmc_step_size": 0.001, "ep_mcmc_step_size": 0.001, "num_rounds": 50, "num_mcmc_steps_per_round": 50, "num_chains": 10, "use_gradients": true, "use_stochasticity": false, "repair": true, "predict": false, "quench_rounds": 20, "tempering_schedule": null}