{"trajs": {"trajectories": [[[-0.8691373467445374, -0.683138370513916], [0.3193652629852295, 0.28334397077560425], [0.36794528365135193, -0.5669395327568054]], [[-0.8711711168289185, -0.49193981289863586], [0.2594435214996338, -0.3777655065059662], [0.46107688546180725, 0.09025730192661285]], [[-0.8569172620773315, 0.15898361802101135], [-0.0005743203219026327, -0.4412514567375183], [0.42461898922920227, -0.2744831144809723]], [[-0.8790905475616455, 0.19175729155540466], [0.5060557126998901, 0.4150855839252472], [0.36728090047836304, 0.20074141025543213]], [[-0.8334053158760071, 0.7592220306396484], [-0.06943265348672867, 0.28557413816452026], [0.34010666608810425, 0.2959591746330261]]]}, "best_eps_idx": 2, "time": 777.1259300848469, "n": 5, "T": 3, "width": 3.2, "height": 3.0, "R": 0.5, "max_wind_thrust": 0.5, "duration": 30.0, "dp_mcmc_step_size": 0.001, "ep_mcmc_step_size": 0.001, "num_rounds": 50, "num_mcmc_steps_per_round": 5, "num_chains": 5, "use_gradients": true, "use_stochasticity": false, "repair": true, "predict": false, "quench_rounds": 5, "tempering_schedule": null}