{"trajs": {"trajectories": [[[-1.0464898347854614, -0.8185192346572876], [-0.28230392932891846, -1.1497989892959595], [1.1418917179107666, -1.0008597373962402]], [[-0.5002384185791016, -0.6803416609764099], [0.09811992198228836, -0.7164928317070007], [1.4629621505737305, -0.618248701095581]], [[-1.1891200542449951, -0.34155890345573425], [-0.30175724625587463, -0.5708329081535339], [0.7319377064704895, -0.6664110422134399]], [[-0.5901464223861694, -0.20277823507785797], [0.21166466176509857, -0.18739871680736542], [1.4787229299545288, -0.16983936727046967]], [[-1.4796146154403687, 0.026298634707927704], [-0.799201488494873, -0.22867223620414734], [0.7708107829093933, -0.1766509860754013]], [[-0.8961899280548096, 0.0993860512971878], [-0.37438419461250305, -0.0491468608379364], [1.1524709463119507, 0.127107173204422]], [[-1.4254059791564941, 0.4909988045692444], [-0.6827401518821716, 0.3952673077583313], [0.6404353380203247, 0.2613942325115204]], [[-0.34561583399772644, 0.28355833888053894], [0.17616038024425507, 0.26515939831733704], [1.5078171491622925, 0.40326955914497375]], [[-0.8968840837478638, 0.5559795498847961], [-0.13577385246753693, 0.4562920331954956], [1.0061790943145752, 0.6333795785903931]], [[-0.7238394021987915, 1.0519942045211792], [-0.6698211431503296, 0.8479309678077698], [0.5428326725959778, 0.5975329875946045]]]}, "best_eps_idx": 0, "time": 6122.6996168438345, "n": 10, "T": 3, "width": 3.2, "height": 3.0, "R": 0.5, "max_wind_thrust": 1.0, "duration": 30.0, "dp_mcmc_step_size": 0.0001, "ep_mcmc_step_size": 0.0001, "num_rounds": 50, "num_mcmc_steps_per_round": 50, "num_chains": 5, "use_gradients": true, "use_stochasticity": true, "repair": true, "predict": true, "quench_rounds": 20, "tempering_schedule": [0.0, 0.09700727462768555, 0.18460416793823242, 0.2637035846710205, 0.33512967824935913, 0.3996269702911377, 0.45786750316619873, 0.5104583501815796, 0.5579474568367004, 0.6008298397064209, 0.6395522356033325, 0.6745182275772095, 0.706092357635498, 0.7346035242080688, 0.760348916053772, 0.7835968732833862, 0.8045895099639893, 0.8235457539558411, 0.8406631350517273, 0.8561199903488159, 0.87007737159729, 0.8826808333396912, 0.8940616250038147, 0.9043384194374084, 0.9136183261871338, 0.9219979643821716, 0.9295647144317627, 0.9363974332809448, 0.9425673484802246, 0.9481387734413147, 0.9531697034835815, 0.9577125310897827, 0.9618147611618042, 0.9655190110206604, 0.9688639044761658, 0.9718843102455139, 0.974611759185791, 0.9770746231079102, 0.9792985320091248, 0.9813067317008972, 0.9831201434135437, 0.9847576022148132, 0.9862362146377563, 0.9875714182853699, 0.9887770414352417, 0.989865779876709, 0.9908488392829895, 0.9917365908622742, 0.9925382137298584, 0.9932620525360107]}