{"case": "case57", "dispatch": {"gen": [[2.2134416103363037, 0.49521520733833313, 0.7490010857582092, 0.773054838180542, 3.4400484561920166, 0.9633950591087341, 0.6651780009269714], [1.0254591703414917, 1.0084704160690308, 1.0013222694396973, 0.9988155961036682, 1.0022741556167603, 0.9808554649353027, 0.9894903302192688]], "load": [[-0.4594743549823761, -0.026497315615415573, -0.34278997778892517, -0.10802740603685379, -0.5888763666152954, -1.3471428155899048, -0.864983856678009, -0.03905747830867767, -3.7465689182281494, -0.14207328855991364, -0.08022766560316086, -0.1784825623035431, -0.4092699885368347, -0.3394711911678314, -0.24500618875026703, -0.030098633840680122, -0.019314588978886604, -0.05351903289556503, -0.04928380250930786, -0.07480143755674362, -0.036250144243240356, -0.15541885793209076, -0.030035560950636864, -0.04804691672325134, -0.012115520425140858, -0.03415326774120331, -0.04970628395676613, -0.11652331054210663, -0.05034611374139786, -0.06347960978746414, -0.016538452357053757, -0.10038123279809952, -0.24406781792640686, -0.16171053051948547, -0.18389150500297546, -0.14771340787410736, -0.04125938564538956, -0.1531965732574463, -0.03716873377561569, -0.05681527033448219, -0.059714969247579575, -0.05356738716363907], [-0.1374412626028061, -0.6585599780082703, -0.1586310714483261, -0.036523282527923584, -0.017489124089479446, -0.18752539157867432, -0.20480546355247498, -0.015081292018294334, -0.2002331167459488, -0.01767435111105442, -0.04643416032195091, -0.0456644669175148, -0.02650211751461029, -0.06467799097299576, -0.0748923048377037, -0.004532631952315569, -0.008010642603039742, -0.018080435693264008, -0.02775600552558899, -0.0037665911950170994, -0.018620144575834274, -0.02019115723669529, -0.013546321541070938, -0.023823510855436325, -0.006235936190932989, -0.01526585966348648, -0.02691020257771015, -0.06020752340555191, -0.024999698624014854, -0.03772999718785286, -0.007391298655420542, -0.0136167723685503, -0.10785537958145142, -0.07398071885108948, -0.08557183295488358, -0.04334979131817818, -0.016729874536395073, -0.08158890902996063, -0.011457403190433979, -0.02732890658080578, -0.016650961712002754, -0.01720873825252056]]}, "network_state": {"line_states": [[1.6239013671875, 0.7140196561813354, 1.622715950012207, 1.5410633087158203, 1.2719284296035767, 1.3915038108825684, 1.0472426414489746, 2.651372194290161, 1.4650377035140991, 3.5014290809631348, 2.3222079277038574, 2.7863237857818604, 2.1713061332702637, 0.8705688714981079, 4.171794414520264, 1.4973084926605225, 2.001760959625244, 1.2537600994110107, 1.4262619018554688, 1.036711573600769, 2.2835981845855713, 1.7601261138916016, 1.641067385673523, 1.775765061378479, 3.4049715995788574, 1.8514169454574585, 3.268110990524292, 2.625596761703491, 1.7079014778137207, 2.262808322906494, 2.033677101135254, 2.740873336791992, 2.9063897132873535, 2.6617817878723145, 0.7299565076828003, 3.4777543544769287, 3.282050132751465, 1.81227445602417, 3.599924325942993, 2.6898579597473145, 1.1947623491287231, 2.7040634155273438, 3.0964808464050293, 2.024960517883301, 2.616821050643921, 1.5993845462799072, 2.3269758224487305, 2.3419933319091797, 2.80769681930542, 2.625648260116577, 3.4188361167907715, 2.6388840675354004, 2.1883509159088135, 2.424028158187866, 4.093051433563232, 3.02603816986084, 2.249612331390381, 2.8984479904174805, 4.706204414367676, 1.9095518589019775, 2.764894723892212, 3.5557875633239746, 1.2163418531417847, 2.4035484790802, 4.553383827209473, 0.34715163707733154, 1.5931587219238281, 1.6617028713226318, 1.3940730094909668, 2.9742941856384277, 3.5496461391448975, 2.7455549240112305, 3.4332776069641113, 0.9398449659347534, 1.2734427452087402, 3.893435478210449, 1.042841911315918, 1.255083441734314, 2.5129332542419434, 2.8217966556549072], [1.5373551845550537, 3.59124755859375, 2.201172351837158, 2.047816038131714, 1.7243021726608276, 3.770984649658203, 0.18800115585327148, 2.9848203659057617, 1.4306544065475464, 3.5002288818359375, 1.8720779418945312, 1.5398223400115967, 0.9021960496902466, 2.5096917152404785, 2.6945815086364746, 2.54939603805542, 3.541930675506592, 1.6181464195251465, 4.668473243713379, 0.8716808557510376, 3.544109344482422, 2.1096909046173096, 2.213369369506836, 0.5007414817810059, 3.518468141555786, 2.2137293815612793, 3.3382487297058105, 4.0287933349609375, 2.573655843734741, -0.09280061721801758, 2.508308172225952, 2.6055831909179688, 1.423222303390503, 1.5060746669769287, 2.3444621562957764, 1.5301487445831299, 2.5157432556152344, 3.1840322017669678, 0.350704550743103, 3.402601957321167, 3.7343015670776367, 3.6714682579040527, 0.6240721940994263, 2.587031364440918, 2.8850927352905273, 3.524115562438965, 1.6067578792572021, 2.214844226837158, 3.108865261077881, 2.2940478324890137, 3.966108798980713, 1.9389501810073853, 2.702319622039795, 2.4219486713409424, 3.3406214714050293, 1.2593803405761719, 2.6153404712677, 1.0564522743225098, 2.5270493030548096, 0.9637625217437744, 2.9619641304016113, 3.4084129333496094, 2.591432571411133, 1.9458026885986328, 2.0301780700683594, 1.6495158672332764, 0.9941126108169556, 1.5251017808914185, 2.8370118141174316, 3.6770992279052734, 3.6811981201171875, 0.8005270957946777, 0.40875935554504395, 2.2468149662017822, 2.981776237487793, 0.8486768007278442, 0.705288290977478, 3.716298818588257, 2.4242167472839355, 1.8689970970153809], [3.656062126159668, 1.839734435081482, 0.7711514234542847, 3.5039539337158203, 2.0849812030792236, 2.175269365310669, 1.7100269794464111, 0.6885900497436523, 3.2470011711120605, 1.9392019510269165, 3.393606185913086, 2.534759044647217, 0.242156982421875, 1.456472396850586, 1.925235390663147, 0.928755521774292, 1.626988410949707, 1.1256377696990967, 4.110940456390381, 1.2746175527572632, 3.7628273963928223, 2.0175204277038574, 1.1363263130187988, 3.02130126953125, 3.486818790435791, 2.490187883377075, 0.8612711429595947, 2.9270105361938477, 2.5526511669158936, 2.9444315433502197, 2.7732255458831787, 2.6041879653930664, 1.8854701519012451, 0.8945649862289429, -0.6133360862731934, 4.550502777099609, 0.8227972984313965, 2.906038284301758, 1.0296835899353027, 1.958228349685669, 1.5381927490234375, 2.345496416091919, 1.7509379386901855, 2.4768033027648926, 2.6821396350860596, 2.4765360355377197, 1.617149829864502, 2.451712131500244, 3.844489574432373, 3.228771209716797, 3.110008716583252, 3.249925136566162, 5.4199934005737305, 0.8639299869537354, 3.0253281593322754, 2.231799840927124, 2.2676446437835693, 2.4310271739959717, 1.624340534210205, 2.0882813930511475, 3.045168876647949, 3.0294525623321533, 1.8102152347564697, 2.270153284072876, 0.8670343160629272, 2.014564275741577, 3.916959762573242, 2.857851982116699, 5.222579002380371, 3.026919364929199, 2.407419443130493, 2.3343381881713867, 3.8715426921844482, 1.5571062564849854, 1.757530927658081, 0.5199896097183228, 1.5842957496643066, 3.388801336288452, 2.182447910308838, 3.1682116985321045], [4.814194679260254, 3.843014717102051, 2.8311872482299805, 2.109449625015259, 1.6766527891159058, 1.9921190738677979, 1.7483023405075073, 1.428682804107666, 2.26145339012146, 3.001469850540161, 2.8797852993011475, 2.710869073867798, 2.55329966545105, 0.12027788162231445, 3.7654953002929688, 2.517249345779419, 2.1080729961395264, 1.675818920135498, 1.1750060319900513, 2.675631046295166, 2.147480010986328, 3.756117820739746, 3.334744930267334, 4.114633560180664, 1.0204918384552002, 2.042879819869995, 3.5110368728637695, 2.8080244064331055, 2.4634594917297363, 2.163282871246338, 1.7286584377288818, 2.1506683826446533, 2.647059679031372, 4.211997985839844, 1.555769443511963, 1.061254858970642, 1.6309350728988647, 0.3565378189086914, 3.0195600986480713, 3.870602607727051, 0.37049150466918945, 0.6999430656433105, 1.5980591773986816, 2.5696465969085693, 2.4524359703063965, 1.7497961521148682, 2.425614833831787, 0.578870415687561, 2.7749993801116943, 2.5379152297973633, 1.385575771331787, 1.3862649202346802, 1.5021721124649048, 1.8254194259643555, 