{"case": "case57", "dispatch": {"gen": [[2.5343079566955566, 0.6938907504081726, 0.26939496397972107, 0.5605224967002869, 3.705939292907715, 0.8649898171424866, 1.1581333875656128], [1.0295387506484985, 1.0234375, 1.008060097694397, 0.9946092367172241, 0.9775199890136719, 0.9651821255683899, 0.9868174195289612]], "load": [[-0.45071694254875183, -0.027812646701931953, -0.3480982780456543, -0.12059152871370316, -0.5462095141410828, -1.2540196180343628, -0.9453142285346985, -0.03988941013813019, -3.3955891132354736, -0.15978474915027618, -0.09293415397405624, -0.19334453344345093, -0.3572317957878113, -0.3253820240497589, -0.2287231981754303, -0.030432341620326042, -0.02030184306204319, -0.04871610552072525, -0.05069800466299057, -0.07793234288692474, -0.04175708442926407, -0.15547965466976166, -0.030961811542510986, -0.04644268378615379, -0.014121422544121742, -0.030344875529408455, -0.04569737985730171, -0.1161578819155693, -0.055141277611255646, -0.06485305726528168, -0.015077385120093822, -0.10604555159807205, -0.26301631331443787, -0.14205506443977356, -0.1674683541059494, -0.15427376329898834, -0.03942248597741127, -0.15517869591712952, -0.03569759428501129, -0.05540880560874939, -0.06861045956611633, -0.06006044149398804], [-0.13626615703105927, -0.7516754269599915, -0.19056899845600128, -0.030733130872249603, -0.01820695586502552, -0.17872406542301178, -0.2260807901620865, -0.01690741255879402, -0.19228613376617432, -0.019619105383753777, -0.04158465936779976, -0.04175623506307602, -0.025711197406053543, -0.063571497797966, -0.07671080529689789, -0.005064717493951321, -0.007638983428478241, -0.01578446850180626, -0.027180993929505348, -0.004247316624969244, -0.020052433013916016, -0.02341461181640625, -0.014643117785453796, -0.025145255029201508, -0.00621228851377964, -0.013956883922219276, -0.023674137890338898, -0.053586699068546295, -0.023367920890450478, -0.03662615269422531, -0.007320416625589132, -0.013637847267091274, -0.10709625482559204, -0.07283002883195877, -0.08060476183891296, -0.04725179448723793, -0.01634613610804081, -0.07538920640945435, -0.009990174323320389, -0.02751379832625389, -0.016831496730446815, -0.017294587567448616]]}, "network_state": {"line_states": [[2.488528251647949, 1.1902337074279785, 1.5733609199523926, 2.0469090938568115, 3.8802051544189453, 1.9343112707138062, 1.9057750701904297, 2.423046112060547, 3.0810999870300293, 1.6571097373962402, 2.474358320236206, 2.6318342685699463, 0.8179894685745239, 1.2519078254699707, 2.6561834812164307, 0.7600386142730713, 4.676445484161377, 1.3023484945297241, 1.12217378616333, 2.0076324939727783, 2.715503692626953, 2.010279417037964, 3.316771984100342, 2.5770797729492188, 2.2935867309570312, 2.0104033946990967, 1.402653694152832, 1.901302456855774, 2.2256805896759033, 2.016180992126465, 0.9239801168441772, 1.429565668106079, 2.5725672245025635, 2.590559720993042, 2.638363838195801, 1.248199462890625, 2.8175580501556396, 2.125352144241333, 0.9816192388534546, 1.5665119886398315, 3.8267500400543213, 1.751645803451538, 3.7779085636138916, 1.0390875339508057, 3.008512258529663, 2.711988925933838, 2.163149356842041, 2.713458299636841, 2.4018712043762207, 3.690282106399536, 2.4428510665893555, 2.435286521911621, 2.4577229022979736, 2.599360466003418, 2.278630256652832, 2.198963165283203, 2.109060764312744, 2.3731191158294678, 2.109065055847168, 3.3857362270355225, 3.7090611457824707, 1.3670222759246826, 0.2778494358062744, 0.7621982097625732, 2.967456340789795, 0.11417150497436523, 1.7648513317108154, 1.356419324874878, 1.8350178003311157, 3.8150100708007812, 3.0910751819610596, 3.284942388534546, 2.6400065422058105, 3.2226576805114746, 1.3105299472808838, 4.0929107666015625, 4.054583549499512, 2.0308146476745605, 3.1092212200164795, 2.277499198913574], [3.029616355895996, 1.869053602218628, 2.488910436630249, 1.359745740890503, 4.287949085235596, 1.6332253217697144, 2.797536611557007, 2.869084119796753, 2.539011001586914, 2.2151529788970947, 2.3729991912841797, 2.257946491241455, 0.8634213209152222, 1.613717794418335, 3.7792277336120605, 3.0412392616271973, 1.7326734066009521, 1.2706934213638306, 2.429520606994629, 0.07051420211791992, 2.892488956451416, 3.0284512042999268, 0.2204725742340088, 3.3509957790374756, 4.640304088592529, 1.4566974639892578, 2.6766605377197266, 2.587106227874756, 1.045767903327942, 3.0707814693450928, 2.071995735168457, 1.4201034307479858, 1.0508395433425903, 4.526959419250488, 2.847438097000122, 2.8539981842041016, 2.05958890914917, 0.9533617496490479, 2.2710466384887695, 2.3862860202789307, 1.9379289150238037, 0.41074156761169434, 1.9682058095932007, 0.8490089178085327, 1.65693998336792, 3.4681687355041504, -0.8822650909423828, 3.920865058898926, 2.2387659549713135, 1.1229681968688965, 1.5462651252746582, 3.9039063453674316, 2.9622154235839844, 1.3660783767700195, 2.499173641204834, 1.4236012697219849, 1.4070351123809814, 3.9678456783294678, 2.7544312477111816, 2.065058708190918, 3.553065776824951, 2.459529399871826, 0.8053216934204102, 3.154479742050171, 1.4980428218841553, 3.477135181427002, 4.0260114669799805, 3.445380210876465, 3.5757203102111816, 1.8398737907409668, 1.2839518785476685, 2.8354711532592773, 2.547045946121216, 0.6939100027084351, 1.3495559692382812, 1.99265456199646, 1.7494288682937622, 1.3705387115478516, 1.498562216758728, 1.6465445756912231], [3.2127139568328857, 0.4294116497039795, 1.7468082904815674, 2.37977933883667, 2.181344509124756, 2.879169464111328, 3.1999645233154297, 2.2423322200775146, 3.1710903644561768, 1.7064261436462402, 2.107491970062256, 2.5531046390533447, 2.099280595779419, 1.6997002363204956, 1.6088066101074219, 2.9089083671569824, 2.883955955505371, 3.441917896270752, 2.1943557262420654, 2.445173740386963, 3.025320053100586, 0.6172481775283813, 2.482858657836914, 1.3131160736083984, 1.9536690711975098, 1.8438153266906738, 2.8731117248535156, 1.8259247541427612, 2.9419686794281006, 1.3565657138824463, 2.879324436187744, 2.6925272941589355, 1.5480353832244873, 0.8405171632766724, 3.190525531768799, 2.711822271347046, 3.0345935821533203, 0.9402017593383789, 1.4540939331054688, 1.7391352653503418, 2.2798943519592285, 3.0299794673919678, 2.5663554668426514, 3.0624423027038574, 1.42537522315979, 1.8905727863311768, 1.9602258205413818, 0.8425604104995728, 2.165360927581787, 2.073119640350342, 2.773953914642334, 3.450289487838745, 2.7042148113250732, 2.787414789199829, 4.776020050048828, 2.556011915206909, 2.0172698497772217, 2.4029297828674316, 3.78731107711792, 1.9216701984405518, 3.0272157192230225, 2.151012659072876, 1.5914366245269775, 1.6438822746276855, 2.001037836074829, 2.433189868927002, 2.385810136795044, 0.31586623191833496, -0.057456016540527344, 3.0388736724853516, 3.20355486869812, -0.13225102424621582, 2.216331958770752, 2.299713611602783, 1.232613444328308, 0.6793867349624634, 3.2536025047302246, 1.6255546808242798, 1.9805963039398193, 0.9399629831314087], [1.2931913137435913, 2.6397578716278076, 1.7778260707855225, 2.723315715789795, 4.084216117858887, 3.400878429412842, 1.772935152053833, 2.9947757720947266, 2.4137630462646484, 1.580519676208496, 0.7548919916152954, 2.2956600189208984, 0.2739858627319336, 2.2613422870635986, 0.3681981563568115, 1.8914800882339478, 1.4275362491607666, 2.946197509765625, 3.1606192588806152, 1.1888567209243774, 2.0412216186523438, 1.679548740386963, 0.5145916938781738, 3.8761508464813232, 2.9520368576049805, 2.3541581630706787, 2.115651845932007, 1.3359336853027344, 1.2229905128479004, 3.720392942428589, 2.608556032180786, 0.6413767337799072, 2.9372808933258057, 1.3754298686981201, 2.00994610786438, 1.874184012413025, 4.293766975402832, 3.778791904449463, 1.9833544492721558, 4.271825790405273, 1.3964228630065918, 0.33852410316467285, 1.360212802886963, 2.440699338912964, 2.748434066772461, 0.6710870265960693, 2.7060530185699463, 2.214946746826172, 0.4952636957168579, 2.6268808841705322, 1.6103298664093018, 3.380319595336914, 2.128659725189209, 3.0107102394104004, 