{"case": "case57", "dispatch": {"gen": [[4.380621433258057, 0.15055271983146667, 1.1505460739135742, 0.4083094000816345, 2.87599515914917, 0.4334813058376312, 1.8236806392669678], [1.0113416910171509, 1.0045300722122192, 1.0032657384872437, 1.0002521276474, 0.9953764081001282, 0.9775899052619934, 0.9967525601387024]], "load": [[-0.41344061493873596, -0.02581949718296528, -0.3425939381122589, -0.11356838792562485, -0.6150939464569092, -1.070544719696045, -0.9131200313568115, -0.044426094740629196, -3.197991132736206, -0.15907275676727295, -0.0916488841176033, -0.20100808143615723, -0.407216876745224, -0.3210790157318115, -0.2426198124885559, -0.02896984852850437, -0.019785506650805473, -0.055913977324962616, -0.05590109899640083, -0.08277741819620132, -0.03928317874670029, -0.1500754952430725, -0.030749142169952393, -0.05055398494005203, -0.01424314547330141, -0.03341108560562134, -0.04940195381641388, -0.11916401237249374, -0.051614146679639816, -0.06354629248380661, -0.01650834269821644, -0.10666917264461517, -0.26147717237472534, -0.14746293425559998, -0.186750590801239, -0.15885478258132935, -0.039641477167606354, -0.15586726367473602, -0.03369852900505066, -0.05846124514937401, -0.06683412939310074, -0.054574154317379], [-0.1520145684480667, -0.8259999752044678, -0.17177614569664001, -0.03515103459358215, -0.016725046560168266, -0.17537684738636017, -0.2347705066204071, -0.017262527719140053, -0.19196632504463196, -0.0193036962300539, -0.044943083077669144, -0.04348784685134888, -0.024581054225564003, -0.06656990200281143, -0.08612431585788727, -0.005483110900968313, -0.008722356520593166, -0.01760782115161419, -0.026469452306628227, -0.004269979894161224, -0.020420001819729805, -0.02259381115436554, -0.01551884040236473, -0.024206388741731644, -0.007403531111776829, -0.0170008335262537, -0.026716753840446472, -0.060692884027957916, -0.026514383032917976, -0.03830191120505333, -0.009049266576766968, -0.016453543677926064, -0.10529931634664536, -0.0743500366806984, -0.09297288209199905, -0.047020360827445984, -0.019254256039857864, -0.08689016103744507, -0.012185544706881046, -0.029640210792422295, -0.018210139125585556, -0.01743985526263714]]}, "network_state": {"line_states": [[2.042379379272461, 2.04620623588562, 2.1154208183288574, 1.1201587915420532, 3.0695202350616455, 0.8282097578048706, 3.4849929809570312, 2.1283020973205566, 1.945478916168213, 2.8866236209869385, 0.44426870346069336, 0.04321622848510742, 2.3396711349487305, 1.103237509727478, 1.6947948932647705, 1.7192716598510742, 2.7975025177001953, 2.802504539489746, 1.131271243095398, 2.628007173538208, 1.7638576030731201, 2.4201455116271973, 2.017082452774048, 1.7345950603485107, 1.1850014925003052, 1.585057020187378, 2.248551368713379, 1.766629695892334, 2.5037875175476074, 4.79453182220459, 2.467092990875244, 2.321563959121704, 2.613290309906006, 1.9213082790374756, 1.9146928787231445, 2.0509910583496094, 3.5001680850982666, 3.076565742492676, 1.866769552230835, 1.7001230716705322, 1.4522126913070679, 1.4339697360992432, 1.7890243530273438, 1.3935047388076782, 2.4713761806488037, 1.1088992357254028, 2.717125177383423, 1.1691843271255493, 0.3860830068588257, 2.6214792728424072, 3.8582565784454346, 2.182701587677002, 3.186230182647705, 2.755305767059326, 2.4972057342529297, 2.5080864429473877, 2.1552035808563232, 3.339743137359619, 3.8735482692718506, 2.305368185043335, 3.0824999809265137, 2.023332118988037, 1.9577767848968506, 2.1870787143707275, 1.5539515018463135, 0.5059206485748291, 2.574810266494751, 2.709404945373535, 2.8603155612945557, 2.11561918258667, 1.8086328506469727, 1.8238906860351562, 2.466900587081909, 2.5898871421813965, 1.2135306596755981, 1.2536646127700806, 1.4212868213653564, 1.6512030363082886, 2.7398834228515625, 3.3896050453186035], [2.066873788833618, 3.9834980964660645, 2.8043577671051025, 3.1738088130950928, -0.3109912872314453, 3.171530246734619, 2.422715425491333, 3.308105945587158, 1.9144638776779175, 3.1461000442504883, 2.124096393585205, 1.3622180223464966, 1.7824400663375854, 2.6998603343963623, 1.6607754230499268, 1.7145378589630127, 1.280786395072937, 2.115652084350586, 3.3860573768615723, 2.3765103816986084, 2.948242664337158, 3.0446553230285645, 2.2509384155273438, 2.480520009994507, 2.626258611679077, 2.1205739974975586, 2.0405616760253906, 2.3447539806365967, 1.9467525482177734, 2.695011854171753, 2.5303611755371094, 2.316615104675293, 2.6335947513580322, 1.283294916152954, 1.561985731124878, 3.3287439346313477, 2.56453275680542, 1.4097859859466553, 3.1254124641418457, 2.7492010593414307, 1.5142629146575928, 0.8686832189559937, 3.6934871673583984, 3.738574981689453, 2.3758881092071533, 2.5182313919067383, 1.2742221355438232, 2.267961263656616, 1.9167598485946655, 2.9189646244049072, 2.433115005493164, 2.884054183959961, 2.7831759452819824, 1.5711309909820557, 2.557471513748169, 2.9955835342407227, 3.0694026947021484, 2.605621099472046, 0.9539259672164917, 3.3932228088378906, 1.7645878791809082, 0.342071533203125, 1.0448793172836304, 2.173567533493042, 3.060666561126709, 0.8274071216583252, 2.0260016918182373, 2.2370645999908447, 0.7601699829101562, 2.5227725505828857, 2.4884238243103027, 1.7009637355804443, 2.9558794498443604, 2.4973583221435547, 2.9159045219421387, 0.79032301902771, 1.2793999910354614, 2.9267425537109375, 2.8509225845336914, 1.2114112377166748], [1.29739511013031, 2.252235174179077, 4.168262481689453, 3.894679069519043, 0.8395098447799683, 1.2904486656188965, 2.503248691558838, 2.349794387817383, 2.557135820388794, 2.5111193656921387, 1.9142224788665771, 1.0272395610809326, 0.9572861194610596, 2.542370080947876, 0.6836436986923218, 3.669046401977539, 0.8855490684509277, 2.8100481033325195, 2.4651286602020264, 1.1206892728805542, 0.8300228118896484, 3.0846633911132812, 1.6083950996398926, 3.698167324066162, 1.1938832998275757, 1.1886123418807983, 3.310727596282959, 1.5488282442092896, 0.8852798938751221, 2.60308575630188, 3.4088244438171387, 3.4251046180725098, 1.8461997509002686, 2.8809144496917725, 4.144513130187988, 3.7681796550750732, 3.8211164474487305, 1.8986742496490479, 1.75343656539917, 2.491217613220215, 2.0504231452941895, 1.587947130203247, 2.62154221534729, 1.953161358833313, 3.9875149726867676, 2.9674763679504395, 0.9735070466995239, 2.2990190982818604, 1.913882851600647, 1.3280022144317627, 2.3209757804870605, 4.133904457092285, 1.8510267734527588, 3.343900203704834, 2.480694532394409, 4.927069187164307, 1.9930617809295654, 0.9147129058837891, 3.6298999786376953, 0.829159140586853, 2.2380592823028564, 2.643399477005005, 3.2771944999694824, 3.2467434406280518, 3.1848409175872803, 2.299772262573242, 2.3505825996398926, 2.2173349857330322, 2.942713737487793, 2.592613458633423, 2.269399881362915, 4.8924102783203125, 2.433757781982422, 2.953357696533203, 3.2557296752929688, 3.4691600799560547, 2.744931697845459, 5.114764213562012, 2.387162923812866, -0.1340467929840088], [4.350415229797363, 1.1879253387451172, 3.8036489486694336, 4.081379413604736, 0.14057183265686035, 2.9962198734283447, 1.4502007961273193, 2.0201733112335205, 0.7928718328475952, 3.1659553050994873, 1.2889574766159058, 3.885819673538208, 2.4640564918518066, 3.4632232189178467, 1.1013792753219604, 1.235763430595398, 1.7231454849243164, 2.83443546295166, 1.8093297481536865, 0.7300560474395752, 2.681631565093994, 1.747938632965088, 0.946345329284668, 2.0491154193878174, 3.025627851486206, 1.9771498441696167, 0.6767772436141968, 0.6329915523529053, 4.02670431137085, 1.3656903505325317, 2.250744104385376, 4.106415748596191, 1.5624642372131348, 3.072789192199707, 1.4632797241210938, 0.6620383262634277, 0.8684117794036865, 1.3443543910980225, 2.9603066444396973, 0.36368846893310547, 1.6780245304107666, 0.4954218864440918, 0.722743034362793, 2.459517002105713, 1.588740348815918, 3.491612434387207, 1.7812933921813965, 3.2240359783172607, 2.525818109512329, 3.1534838676452637, 2.645310878753662, 3.701402425765991, 4.12672758102417, 3.4301559925079346, 