{"trajs": {"trajectories": [[[-0.696660041809082, -0.6200003027915955], [-0.115116648375988, -0.22220776975154877], [0.8402510285377502, 0.2886934280395508]], [[-0.7200689315795898, -0.49479129910469055], [-0.1235157921910286, 0.6206215023994446], [0.840265691280365, -0.26840296387672424]], [[-0.7195624709129333, -4.60142400697805e-05], [0.27813562750816345, 0.6193426251411438], [0.8402788639068604, -0.02368052676320076]], [[-0.720966100692749, 0.4933721423149109], [-0.5868448615074158, -0.050440918654203415], [0.8399333953857422, -0.04861217364668846]], [[-0.7216258645057678, 0.6201158761978149], [0.3602242171764374, 0.3370898962020874], [0.8301771283149719, -0.10708446800708771]]]}, "best_eps_idx": 0, "time": 402.66409477964044, "n": 5, "T": 3, "width": 3.2, "height": 3.0, "R": 0.5, "max_wind_thrust": 0.5, "duration": 30.0, "dp_mcmc_step_size": 0.01, "ep_mcmc_step_size": 0.01, "num_rounds": 100, "num_mcmc_steps_per_round": 5, "num_chains": 5, "use_gradients": true, "use_stochasticity": false, "repair": true, "predict": true, "quench_rounds": 20, "tempering_schedule": null}