{"trajs": {"trajectories": [[[-0.2751275300979614, -0.7098584175109863], [-0.4443496763706207, -0.6500729322433472], [0.959808349609375, 0.17417140305042267]], [[0.5023724436759949, 0.5371743440628052], [-0.08922845125198364, 0.21925227344036102], [0.9498814940452576, 0.3193455934524536]], [[0.023876730352640152, 0.3153333067893982], [-0.19552113115787506, 0.47048220038414], [0.9480841159820557, -0.22076617181301117]], [[-0.266019731760025, 0.2348964661359787], [-0.6050624847412109, 0.1809898465871811], [0.9525524377822876, -0.19575749337673187]], [[-0.11681269109249115, -0.4906443953514099], [-0.6762797832489014, -0.30637121200561523], [0.9507784247398376, -0.24707698822021484]]]}, "best_eps_idx": 0, "time": 402.09057811740786, "n": 5, "T": 3, "width": 3.2, "height": 3.0, "R": 0.5, "max_wind_thrust": 0.5, "duration": 30.0, "dp_mcmc_step_size": 0.01, "ep_mcmc_step_size": 0.01, "num_rounds": 100, "num_mcmc_steps_per_round": 5, "num_chains": 5, "use_gradients": true, "use_stochasticity": true, "repair": true, "predict": true, "quench_rounds": 20, "tempering_schedule": null}