{"trajs": {"trajectories": [[[-0.8337329030036926, -0.2022407352924347], [-0.29454174637794495, 0.05043605715036392], [0.3758121430873871, -0.2918156683444977]], [[-0.9088467955589294, -0.10578150302171707], [-0.21774479746818542, -0.9220383763313293], [-0.2545863389968872, 0.07523038983345032]], [[-0.9287367463111877, 0.08072753250598907], [-0.8241947889328003, -0.7746968865394592], [-0.28142112493515015, 0.2909783720970154]], [[-0.8472244739532471, 0.3337642550468445], [-0.7435947060585022, 0.42500150203704834], [-0.08630689978599548, -0.2046484351158142]], [[-0.8939273953437805, 0.6023627519607544], [-0.2448592185974121, -0.49435868859291077], [0.07243549823760986, -0.18706707656383514]]]}, "best_eps_idx": 1, "time": 400.5763255795464, "n": 5, "T": 3, "width": 3.2, "height": 3.0, "R": 0.5, "max_wind_thrust": 0.5, "duration": 30.0, "dp_mcmc_step_size": 0.01, "ep_mcmc_step_size": 0.01, "num_rounds": 100, "num_mcmc_steps_per_round": 5, "num_chains": 5, "use_gradients": true, "use_stochasticity": true, "repair": true, "predict": true, "quench_rounds": 20, "tempering_schedule": null}