{"trajs": {"trajectories": [[[-0.5006626844406128, 0.017885878682136536], [0.35557395219802856, -0.2514393925666809], [-0.17272892594337463, 0.35239577293395996]], [[-0.9352244138717651, 0.42423662543296814], [0.7094202041625977, -0.24352166056632996], [0.04156871140003204, 0.7639917135238647]], [[-0.15624630451202393, -0.1083955317735672], [0.5194881558418274, -0.35228049755096436], [-0.08504065871238708, 0.28863370418548584]], [[-0.888637125492096, -0.3041795492172241], [0.9057035446166992, -0.34167397022247314], [-0.059579428285360336, -0.5165029168128967]], [[-1.0203526020050049, -0.7235618829727173], [1.0742111206054688, 0.2117503136396408], [0.19631823897361755, -0.19199886918067932]]]}, "best_eps_idx": 4, "time": 828.1219281312078, "n": 5, "T": 3, "width": 3.2, "height": 3.0, "R": 0.5, "max_wind_thrust": 0.5, "duration": 30.0, "dp_mcmc_step_size": 0.01, "ep_mcmc_step_size": 0.01, "num_rounds": 50, "num_mcmc_steps_per_round": 5, "num_chains": 5, "use_gradients": false, "use_stochasticity": true, "repair": true, "predict": true, "quench_rounds": 0, "tempering_schedule": null}