{"trajs": {"trajectories": [[[-1.0354254245758057, -0.6083968877792358], [0.10962075740098953, -0.8720430135726929], [1.2890633344650269, -1.0314384698867798]], [[-1.4693081378936768, -0.3715941309928894], [-0.38026654720306396, -0.4150013327598572], [0.942246675491333, -0.7046897411346436]], [[-0.5030648112297058, -0.2826046347618103], [0.321180135011673, -0.5719376802444458], [1.4172457456588745, -0.5023630857467651]], [[-1.0028804540634155, -0.1733429729938507], [0.045008495450019836, -0.02329159528017044], [0.9378422498703003, -0.2553439438343048]], [[-0.9360165596008301, 0.2816174626350403], [0.2729419767856598, 0.40112707018852234], [1.407379388809204, 0.3899898827075958]], [[-0.23801875114440918, 0.15801194310188293], [0.3463910222053528, -0.08811699599027634], [1.4246495962142944, -0.08302323520183563]], [[-1.5028421878814697, -0.005881999619305134], [-0.3266306221485138, 0.22152744233608246], [0.8437386155128479, 0.21187612414360046]], [[-1.4300575256347656, 0.5294439196586609], [-0.7332352995872498, 0.6606746315956116], [0.4579721987247467, 0.44790762662887573]], [[-0.516836404800415, 0.5088512897491455], [0.5058709979057312, 0.9256798028945923], [1.434673547744751, 0.8790424466133118]], [[-1.0255136489868164, 0.9011479020118713], [-0.1411021649837494, 0.6383582949638367], [0.9585712552070618, 0.688399076461792]]]}, "best_eps_idx": 1, "time": 6142.535750923678, "n": 10, "T": 3, "width": 3.2, "height": 3.0, "R": 0.5, "max_wind_thrust": 1.0, "duration": 30.0, "dp_mcmc_step_size": 0.0001, "ep_mcmc_step_size": 0.0001, "num_rounds": 50, "num_mcmc_steps_per_round": 50, "num_chains": 5, "use_gradients": true, "use_stochasticity": false, "repair": true, "predict": true, "quench_rounds": 20, "tempering_schedule": null}