{"trajs": {"trajectories": [[[-1.23888099193573, -1.0544995069503784], [-0.11801483482122421, -1.2033133506774902], [1.0755664110183716, -0.9199822545051575]], [[-0.8709490895271301, -0.659992516040802], [0.21109417080879211, -0.758922815322876], [1.4562774896621704, -0.6732125282287598]], [[-1.494611382484436, -0.6118883490562439], [-0.2700182795524597, -0.7101967930793762], [0.5746337175369263, -0.6444188356399536]], [[-0.4845311641693115, -0.3399026393890381], [0.5380361080169678, -0.27211153507232666], [1.502752661705017, -0.2317204773426056]], [[-1.1833065748214722, -0.25787320733070374], [-0.1329130083322525, -0.22336259484291077], [0.939312219619751, -0.3092115819454193]], [[-1.4292726516723633, 0.13987579941749573], [-0.24355973303318024, 0.2155666947364807], [0.8026405572891235, 0.2979706823825836]], [[-0.6169019937515259, 0.1598813384771347], [0.17166449129581451, 0.08915190398693085], [1.2048697471618652, 0.07814478874206543]], [[-1.339935064315796, 0.5654110908508301], [-0.2323409914970398, 0.7676382064819336], [0.9729209542274475, 0.7512680888175964]], [[-0.7607259154319763, 0.6736003160476685], [0.22933577001094818, 0.5663041472434998], [1.3756277561187744, 0.5013817548751831]], [[-1.3822681903839111, 1.0400359630584717], [-0.17440104484558105, 1.2713549137115479], [1.1491765975952148, 1.19351327419281]]]}, "best_eps_idx": 0, "time": 6142.984577442519, "n": 10, "T": 3, "width": 3.2, "height": 3.0, "R": 0.5, "max_wind_thrust": 1.0, "duration": 30.0, "dp_mcmc_step_size": 0.0001, "ep_mcmc_step_size": 0.0001, "num_rounds": 50, "num_mcmc_steps_per_round": 50, "num_chains": 5, "use_gradients": true, "use_stochasticity": true, "repair": true, "predict": true, "quench_rounds": 20, "tempering_schedule": null}