{"trajs": {"trajectories": [[[-1.108076810836792, -0.9349645376205444], [-0.09708104282617569, -1.3992377519607544], [1.0436527729034424, -0.9917389750480652]], [[-0.6800978779792786, -0.7244900465011597], [-0.03675049543380737, -0.8889790177345276], [1.2795463800430298, -0.6976529955863953]], [[-1.2536718845367432, -0.40664607286453247], [-0.3803988993167877, -0.7734220027923584], [0.7202234268188477, -0.7178489565849304]], [[-0.765385627746582, -0.3526313602924347], [0.41945505142211914, -0.3744455575942993], [1.3738356828689575, -0.2399311065673828]], [[-1.0779157876968384, 0.07737845927476883], [-0.03939118608832359, -0.28119438886642456], [0.8112152218818665, -0.29730573296546936]], [[-0.56655353307724, 0.10015486925840378], [0.3191782236099243, 0.1427098661661148], [1.333936333656311, 0.27771469950675964]], [[-1.3317980766296387, 0.3381824195384979], [-0.46352508664131165, 0.3283001184463501], [1.1551661491394043, -0.04661399498581886]], [[-0.8381409645080566, 0.5873814821243286], [0.3206261694431305, 0.6309922933578491], [1.4945337772369385, 0.6839540004730225]], [[-1.4450385570526123, 0.7668505907058716], [-0.24657262861728668, 0.8649460077285767], [0.8701897859573364, 0.3650161921977997]], [[-1.0574856996536255, 1.0125606060028076], [0.1759643405675888, 1.2058693170547485], [1.0547511577606201, 0.8723152875900269]]]}, "best_eps_idx": 1, "time": 7487.596863559447, "n": 10, "T": 3, "width": 3.2, "height": 3.0, "R": 0.5, "max_wind_thrust": 1.0, "duration": 30.0, "dp_mcmc_step_size": 0.0001, "ep_mcmc_step_size": 0.0001, "num_rounds": 50, "num_mcmc_steps_per_round": 50, "num_chains": 5, "use_gradients": true, "use_stochasticity": true, "repair": true, "predict": true, "quench_rounds": 20, "tempering_schedule": null}