{"trajs": {"trajectories": [[[-0.9535458087921143, -0.8531078696250916], [-0.9529088139533997, 0.3435453474521637], [0.3785211145877838, 0.017873087897896767]], [[-0.9568138718605042, -0.4584595561027527], [0.5482279062271118, 0.44605258107185364], [-0.18184977769851685, -0.2705214023590088]], [[-0.9580888152122498, 0.06979258358478546], [0.4212265610694885, -0.5528198480606079], [-0.6831886172294617, 0.2649890184402466]], [[-0.9507494568824768, 0.3888184726238251], [-0.1480151265859604, 0.6147832870483398], [-0.13796879351139069, -0.809240996837616]], [[-0.9549769759178162, 0.8530267477035522], [-0.19942109286785126, 0.05383811891078949], [-0.6305785179138184, -0.18077915906906128]]]}, "best_eps_idx": 3, "time": 927.273808020167, "n": 5, "T": 3, "width": 3.2, "height": 3.0, "R": 0.5, "max_wind_thrust": 0.5, "duration": 30.0, "dp_mcmc_step_size": 0.0001, "ep_mcmc_step_size": 0.01, "num_rounds": 100, "num_mcmc_steps_per_round": 5, "num_chains": 5, "use_gradients": true, "use_stochasticity": false, "repair": true, "predict": true, "quench_rounds": 20, "tempering_schedule": null}