{"trajs": {"trajectories": [[[-1.0089316368103027, -0.835904598236084], [-0.5336757898330688, 0.8776710033416748], [0.4617313742637634, 0.2554022967815399]], [[-1.016879916191101, -0.31220537424087524], [0.8513848185539246, 0.6452550888061523], [-0.5085581541061401, 0.18107543885707855]], [[-1.008565902709961, 0.17703849077224731], [0.7080411911010742, 0.04966002330183983], [0.6736875176429749, 0.40157365798950195]], [[-1.0241777896881104, 0.23421838879585266], [0.12882457673549652, 0.9205992817878723], [-0.051162950694561005, 0.31231972575187683]], [[-1.0155112743377686, 0.7470030188560486], [-0.46262767910957336, 0.09863502532243729], [0.8753870129585266, -0.06568066775798798]]]}, "best_eps_idx": 3, "time": 932.7757541723549, "n": 5, "T": 3, "width": 3.2, "height": 3.0, "R": 0.5, "max_wind_thrust": 0.5, "duration": 30.0, "dp_mcmc_step_size": 0.0001, "ep_mcmc_step_size": 0.01, "num_rounds": 100, "num_mcmc_steps_per_round": 5, "num_chains": 5, "use_gradients": true, "use_stochasticity": true, "repair": true, "predict": true, "quench_rounds": 20, "tempering_schedule": null}