{"trajs": {"trajectories": [[[-1.0863173007965088, -0.9859875440597534], [-1.0941530466079712, 0.3452359139919281], [0.30126920342445374, -0.0014803336234763265]], [[-1.1012905836105347, -0.48830148577690125], [0.5653840899467468, 0.4394564628601074], [-0.26078000664711, -0.28677618503570557]], [[-1.1117695569992065, 0.031180718913674355], [0.4271491467952728, -0.5771404504776001], [-0.7700676918029785, 0.240827277302742]], [[-1.084763526916504, 0.4572250247001648], [-0.15757516026496887, 0.6578413248062134], [-0.2173043191432953, -0.8289706707000732]], [[-1.0863027572631836, 0.9758591055870056], [-0.21119098365306854, 0.055174730718135834], [-0.6824585199356079, -0.2006993144750595]]]}, "best_eps_idx": 4, "time": 934.6957988701761, "n": 5, "T": 3, "width": 3.2, "height": 3.0, "R": 0.5, "max_wind_thrust": 0.5, "duration": 30.0, "dp_mcmc_step_size": 0.0001, "ep_mcmc_step_size": 0.01, "num_rounds": 100, "num_mcmc_steps_per_round": 5, "num_chains": 5, "use_gradients": true, "use_stochasticity": true, "repair": true, "predict": true, "quench_rounds": 20, "tempering_schedule": null}