{"trajs": {"trajectories": [[[-1.046684741973877, -0.9427012205123901], [-0.8253077268600464, -0.6261789798736572], [-0.8253973126411438, 0.5981543064117432]], [[-1.0707186460494995, -0.5119863152503967], [-0.3751720190048218, -0.0838720053434372], [-0.2931492328643799, 0.6115497350692749]], [[-1.0589478015899658, -0.0015512509271502495], [-0.4899205267429352, 0.4305659234523773], [-0.1528031826019287, 0.0857127383351326]], [[-1.0588051080703735, 0.496018648147583], [-1.0610520839691162, 0.23965491354465485], [-0.09777036309242249, 0.06641194224357605]], [[-1.058835506439209, 0.9573001265525818], [-0.9361311197280884, 0.7704838514328003], [0.45776495337486267, -0.11509740352630615]]]}, "best_eps_idx": 22, "time": 80.39513668138534, "n": 5, "T": 3, "width": 3.2, "height": 3.0, "R": 0.5, "max_wind_thrust": 0.5, "duration": 30.0, "dp_mcmc_step_size": 0.001, "ep_mcmc_step_size": 0.001, "num_rounds": 1, "num_mcmc_steps_per_round": 5, "num_chains": 30, "use_gradients": true, "use_stochasticity": true, "repair": true, "predict": true, "quench_rounds": 5, "tempering_schedule": null}