{"initial_state": {"ego_state": [-99.99689483642578, -3.0098154544830322, 1.0850929356820416e-05, 9.980986595153809], "non_ego_states": [[-90.01923370361328, -3.0166633129119873, 1.8711845768848434e-05, 6.986124515533447], [-69.98404693603516, 2.9998464584350586, -2.5251865736208856e-05, 8.011564254760742]], "shading_light_direction": [-0.11294974386692047, -0.5645596385002136, 0.82944655418396], "non_ego_colors": [[0.34187614917755127, 0.5647990703582764, 0.17447292804718018], [0.11167192459106445, 0.5325634479522705, 0.6925938129425049]]}, "action_trajectory": [[[[[[10.555225372314453, 1.9599125385284424], [20.22739028930664, -2.3177292346954346], [28.63843536376953, 0.37199652194976807], [38.8327751159668, 0.7262778282165527], [52.934844970703125, 1.4293838739395142]], [[10.8170747756958, -0.7086387276649475], [20.46637725830078, -2.7197139263153076], [31.61261749267578, 0.5464505553245544], [40.046714782714844, -1.1512627601623535], [48.01176834106445, 0.7263617515563965]], [[8.088689804077148, 1.1656819581985474], [18.571937561035156, 0.29415619373321533], [31.05340576171875, 1.9796372652053833], [38.67265701293945, -0.8772035241127014], [52.26626205444336, -1.9366439580917358]], [[9.48536205291748, -0.940132200717926], [19.170093536376953, -1.0510714054107666], [29.544445037841797, -0.20041915774345398], [39.788780212402344, 1.7556052207946777], [51.88258361816406, -1.3083487749099731]], [[11.593950271606445, 0.01169572677463293], [20.301010131835938, 1.852087140083313], [31.380369186401367, 0.046444304287433624], [40.628501892089844, -1.350925087928772], [47.06523132324219, 1.1373238563537598]]]], [[[[9.794629096984863, 1.7710788249969482], [19.885141372680664, 1.067036509513855], [31.402406692504883, 2.277228832244873], [42.96925735473633, -0.9915164113044739], [51.279842376708984, -1.7691017389297485]], [[8.279412269592285, 0.732551097869873], [19.095151901245117, -0.6234225630760193], [28.522701263427734, -0.714542806148529], [42.25217056274414, 0.7282568216323853], [48.27390670776367, -1.9033923149108887]], [[10.227407455444336, -2.733509063720703], [19.623207092285156, -2.4401445388793945], [30.22043228149414, 0.7555590271949768], [39.39883804321289, 0.8600811958312988], [51.2914924621582, 0.24356968700885773]], [[9.006731986999512, -0.2907790541648865], [21.153528213500977, -2.3079895973205566], [30.64598846435547, 0.43763208389282227], [39.32715606689453, -0.7721740007400513], [51.77157211303711, -0.05294664204120636]], [[9.50947380065918, -2.7361793518066406], [16.77326774597168, 0.5991261005401611], [30.858413696289062, 1.7434301376342773], [40.13022994995117, -2.223947286605835], [50.83428192138672, -0.6735876798629761]]]]]], "action_trajectory_trace": [[[[[[[10.555225372314453, 1.9599125385284424], [20.22739028930664, -2.3177292346954346], [28.63843536376953, 0.37199652194976807], [38.8327751159668, 0.7262778282165527], [52.934844970703125, 1.4293838739395142]], [[10.8170747756958, -0.7086387276649475], [20.46637725830078, -2.7197139263153076], [31.61261749267578, 0.5464505553245544], [40.046714782714844, -1.1512627601623535], [48.01176834106445, 0.7263617515563965]], [[8.088689804077148, 1.1656819581985474], [18.571937561035156, 0.29415619373321533], [31.05340576171875, 1.9796372652053833], [38.67265701293945, -0.8772035241127014], [52.26626205444336, -1.9366439580917358]], [[9.48536205291748, -0.940132200717926], [19.170093536376953, -1.0510714054107666], [29.544445037841797, -0.20041915774345398], [39.788780212402344, 1.7556052207946777], [51.88258361816406, -1.3083487749099731]], [[11.593950271606445, 0.01169572677463293], [20.301010131835938, 1.852087140083313], [31.380369186401367, 0.046444304287433624], [40.628501892089844, -1.350925087928772], [47.06523132324219, 1.1373238563537598]]]]], [[[[[9.794629096984863, 1.7710788249969482], [19.885141372680664, 1.067036509513855], [31.402406692504883, 2.277228832244873], [42.96925735473633, -0.9915164113044739], [51.279842376708984, -1.7691017389297485]], [[8.279412269592285, 0.732551097869873], [19.095151901245117, -0.6234225630760193], [28.522701263427734, -0.714542806148529], [42.25217056274414, 0.7282568216323853], [48.27390670776367, -1.9033923149108887]], [[10.227407455444336, -2.733509063720703], [19.623207092285156, -2.4401445388793945], [30.22043228149414, 0.7555590271949768], [39.39883804321289, 0.8600811958312988], [51.2914924621582, 0.24356968700885773]], [[9.006731986999512, -0.2907790541648865], [21.153528213500977, -2.3079895973205566], [30.64598846435547, 0.43763208389282227], [39.32715606689453, -0.7721740007400513], [51.77157211303711, -0.05294664204120636]], [[9.50947380065918, -2.7361793518066406], [16.77326774597168, 0.5991261005401611], [30.858413696289062, 1.7434301376342773], [40.13022994995117, -2.223947286605835], [50.83428192138672, -0.6735876798629761]]]]]]], "time": 119.20659092394635, "L": 5.0, "noise_scale": 2.0, "failure_level": 7.4, "image_w": 32, "image_h": 32, "dp_logprior_scale": 1.0, "dp_mcmc_step_size": 0.01, "ep_mcmc_step_size": 0.01, "num_rounds": 1, "num_steps_per_round": 1, "num_chains": 5, "use_gradients": true, "use_stochasticity": true, "repair": false, "predict": true, "quench_rounds": 0, "tempering_schedule": [0.8646647334098816], "ep_logprobs": [[-5.991620063781738, -6.025407314300537, -3.5043444633483887, -1.1504900455474854, -6.084347724914551]], "dp_logprobs": [0.0]}