{"trajs": {"trajectories": [[[-1.1541978120803833, -0.6888704895973206], [0.19838298857212067, -0.7956390380859375], [1.448655366897583, -0.8757131099700928]], [[-1.181004524230957, -0.3704529106616974], [0.1760345995426178, -0.2515556812286377], [1.1290664672851562, -0.40716367959976196]], [[-1.2543411254882812, 0.09863846749067307], [0.07163317501544952, 0.2287726104259491], [1.0345546007156372, -0.0013040306512266397]], [[-0.9248064756393433, 0.4687753915786743], [0.009303458966314793, 0.641140341758728], [0.9820654392242432, 0.4958251416683197]], [[-1.2275563478469849, 0.6187589168548584], [-0.10562741756439209, 1.3722325563430786], [1.0670952796936035, 0.9954965114593506]]]}, "best_eps_idx": 2, "time": 951.9869852988049, "n": 5, "T": 3, "width": 3.2, "height": 3.0, "R": 0.5, "max_wind_thrust": 1.0, "duration": 30.0, "dp_mcmc_step_size": 1e-05, "ep_mcmc_step_size": 1e-05, "num_rounds": 50, "num_mcmc_steps_per_round": 50, "num_chains": 5, "use_gradients": false, "use_stochasticity": true, "repair": true, "predict": true, "quench_rounds": 0, "tempering_schedule": null}