{"trajs": {"trajectories": [[[-0.4607481360435486, -1.7058689594268799], [-1.023679494857788, 0.3733111321926117], [-0.4043700397014618, 1.6910470724105835]], [[0.13486245274543762, 0.9206302165985107], [0.507240355014801, -0.028677789494395256], [0.48969605565071106, 0.06987474858760834]], [[0.08699756860733032, -1.5991106033325195], [0.6339473724365234, 1.6500896215438843], [0.9614538550376892, 0.2168838530778885]], [[0.15042096376419067, 0.12478428333997726], [0.05067591741681099, -0.9490117430686951], [0.7195295095443726, -1.3197920322418213]], [[0.3564263880252838, -0.5876176357269287], [-0.3389192521572113, 1.7698380947113037], [0.7836273908615112, -0.8547109365463257]], [[0.7041553854942322, 1.7679582834243774], [0.4665317237377167, -1.3182952404022217], [1.0935388803482056, -0.025825003162026405]], [[-0.18896622955799103, -0.3934701383113861], [0.09197662770748138, -0.43082836270332336], [0.7132831811904907, 1.358485460281372]], [[-0.6466663479804993, -1.9074318408966064], [-0.649651050567627, 0.9352774620056152], [0.4459608793258667, 1.1104199886322021]], [[0.8938363194465637, 0.8455771207809448], [-0.16711272299289703, -1.4213930368423462], [0.6617907881736755, -0.1953040212392807]], [[0.5492755174636841, -0.8643594980239868], [0.7222403287887573, 1.314894676208496], [-0.5980045795440674, -1.0013900995254517]]]}, "best_eps_idx": 2, "time": 16573.961314849555, "n": 10, "T": 3, "width": 3.2, "height": 5.0, "R": 0.5, "max_wind_thrust": 0.5, "duration": 30.0, "dp_mcmc_step_size": 0.001, "ep_mcmc_step_size": 0.001, "num_rounds": 50, "num_mcmc_steps_per_round": 50, "num_chains": 10, "use_gradients": false, "use_stochasticity": true, "repair": true, "predict": true, "quench_rounds": 0, "tempering_schedule": null}