{"trajs": {"trajectories": [[[-0.8782865405082703, -0.30212926864624023], [0.32456955313682556, -0.4472777247428894], [1.32915461063385, 0.11510647088289261]], [[-1.3145229816436768, -0.08920234441757202], [-0.4426824450492859, -0.5033262968063354], [1.1859898567199707, -0.7335079908370972]], [[-1.2803568840026855, 0.406169056892395], [-0.4653945565223694, 0.19303369522094727], [0.9067687392234802, -0.3037145733833313]], [[-0.35926082730293274, -0.14754509925842285], [0.45939919352531433, 0.29575398564338684], [1.3282231092453003, 0.6458566784858704]], [[-0.5770021677017212, 0.28296202421188354], [-0.21365663409233093, 0.7653640508651733], [0.8375911116600037, 0.257210373878479]]]}, "best_eps_idx": 2, "time": 614.9277054807171, "n": 5, "T": 3, "width": 3.2, "height": 3.0, "R": 0.5, "max_wind_thrust": 1.0, "duration": 30.0, "dp_mcmc_step_size": 0.001, "ep_mcmc_step_size": 0.001, "num_rounds": 50, "num_mcmc_steps_per_round": 50, "num_chains": 5, "use_gradients": true, "use_stochasticity": false, "repair": true, "predict": false, "quench_rounds": 20, "tempering_schedule": null}