{"case": "case14", "dispatch": {"gen": [[0.061091918498277664, 0.3944869339466095, 0.7851159572601318, 0.8466288447380066, 0.8524174094200134], [0.9952948093414307, 1.0006182193756104, 1.0159960985183716, 1.0024701356887817, 0.9944960474967957]], "load": [[-0.20589110255241394, -0.8568903803825378, -0.3908396363258362, -0.0666404739022255, -0.0921681597828865, -0.24693618714809418, -0.08019787818193436, -0.027527187019586563, -0.051600560545921326, -0.11279310286045074, -0.13609834015369415], [-0.10224092751741409, -0.1666814684867859, 0.03341911733150482, -0.014468987472355366, -0.07019667327404022, -0.15578992664813995, -0.054658155888319016, -0.01556852925568819, -0.015313931740820408, -0.05376670882105827, -0.04286566749215126]]}, "network_state": {"line_states": [[3.9733452796936035, 3.8429455757141113, 2.168107748031616, 1.8675422668457031, 2.166882276535034, 1.7513571977615356, 0.478643536567688, 2.5461087226867676, 2.617025852203369, 3.2388195991516113, 3.0791101455688477, 0.41945064067840576, 3.3706040382385254, 1.7542226314544678, 2.8955628871917725, 1.2329857349395752, 3.075864553451538, 2.964002847671509, 2.6817879676818848, 2.6374995708465576], [2.8792500495910645, 1.890607237815857, 1.6401994228363037, 2.4655115604400635, 3.518986463546753, 3.981339931488037, 1.5231361389160156, 1.3245755434036255, 0.8884165287017822, 1.8457179069519043, 3.4275636672973633, 2.577214479446411, 4.143237113952637, 2.7938497066497803, 1.3099615573883057, 3.6454715728759766, 3.115574836730957, 2.207615852355957, 1.8824219703674316, 2.455927610397339], [2.210686683654785, 2.631744146347046, 1.4305427074432373, 2.8422813415527344, 0.028626680374145508, 1.261458158493042, 1.4260934591293335, 1.4559361934661865, 3.2979629039764404, 2.735766649246216, 0.8976281881332397, 0.8397742509841919, 3.4848499298095703, 0.9242045879364014, 2.8434925079345703, 2.171363592147827, 2.28633189201355, 1.885757327079773, 2.710153341293335, 1.5887811183929443], [1.127173662185669, 2.8522186279296875, 2.1966233253479004, 3.36065673828125, 2.5781381130218506, 1.3269224166870117, -0.30980372428894043, 3.254654884338379, 3.0670933723449707, 4.061450481414795, 1.8982993364334106, 1.1631402969360352, 0.6769987344741821, 3.008924961090088, 2.3858389854431152, 3.739502191543579, 2.3073182106018066, 2.8430354595184326, 3.106776237487793, 0.9619851112365723], [2.0285565853118896, 1.551025152206421, 1.995180606842041, 3.5495457649230957, 1.5448006391525269, 2.0963335037231445, 1.125796914100647, 2.2479522228240967, 2.4349591732025146, 4.381507873535156, 3.997072219848633, 0.6638475656509399, 2.500335931777954, 1.2173506021499634, 2.0820651054382324, 2.1387462615966797, 2.682055711746216, 2.588311195373535, 3.4772324562072754, 2.089826822280884], [2.7184929847717285, 3.606553554534912, 2.512610673904419, 3.4885005950927734, 2.057382345199585, 1.9287867546081543, 1.4332305192947388, 1.3919042348861694, 2.253389596939087, 1.441917896270752, 2.9551079273223877, 2.7083616256713867, 1.3232336044311523, 2.6802053451538086, 1.7112008333206177, 0.876191258430481, 1.3292261362075806, 3.0375571250915527, 2.2382736206054688, 2.5666310787200928], [1.6441282033920288, 3.905230760574341, 3.1025478839874268, 2.9537594318389893, 2.9740591049194336, 1.7670661211013794, 2.7743921279907227, 1.6563540697097778, 3.0241312980651855, 4.031192302703857, 3.198549509048462, 2.770888328552246, 2.112109661102295, 2.429548501968384, 2.663370132446289, 3.395413875579834, 0.1992335319519043, 3.365652084350586, 2.628293037414551, 1.6763161420822144], [2.546808958053589, 2.819331169128418, 1.3638818264007568, -0.011044979095458984, 4.0101318359375, 0.31815648078918457, 4.59307861328125, 2.0869743824005127, 0.602663516998291, 2.2332913875579834, 3.3620667457580566, 2.607616901397705, 1.5416635274887085, 2.7810091972351074, 2.504462718963623, 3.0491585731506348, 1.4981331825256348, 2.5011558532714844, 2.632342576980591, 2.1618847846984863], [0.4523005485534668, 2.044729232788086, 1.1107966899871826, 1.0705910921096802, 3.7781381607055664, 2.976308822631836, 2.198831796646118, 3.879423141479492, 2.29982590675354, 0.7348599433898926, 2.1697421073913574, 1.8248121738433838, 1.1563730239868164, 0.8295310735702515, 1.8598252534866333, 3.028899669647217, 1.834505558013916, 3.040369987487793, 1.887840986251831, 0.6590670347213745], [2.8249359130859375, 1.6835161447525024, 2.1122593879699707, 2.6811180114746094, 2.5038883686065674, 0.5241525173187256, 2.9201793670654297, 2.4328436851501465, 2.069074869155884, 1.4644534587860107, 2.6646945476531982, 2.494218349456787, 2.2165541648864746, 0.5516705513000488, 2.67557954788208, 2.469583511352539, 2.8290810585021973, 2.6147987842559814, 2.817976951599121, 2.425154685974121]]}, "time": 252.810418818146, "L": 200.0, "dp_mcmc_step_size": 1e-06, "ep_mcmc_step_size": 0.01, "num_rounds": 50, "num_mcmc_steps_per_round": 10, "num_chains": 10, "use_gradients": true, "use_stochasticity": false, "repair": true, "predict": false, "quench_rounds": 20, "tempering_schedule": null}