{"case": "case14", "dispatch": {"gen": [[2.7200965881347656, 0.6319836974143982, 0.8895488381385803, 0.6524245738983154, 0.6298059821128845], [0.9712744951248169, 0.9789064526557922, 1.00099515914917, 0.9952954053878784, 0.9758130311965942]], "load": [[-0.18300622701644897, -0.6957717537879944, -0.39842090010643005, -0.06739938259124756, -0.09775872528553009, -0.25303900241851807, -0.07927166670560837, -0.03213708475232124, -0.051877547055482864, -0.10937382280826569, -0.13255111873149872], [-0.10804355889558792, -0.1642676591873169, 0.03311467170715332, -0.013905566185712814, -0.059268344193696976, -0.1339414268732071, -0.04844675585627556, -0.014851247891783714, -0.013754261657595634, -0.047251079231500626, -0.045448075979948044]]}, "network_state": {"line_states": [[1.962939977645874, 2.5051066875457764, 2.241434097290039, 2.8925774097442627, 2.5217103958129883, 2.277350664138794, 1.8065521717071533, 2.7495439052581787, 2.8363773822784424, 0.42428600788116455, 1.8102251291275024, 3.3762011528015137, 0.7071731090545654, 4.161591053009033, 2.5243513584136963, 2.0069966316223145, 4.106924533843994, 1.2322405576705933, 3.0146889686584473, 1.4826561212539673], [2.2763235569000244, 2.8472166061401367, 1.7461040019989014, 3.9606075286865234, 2.4585752487182617, 2.6556167602539062, 1.7113885879516602, 2.444531202316284, 2.3848602771759033, 2.071822166442871, 1.7554856538772583, 3.2390780448913574, 1.4734805822372437, 3.243342161178589, 2.1600022315979004, 2.1803810596466064, 2.5505049228668213, 2.6272027492523193, 2.0466837882995605, -0.32784247398376465], [2.69115948677063, 1.1338146924972534, 4.170756816864014, 2.2298598289489746, 2.2223877906799316, 0.271867036819458, 2.9991214275360107, 2.479895830154419, 1.2011303901672363, 1.1034773588180542, 2.5572853088378906, 3.2918457984924316, 3.760639190673828, 3.572584867477417, 1.31874418258667, 2.136086940765381, 2.5737106800079346, 3.600512981414795, 0.46431052684783936, 3.4028544425964355], [4.149288654327393, 4.134360313415527, 3.0107908248901367, 1.081487774848938, 4.385062217712402, 4.8412065505981445, 2.7258827686309814, 3.7528915405273438, 2.2500970363616943, 2.739140033721924, 3.4170994758605957, 0.8926383256912231, 3.7666232585906982, 2.284153461456299, 2.5041182041168213, 2.715975284576416, 3.314340829849243, 3.517244815826416, 1.6448053121566772, 1.4503889083862305], [2.6965582370758057, 4.319512844085693, 3.369530200958252, 2.4041624069213867, 3.1153743267059326, 3.093611717224121, 1.7876768112182617, 2.3742716312408447, 1.7133095264434814, 0.43154799938201904, 0.9493281841278076, 2.874253749847412, 2.7858057022094727, 0.28777098655700684, 2.1977505683898926, 2.8115599155426025, 2.5602290630340576, 1.1818681955337524, 1.87259042263031, 0.7892098426818848], [1.5759698152542114, 1.6408822536468506, 1.702956199645996, 1.8681271076202393, 2.615358352661133, 2.757774591445923, 1.999474287033081, 1.6152207851409912, 1.729292392730713, 1.4322736263275146, 3.3627562522888184, 2.9046759605407715, 2.5150716304779053, 1.7937121391296387, 2.048616409301758, 1.8388826847076416, 1.1141701936721802, 2.2361109256744385, 3.065479278564453, 2.725778341293335], [3.3554673194885254, 2.2322018146514893, 1.6189032793045044, 1.7410163879394531, 4.228166103363037, 1.957876443862915, 2.121303081512451, 2.1603305339813232, 3.0993130207061768, 3.914152145385742, 3.0927743911743164, 2.1474928855895996, 3.158064603805542, 0.5250916481018066, 2.662822723388672, 2.3140676021575928, 4.299281597137451, 2.716954469680786, 1.3957254886627197, 2.70538592338562], [1.4432286024093628, 3.573366165161133, 2.798036575317383, 1.8208503723144531, 2.435431480407715, 0.8948962688446045, 0.8614547252655029, 4.368716239929199, 2.3342599868774414, 2.9300832748413086, 0.048612356185913086, 2.693225622177124, 2.927194118499756, 0.35062873363494873, 2.827277421951294, 0.667466402053833, 2.6714718341827393, 3.958878993988037, 3.4397194385528564, 0.5698134899139404], [3.527538776397705, 1.1430221796035767, 1.4037736654281616, 2.39814829826355, 3.4987058639526367, 2.7735869884490967, 3.225978374481201, 2.6369500160217285, -0.1579875946044922, 1.6202611923217773, 2.8569211959838867, 0.037108421325683594, 3.4850878715515137, 1.1951284408569336, 2.145627975463867, 3.7185146808624268, 2.3317811489105225, 2.2716124057769775, 2.8114278316497803, 1.075487494468689], [0.7479703426361084, 1.9128477573394775, 2.118098735809326, 3.058136224746704, 0.9422569274902344, 2.4325344562530518, 5.284385681152344, 1.8386948108673096, 1.1586172580718994, 3.5977320671081543, 3.6117687225341797, 1.600293517112732, 4.059295177459717, 1.1694294214248657, 0.7927420139312744, 1.5413329601287842, 1.1981478929519653, 2.7990949153900146, 1.5647624731063843, 2.523721694946289]]}, "time": 392.9424321707338, "L": 500.1, "dp_mcmc_step_size": 1e-06, "ep_mcmc_step_size": 0.01, "num_rounds": 50, "num_mcmc_steps_per_round": 10, "num_chains": 10, "use_gradients": true, "use_stochasticity": false, "repair": true, "predict": false, "quench_rounds": 20, "tempering_schedule": null}