{"trajs": {"trajectories": [[[-0.9636439085006714, -0.9099303483963013], [0.11322148889303207, -0.9462228417396545], [1.1864043474197388, -0.8965331315994263]], [[-1.190351963043213, -0.5122410655021667], [-0.12489817291498184, -0.4800293445587158], [1.066244125366211, -0.4175097346305847]], [[-0.99898362159729, -0.11838764697313309], [-0.02432272769510746, 0.011865015141665936], [1.2811838388442993, 0.0017136686947196722]], [[-1.1249639987945557, 0.33389219641685486], [-0.026274988427758217, 0.48864659667015076], [1.1379830837249756, 0.4222656786441803]], [[-1.015936255455017, 0.8094449043273926], [-0.11252971738576889, 0.9833909273147583], [1.0512558221817017, 0.8554001450538635]]]}, "best_eps_idx": 8, "time": 1428.034202366136, "n": 5, "T": 3, "width": 3.2, "height": 3.0, "R": 0.5, "max_wind_thrust": 2.0, "duration": 30.0, "dp_mcmc_step_size": 0.0001, "ep_mcmc_step_size": 0.0001, "num_rounds": 50, "num_mcmc_steps_per_round": 50, "num_chains": 10, "use_gradients": true, "use_stochasticity": false, "repair": true, "predict": false, "quench_rounds": 20, "tempering_schedule": null}