{"initial_state": {"ego_state": [-99.99689483642578, -3.0098154544830322, 1.0850929356820416e-05, 9.980986595153809], "non_ego_states": [[-90.01923370361328, -3.0166633129119873, 1.8711845768848434e-05, 6.986124515533447], [-69.98404693603516, 2.9998464584350586, -2.5251865736208856e-05, 8.011564254760742]], "shading_light_direction": [-0.11294974386692047, -0.5645596385002136, 0.82944655418396], "non_ego_colors": [[0.34187614917755127, 0.5647990703582764, 0.17447292804718018], [0.11167192459106445, 0.5325634479522705, 0.6925938129425049]]}, "action_trajectory": [[[[[[-3.5218465328216553, 2.159165382385254], [7.54305362701416, -3.6703696250915527], [19.96714973449707, 4.3343305587768555], [31.33063316345215, -3.452747344970703], [40.083518981933594, 5.3116655349731445]]]], [[[[1.2637486457824707, -0.3028968572616577], [9.282705307006836, -6.80013370513916], [19.643156051635742, 6.423917293548584], [34.16777420043945, -2.6717147827148438], [41.29031753540039, 4.7062273025512695]]]]]], "action_trajectory_trace": [[[[[[[-1.6593995094299316, 1.5380011796951294], [7.347596168518066, -3.4927704334259033], [20.70774269104004, 4.443688869476318], [31.78373146057129, -3.476851224899292], [39.698238372802734, 5.222865581512451]]], [[[-1.8482000827789307, 1.4846864938735962], [7.612427711486816, -3.426854372024536], [20.571754455566406, 4.862294673919678], [31.640548706054688, -3.562390089035034], [39.46391677856445, 5.04574728012085]]], [[[-2.215144157409668, 1.1568386554718018], [7.891917705535889, -3.224547863006592], [20.317710876464844, 5.171384334564209], [31.614227294921875, -3.5721123218536377], [39.562103271484375, 5.15491247177124]]], [[[-2.4601526260375977, 2.0706191062927246], [8.219197273254395, -3.9639177322387695], [20.3023624420166, 5.060251712799072], [31.587818145751953, -3.4681389331817627], [39.5916748046875, 5.663602828979492]]], [[[-2.3795292377471924, 2.5077638626098633], [8.271380424499512, -3.90906023979187], [20.38365936279297, 4.642077445983887], [31.472204208374023, -3.0934414863586426], [39.58980178833008, 5.187881946563721]]], [[[-3.4973788261413574, 2.1802194118499756], [7.902133941650391, -3.9911437034606934], [20.130416870117188, 4.393625736236572], [31.665559768676758, -3.2428932189941406], [39.987430572509766, 5.187965393066406]]], [[[-3.482879161834717, 2.286463499069214], [7.782627105712891, -3.9495441913604736], [20.27248764038086, 4.593549728393555], [31.708026885986328, -3.269899368286133], [40.24943923950195, 5.393674850463867]]], [[[-3.597827196121216, 2.2797014713287354], [7.787522792816162, -3.85735821723938], [19.90065574645996, 4.307855606079102], [31.746171951293945, -3.291980504989624], [40.314571380615234, 5.418992042541504]]], [[[-3.611008405685425, 2.143948793411255], [7.52283239364624, -3.8722128868103027], [19.793962478637695, 4.198365688323975], [31.84305191040039, -3.4641823768615723], [40.24249267578125, 5.252645015716553]]], [[[-3.5218465328216553, 2.159165382385254], [7.54305362701416, -3.6703696250915527], [19.96714973449707, 4.3343305587768555], [31.33063316345215, -3.452747344970703], [40.083518981933594, 5.3116655349731445]]]]], [[[[[1.8904082775115967, 0.7781978249549866], [9.133095741271973, -7.289090156555176], [20.273305892944336, 6.88237190246582], [33.86491394042969, -2.7745234966278076], [41.38561248779297, 4.395356178283691]]], [[[1.6772444248199463, 0.725731611251831], [9.331401824951172, -7.488996982574463], [20.70610237121582, 6.906239986419678], [33.978790283203125, -2.3820183277130127], [41.75774002075195, 4.564735412597656]]], [[[1.5312941074371338, 0.6327126026153564], [9.000821113586426, -6.965466499328613], [20.62096405029297, 6.447322368621826], [34.32316207885742, -2.2575037479400635], [41.331295013427734, 4.3192548751831055]]], [[[1.5380384922027588, 0.14157328009605408], [9.103928565979004, -6.7859978675842285], [20.489227294921875, 6.215405464172363], [33.80581283569336, -2.3383021354675293], [41.396785736083984, 4.208257675170898]]], [[[1.4233683347702026, 0.3413737714290619], [9.449984550476074, -7.0206499099731445], [20.452905654907227, 6.310612678527832], [33.75410079956055, -2.765573740005493], [41.27012252807617, 4.2366228103637695]]], [[[1.3297101259231567, 0.20379844307899475], [9.039142608642578, -7.0821404457092285], [20.221712112426758, 6.635894298553467], [33.785343170166016, -2.8672802448272705], [40.84245300292969, 3.9579074382781982]]], [[[1.383906364440918, 0.08842780441045761], [9.17397689819336, -7.183091163635254], [20.21892738342285, 6.851297378540039], [33.71459197998047, -2.6103909015655518], [40.823856353759766, 4.451785087585449]]], [[[1.2092013359069824, -0.10104884207248688], [9.155302047729492, -7.021327018737793], [20.047449111938477, 6.781497001647949], [33.92519760131836, -2.500121831893921], [40.693817138671875, 4.506155014038086]]], [[[1.063457727432251, -0.04718843847513199], [9.05676555633545, -6.982614040374756], [20.121065139770508, 6.733842849731445], [34.02280044555664, -2.5718915462493896], [41.03300476074219, 4.510356426239014]]], [[[1.2637486457824707, -0.3028968572616577], [9.282705307006836, -6.80013370513916], [19.643156051635742, 6.423917293548584], [34.16777420043945, -2.6717147827148438], [41.29031753540039, 4.7062273025512695]]]]]]], "time": 298.3183385711163, "L": 10.0, "noise_scale": 2.0, "failure_level": 7.4, "image_w": 32, "image_h": 32, "dp_logprior_scale": 1.0, "dp_mcmc_step_size": 0.01, "ep_mcmc_step_size": 0.01, "num_rounds": 10, "num_steps_per_round": 5, "num_chains": 1, "use_gradients": true, "use_stochasticity": true, "repair": false, "predict": true, "quench_rounds": 0, "tempering_schedule": [0.8646647334098816, 0.9853339791297913, 0.998410701751709, 0.9998277425765991, 0.9999813437461853, 0.9999979734420776, 0.9999997615814209, 1.0, 1.0, 1.0], "ep_logprobs": [[-46.22209930419922], [-47.68115997314453], [-46.763999938964844], [-45.687835693359375], [-45.31502151489258], [-47.257720947265625], [-47.976104736328125], [-48.2189826965332], [-48.6176872253418], [-47.94977951049805]], "dp_logprobs": [0.0, 0.0, 0.0, 0.0, 0.0, 0.0, 0.0, 0.0, 0.0, 0.0]}