{"trajs": {"trajectories": [[[-0.7195459604263306, -0.6195948123931885], [0.7158562541007996, -0.5281659364700317], [0.8125887513160706, -0.4489496648311615]], [[-0.7195461392402649, -0.49434661865234375], [0.7301951050758362, 0.04684038087725639], [0.8248165249824524, -0.13315793871879578]], [[-0.7195451259613037, 0.004971720278263092], [0.7302377820014954, -0.5453285574913025], [0.8249199986457825, 0.6365861296653748]], [[-0.7195450663566589, 0.49002736806869507], [0.2215074747800827, -0.6146796941757202], [0.8249882459640503, 0.43799063563346863]], [[-0.7195459604263306, 0.6196293234825134], [0.7162147760391235, -0.61849045753479], [0.8237528204917908, -0.5565943121910095]]]}, "best_eps_idx": 3, "time": 295.1614401098341, "n": 5, "T": 3, "width": 3.2, "height": 3.0, "R": 0.5, "max_wind_thrust": 0.5, "duration": 30.0, "dp_mcmc_step_size": 0.01, "ep_mcmc_step_size": 0.01, "num_rounds": 100, "num_mcmc_steps_per_round": 5, "num_chains": 5, "use_gradients": true, "use_stochasticity": false, "repair": true, "predict": false, "quench_rounds": 20, "tempering_schedule": null}