{"trajs": {"trajectories": [[[-0.39497679471969604, -0.7446689605712891], [0.2867263853549957, -0.8453701138496399], [1.435884714126587, -1.0433963537216187]], [[-1.0623676776885986, -0.6079156994819641], [-0.14150473475456238, -0.6569175720214844], [1.0573091506958008, -0.7071838974952698]], [[-1.5038690567016602, -0.2568471133708954], [-0.7674655318260193, -0.4926708936691284], [0.6522941589355469, -0.42910876870155334]], [[-0.6063829064369202, -0.2745935320854187], [0.3586099445819855, -0.3173031210899353], [1.458169937133789, -0.43217024207115173]], [[-1.1431403160095215, 0.033988580107688904], [-0.15778164565563202, -0.39879775047302246], [0.9075158834457397, -0.0014820083742961287]], [[-0.20878192782402039, 0.09598086029291153], [0.045668646693229675, 0.30070656538009644], [1.4553338289260864, -0.008745751343667507]], [[-1.4546451568603516, 0.4203024208545685], [0.2999499440193176, 0.8560767769813538], [1.202585220336914, 0.3929470479488373]], [[-0.6214144825935364, 0.3176894783973694], [-0.3536125123500824, 0.08489948511123657], [0.6953707337379456, 0.4783896505832672]], [[-0.9869410991668701, 0.6672308444976807], [0.6273821592330933, 1.0706478357315063], [1.4488543272018433, 0.8870078921318054]], [[-1.2873992919921875, 1.106375813484192], [-0.3096274137496948, 0.9550850987434387], [0.9327782392501831, 0.8725298643112183]]]}, "best_eps_idx": 3, "time": 4085.6678300378844, "n": 10, "T": 3, "width": 3.2, "height": 3.0, "R": 0.5, "max_wind_thrust": 1.0, "duration": 30.0, "dp_mcmc_step_size": 0.0001, "ep_mcmc_step_size": 0.0001, "num_rounds": 50, "num_mcmc_steps_per_round": 50, "num_chains": 5, "use_gradients": true, "use_stochasticity": false, "repair": true, "predict": false, "quench_rounds": 20, "tempering_schedule": null}