{"trajs": {"trajectories": [[[-0.11913572996854782, 0.5865799784660339], [-0.03491833433508873, 0.1564168483018875], [0.7229450941085815, 0.22514478862285614]], [[-0.21745024621486664, 0.12828302383422852], [-0.04687933623790741, -0.8125265836715698], [1.0518699884414673, 0.0015710145235061646]], [[-0.3259258568286896, 0.1911303997039795], [0.1867418736219406, -0.6461747288703918], [1.007275104522705, -0.2564290463924408]], [[-0.3601004481315613, 0.18257682025432587], [0.5342604517936707, -0.18709929287433624], [1.0926932096481323, -0.5630558729171753]], [[0.16539999842643738, 0.05811993032693863], [0.41329488158226013, -0.24356046319007874], [0.8626657128334045, 0.06497672200202942]], [[0.22133031487464905, 0.4161815643310547], [-0.1121072918176651, -0.7823110222816467], [1.1091809272766113, 0.8465086817741394]], [[-0.17969104647636414, 0.12922582030296326], [-0.17149293422698975, -0.620143711566925], [0.9769130349159241, -0.2860534191131592]], [[-0.16018229722976685, -0.34256255626678467], [0.7236335277557373, 0.10427296161651611], [0.922357976436615, 0.6501479148864746]], [[0.1477716863155365, -0.13733352720737457], [1.073885440826416, 0.4141736328601837], [1.0778652429580688, 0.2428976148366928]], [[-0.06264474987983704, 0.2825007438659668], [-0.1623050719499588, -0.5596948862075806], [1.0479958057403564, -0.6989524960517883]]]}, "best_eps_idx": 7, "time": 16936.656992342323, "n": 10, "T": 3, "width": 3.2, "height": 3.0, "R": 0.5, "max_wind_thrust": 0.5, "duration": 30.0, "dp_mcmc_step_size": 0.001, "ep_mcmc_step_size": 0.001, "num_rounds": 50, "num_mcmc_steps_per_round": 50, "num_chains": 10, "use_gradients": false, "use_stochasticity": true, "repair": true, "predict": true, "quench_rounds": 0, "tempering_schedule": null}