{"trajs": {"trajectories": [[[-0.9222970008850098, -0.9309272766113281], [-1.063501238822937, 0.3570100963115692], [0.32010698318481445, -0.0671934112906456]], [[-1.0148465633392334, -0.5063686370849609], [0.8275397419929504, 0.6273273229598999], [-0.11097536981105804, -0.11560875922441483]], [[-1.127071499824524, 0.0802033543586731], [0.296489417552948, -1.0252442359924316], [-0.6151825785636902, 0.15685151517391205]], [[-0.7872021794319153, 0.4110078513622284], [0.009236529469490051, 0.17504894733428955], [-0.11177254468202591, -0.44783198833465576]], [[-1.0719176530838013, 0.8794795274734497], [0.08420917391777039, 0.36516624689102173], [-0.24195817112922668, -0.2608100473880768]]]}, "best_eps_idx": 3, "time": 931.1005220599473, "n": 5, "T": 3, "width": 3.2, "height": 3.0, "R": 0.5, "max_wind_thrust": 0.5, "duration": 30.0, "dp_mcmc_step_size": 0.0001, "ep_mcmc_step_size": 0.01, "num_rounds": 100, "num_mcmc_steps_per_round": 5, "num_chains": 5, "use_gradients": false, "use_stochasticity": true, "repair": true, "predict": true, "quench_rounds": 0, "tempering_schedule": null}