{"trajs": {"trajectories": [[[-0.7658283710479736, -1.4241979122161865], [0.7623844742774963, 0.6630864143371582], [0.922886312007904, 1.2713931798934937]], [[-0.7110073566436768, -1.1196049451828003], [-0.6075279116630554, 1.0063114166259766], [0.9228730201721191, 1.0041632652282715]], [[-0.7534714341163635, -0.8457968831062317], [0.7277514338493347, 0.02904948778450489], [0.9228066205978394, -0.9927000403404236]], [[-0.7582630515098572, -0.5040193200111389], [0.5515780448913574, 0.27984312176704407], [0.9228510856628418, -0.24153776466846466]], [[-0.7583786249160767, -0.015651218593120575], [0.6363217830657959, 0.747620701789856], [0.9228518009185791, -0.2641105055809021]], [[-0.7195872068405151, 0.4515414237976074], [-0.3945428133010864, 0.4024459421634674], [0.9228582382202148, 0.35158488154411316]], [[-0.7622486352920532, 0.051760464906692505], [0.6933597922325134, 1.0689083337783813], [0.9228600859642029, 0.07960113883018494]], [[-0.7551720142364502, 0.572290301322937], [0.2845170497894287, 1.5596473217010498], [0.9228464961051941, -0.8935631513595581]], [[-0.7533057928085327, 1.1757733821868896], [-0.1358732432126999, 0.028430745005607605], [0.9228717684745789, 0.8531194925308228]], [[-0.709494411945343, 1.6244828701019287], [-0.5028334856033325, -0.7631993889808655], [0.9228494763374329, -1.2554327249526978]]]}, "best_eps_idx": 7, "time": 8813.626728110015, "n": 10, "T": 3, "width": 3.2, "height": 5.0, "R": 0.5, "max_wind_thrust": 0.5, "duration": 30.0, "dp_mcmc_step_size": 0.001, "ep_mcmc_step_size": 0.001, "num_rounds": 50, "num_mcmc_steps_per_round": 50, "num_chains": 10, "use_gradients": true, "use_stochasticity": false, "repair": true, "predict": false, "quench_rounds": 20, "tempering_schedule": null}