{"trajs": {"trajectories": [[[-1.043877363204956, -0.6358852386474609], [0.12339849770069122, -1.114758014678955], [1.522532343864441, -0.5262939929962158]], [[-1.0141043663024902, -0.21189352869987488], [-0.3060080409049988, -0.7994040250778198], [1.2313754558563232, -0.13080856204032898]], [[-1.028889775276184, 0.20136572420597076], [-0.4555121958255768, -0.1797373741865158], [0.6478495001792908, -0.04360058531165123]], [[-1.3118079900741577, 0.6317034363746643], [-0.18938109278678894, 0.39536020159721375], [0.9942865371704102, 0.23568132519721985]], [[-0.7843127250671387, 0.7621510624885559], [0.0896037220954895, 0.813252329826355], [1.2587107419967651, 0.5954316258430481]]]}, "best_eps_idx": 8, "time": 4123.954068381339, "n": 5, "T": 3, "width": 3.2, "height": 3.0, "R": 0.5, "max_wind_thrust": 0.5, "duration": 30.0, "dp_mcmc_step_size": 0.001, "ep_mcmc_step_size": 0.001, "num_rounds": 50, "num_mcmc_steps_per_round": 50, "num_chains": 10, "use_gradients": false, "use_stochasticity": true, "repair": true, "predict": true, "quench_rounds": 0, "tempering_schedule": null}