{"initial_state": {"ego_state": [-19.99689483642578, -3.7598154544830322, 1.0850930266315117e-05, 2.9923946857452393], "non_ego_states": [[-3.7495198249816895, 9.997322082519531, -1.5707772970199585, 4.505649566650391], [-3.7356598377227783, 19.975736618041992, -1.5708420276641846, 4.506687641143799], [3.7377078533172607, -30.013019561767578, 1.570844054222107, 4.496097564697266]], "shading_light_direction": [-0.11294974386692047, -0.5645596385002136, 0.82944655418396], "non_ego_colors": [[0.7974475622177124, 0.015570759773254395, 0.9038956165313721], [0.47114241123199463, 0.7621179819107056, 0.9575601816177368], [0.45816755294799805, 0.09452557563781738, 0.9759771823883057]]}, "action_trajectory": [[[[[[0.3453163206577301, -9.70608901977539], [1.1012991666793823, -19.094768524169922], [1.3995120525360107, -29.820301055908203], [1.5249712467193604, -39.71445846557617], [0.35332202911376953, -51.140716552734375]], [[-1.1492421627044678, -9.528910636901855], [0.6956629157066345, -18.57677459716797], [-2.4958510398864746, -29.726442337036133], [-1.197407603263855, -42.375850677490234], [0.5945731997489929, -50.35129928588867]]]], [[[[1.1472785472869873, -10.011075019836426], [-2.600245714187622, -20.04635238647461], [0.8967298269271851, -30.53510093688965], [0.03960556164383888, -38.14401626586914], [-0.8558962941169739, -50.113182067871094]], [[0.16522201895713806, -11.267340660095215], [-0.643227756023407, -19.57672691345215], [0.7881904244422913, -31.53715705871582], [0.3695756494998932, -40.51464080810547], [-0.0054416111670434475, -49.13125228881836]]]], [[[[-1.0588829517364502, 8.899564743041992], [0.2435210645198822, 20.353816986083984], [0.3181818425655365, 30.167041778564453], [-1.062180995941162, 37.49180603027344], [1.1072299480438232, 50.7003173828125]], [[-0.13263003528118134, 10.131319046020508], [-2.7375710010528564, 18.30492401123047], [0.6627928614616394, 30.689990997314453], [0.5678834319114685, 40.474815368652344], [-0.1220085471868515, 49.17402648925781]]]]]], "action_trajectory_trace": [[[[[[[0.28568291664123535, -9.691349983215332], [1.093139410018921, -19.0497989654541], [1.4734188318252563, -29.810823440551758], [1.6053876876831055, -39.69940948486328], [0.3719537556171417, -51.20087432861328]], [[-1.3068087100982666, -9.528709411621094], [0.8610928654670715, -18.56368064880371], [-2.5835390090942383, -29.71684455871582], [-1.2395315170288086, -42.45943832397461], [0.6154899001121521, -50.36365509033203]]], [[[0.1975271850824356, -9.68917179107666], [1.116341233253479, -19.044227600097656], [1.4735252857208252, -29.810823440551758], [1.6053762435913086, -39.69940948486328], [0.3719511032104492, -51.20086669921875]], [[-1.1904743909835815, -9.527045249938965], [0.8280872106552124, -18.559619903564453], [-2.5837278366088867, -29.71683120727539], [-1.2395035028457642, -42.459381103515625], [0.6154760122299194, -50.363651275634766]]], [[[0.22629183530807495, -9.691094398498535], [1.139643907546997, -19.049888610839844], [1.4638625383377075, -29.812042236328125], [1.595036268234253, -39.70133590698242], [0.3695554733276367, -51.19313049316406]], [[-1.1973484754562378, -9.524706840515137], [0.7754766345024109, -18.553010940551758], [-2.581305503845215, -29.717079162597656], [-1.2384004592895508, -42.457191467285156], [0.6149283051490784, -50.36332702636719]]], [[[0.235471710562706, -9.693429946899414], [1.136394739151001, -19.056886672973633], [1.4548659324645996, -29.81319808959961], [1.5852906703948975, -39.70315933227539], [0.3672974705696106, -51.18584060668945]], [[-1.1993374824523926, -9.521448135375977], [0.7061604857444763, -18.545257568359375], [-2.581275224685669, -29.717079162597656], [-1.238388180732727, -42.45716857910156], [0.6149221658706665, -50.36332702636719]]], [[[0.24032990634441376, -9.695466995239258], [1.129435420036316, -19.063156127929688], [1.4451957941055298, -29.814437866210938], [1.5747536420822144, -39.705142974853516], [0.36485618352890015, -51.17795944213867]], [[-1.1909502744674683, -9.524627685546875], [0.7016217112541199, -18.55492401123047], [-2.5641181468963623, -29.71895980834961], [-1.2301568984985352, -42.44083786010742], [0.6108349561691284, -50.360923767089844]]], [[[0.23379342257976532, -9.697748184204102], [1.1263136863708496, -19.06992530822754], [1.4357833862304688, -29.815650939941406], [1.5644959211349487, -39.707054138183594], [0.362479567527771, -51.170284271240234]], [[-1.1873509883880615, -9.520064353942871], [0.7207000255584717, -18.54998779296875], [-2.547055959701538, -29.720829010009766], [-1.2219804525375366, -42.42461395263672], [0.6067749261856079, -50.3585205078125]]], [[[0.2971231937408447, -9.700226783752441], [1.1171016693115234, -19.07685089111328], [1.4265466928482056, -29.81683349609375], [1.5544309616088867, -39.70893859863281], [0.3601475954055786, -51.162757873535156]], [[-1.182667851448059, -9.522662162780762], [0.7102451920509338, -18.558513641357422], [-2.530474901199341, -29.72264289855957], [-1.2140240669250488, -42.40882873535156], [0.6028240919113159, -50.35618591308594]]], [[[0.3029218912124634, -9.702383041381836], [1.1113508939743042, -19.0833740234375], [1.4170643091201782, -29.818050384521484], [1.5440990924835205, -39.71088409423828], [0.35775381326675415, -51.155029296875]], [[-1.1758477687835693, -9.52553939819336], [0.7106592655181885, -18.567909240722656], [-2.5136561393737793, -29.7244930267334], [-1.2059547901153564, -42.392818450927734], [0.5988172888755798, -50.35382080078125]]], [[[0.3287639021873474, -9.704383850097656], [1.1076974868774414, -19.089431762695312], [1.407882809638977, -29.81922721862793], [1.5340946912765503, -39.71274948120117], [0.35543587803840637, -51.147544860839844]], [[-1.1684402227401733, -9.53050708770752], [0.7039520144462585, -18.580577850341797], [-2.496948480606079, -29.7263240814209], [-1.197939157485962, -42.37691116333008], [0.5948371291160583, -50.35145950317383]]], [[[0.3453163206577301, -9.70608901977539], [1.1012991666793823, -19.094768524169922], [1.3995120525360107, -29.820301055908203], [1.5249712467193604, -39.71445846557617], [0.35332202911376953, -51.140716552734375]], [[-1.1492421627044678, -9.528910636901855], [0.6956629157066345, -18.57677459716797], [-2.4958510398864746, -29.726442337036133], [-1.197407603263855, -42.375850677490234], [0.5945731997489929, -50.35129928588867]]]]], [[[[[1.1544243097305298, -9.97261905670166], [-1.5634957551956177, -19.80632781982422], [1.1367151737213135, -30.540332794189453], [0.04169401526451111, -38.046138763427734], [-0.9010303616523743, -50.119140625]], [[0.2052416354417801, -11.295884132385254], [-0.3440912663936615, -19.400766372680664], [0.8957005143165588, -31.577526092529297], [0.3825760781764984, -40.53273391723633], [-0.005632966291159391, -49.10068893432617]]], [[[1.006239414215088, -9.973976135253906], [-1.8443825244903564, -19.887409210205078], [1.1182881593704224, -30.561052322387695], [0.04169372841715813, -38.04615020751953], [-0.9010238647460938, -50.119140625]], [[0.28891077637672424, -11.325632095336914], [-0.21643754839897156, -19.44172477722168], [0.8994329571723938, -31.561511993408203], [0.3825671970844269, -40.53273010253906], [-0.0056328438222408295, -49.1007080078125]]], [[[1.0438904762268066, -9.993191719055176], [-2.2007412910461426, -19.969324111938477], [0.995944619178772, -30.558422088623047], [0.0414251945912838, -38.05873107910156], [-0.8952205181121826, -50.11836624145508]], [[0.19830669462680817, -11.300041198730469], [-0.6157850027084351, -19.368526458740234], [0.8765124678611755, -31.562395095825195], [0.3822268843650818, -40.532257080078125], [-0.005627831444144249, -49.10150909423828]]], [[[1.0685169696807861, -9.999147415161133], [-2.6397454738616943, -19.98984146118164], [0.962354302406311, -30.55502700805664], [0.0411720871925354, -38.070594787597656], [-0.8897508382797241, -50.11763381958008]], [[0.1826651692390442, -11.300385475158691], [-0.36951494216918945, -19.434587478637695], [0.8528909683227539, -31.57614517211914], 