{"initial_state": {"ego_state": [-20.006174087524414, -3.7541916370391846, 3.170327181578614e-05, 2.99574613571167], "non_ego_states": [[-3.7707152366638184, 10.009400367736816, -1.570794939994812, 4.511014938354492], [-3.7651798725128174, 19.98287010192871, -1.570846438407898, 4.4915313720703125], [3.7540032863616943, -30.009660720825195, 1.5707879066467285, 4.50853967666626]], "shading_light_direction": [-0.11669475585222244, -0.5655707120895386, 0.8346090316772461], "non_ego_colors": [[0.48734068870544434, 0.4840853214263916, 0.391965389251709], [0.20146119594573975, 0.5036063194274902, 0.44435012340545654], [0.7608335018157959, 0.07278275489807129, 0.9837572574615479]]}, "action_trajectory": [[[[[[-2.301679849624634, -11.880763053894043], [1.8547710180282593, -19.857698440551758], [-1.1341272592544556, -28.81228256225586], [-0.7546963095664978, -39.47279739379883], [0.3156680464744568, -48.772674560546875]], [[0.5000981688499451, -11.096196174621582], [0.06730999052524567, -19.01420021057129], [-0.4828531742095947, -30.520931243896484], [-1.9341464042663574, -39.71238708496094], [1.8433398008346558, -48.680484771728516]]]], [[[[-0.13614358007907867, -9.508933067321777], [0.33199629187583923, -20.102636337280273], [0.6424542665481567, -29.575185775756836], [-0.1791464388370514, -39.23684310913086], [0.6677978038787842, -51.1628532409668]], [[-0.3059214651584625, -8.958719253540039], [-1.2605416774749756, -21.2774658203125], [-1.3692166805267334, -30.4639949798584], [0.04337412491440773, -39.12761306762695], [0.07904868572950363, -51.31578063964844]]]], [[[[-1.1436995267868042, 11.848068237304688], [-1.3729145526885986, 19.26181983947754], [0.7501506805419922, 31.262041091918945], [2.5475246906280518, 37.899539947509766], [-1.3551403284072876, 49.288673400878906]], [[1.2060314416885376, 10.340861320495605], [-0.3742230236530304, 19.42565155029297], [0.5189709663391113, 29.952205657958984], [0.3587142825126648, 40.92144775390625], [2.0517916679382324, 49.98603057861328]]]]]], "action_trajectory_trace": [[[[[[[-2.422802686691284, -11.947004318237305], [1.8693581819534302, -19.826549530029297], [-1.1798934936523438, -28.7642822265625], [-0.7852098345756531, -39.451480865478516], [0.3284309208393097, -48.723052978515625]], [[-0.6650093197822571, -11.12069320678711], [-0.4518139660358429, -18.921772003173828], [-0.5007411241531372, -30.540361404418945], [-2.0065977573394775, -39.70161819458008], [1.9123899936676025, -48.63105773925781]]], [[[-2.423001527786255, -11.951181411743164], [1.8334143161773682, -19.838253021240234], [-1.1795958280563354, -28.764474868774414], [-0.7850789427757263, -39.451576232910156], [0.3283761441707611, -48.723270416259766]], [[-0.5525599718093872, -11.117639541625977], [-0.30007031559944153, -18.92638397216797], [-0.49917662143707275, -30.5386962890625], [-2.000415325164795, -39.70254135131836], [1.906497597694397, -48.63527297973633]]], [[[-2.406175374984741, -11.941143989562988], [1.8262543678283691, -19.8448543548584], [-1.1728936433792114, -28.771726608276367], [-0.7804585099220276, -39.454803466796875], [0.326443612575531, -48.73078155517578]], [[-0.5295071005821228, -11.117406845092773], [-0.41963180899620056, -18.926055908203125], [-0.4991688132286072, -30.53868865966797], [-2.0003833770751953, -39.70254135131836], [1.906467080116272, -48.63529586791992]]], [[[-2.4057199954986572, -11.93835735321045], [1.8333542346954346, -19.832040786743164], [-1.1726094484329224, -28.771800994873047], [-0.7803840041160583, -39.45485305786133], [0.32641246914863586, -48.73090362548828]], [[-0.540063738822937, -11.120662689208984], [-0.4007187485694885, -18.934419631958008], [-0.4991621971130371, -30.538673400878906], [-2.00032639503479, -39.702545166015625], [1.906412959098816, -48.63533401489258]]], [[[-2.4069058895111084, -11.94150447845459], [1.8162705898284912, -19.841203689575195], [-1.1724849939346313, -28.771957397460938], [-0.7802854776382446, -39.454925537109375], [0.32637128233909607, -48.731056213378906]], [[-0.5288146138191223, -11.12285327911377], [-0.37545672059059143, -18.94134521484375], [-0.4990025460720062, -30.53848648071289], [-1.9996346235275269, -39.70264434814453], [1.9057536125183105, -48.635807037353516]]], [[[-2.3900678157806396, -11.929044723510742], [1.8106881380081177, -19.84378433227539], [-1.1646894216537476, -28.780120849609375], [-0.7750991582870483, -39.45854949951172], [0.3242020010948181, -48.7394905090332]], [[-0.309615820646286, -11.118410110473633], [-0.24780040979385376, -18.959543228149414], [-0.4962801933288574, -30.534927368164062], [-1.9863436222076416, -39.704627990722656], [1.8930866718292236, -48.64487075805664]]], [[[-2.3714776039123535, -11.917154312133789], [1.8207024335861206, -19.84886932373047], [-1.1570024490356445, -28.788253784179688], [-0.769947350025177, -39.46214294433594], [0.3220471143722534, -48.747867584228516]], [[-0.03443657606840134, -11.114750862121582], [-0.12469644844532013, -18.980247497558594], [-0.49307119846343994, -30.53142738342285], [-1.9732317924499512, -39.70657730102539], [1.8805900812149048, -48.6538200378418]]], [[[-2.36816143989563, -11.905035018920898], [1.8194204568862915, -19.85258674621582], [-1.1493358612060547, -28.79633331298828], [-0.764829695224762, -39.465721130371094], [0.3199065625667572, -48.756195068359375]], [[0.3098437190055847, -11.107903480529785], [-0.03867947310209274, -18.98931884765625], [-0.48986634612083435, -30.52789878845215], [-1.9601163864135742, -39.70852279663086], [1.8680903911590576, -48.66276550292969]]], [[[-2.3098461627960205, -11.892796516418457], [1.835659384727478, -19.855127334594727], [-1.1416983604431152, -28.804336547851562], [-0.7597461342811584, -39.469268798828125], [0.3177802562713623, -48.764461517333984]], [[0.4050046503543854, -11.101054191589355], [0.0027204719372093678, -18.998262405395508], [-0.4867185056209564, -30.524396896362305], [-1.9470881223678589, -39.71046829223633], [1.855673909187317, -48.671653747558594]]], [[[-2.301679849624634, -11.880763053894043], [1.8547710180282593, -19.857698440551758], [-1.1341272592544556, -28.81228256225586], [-0.7546963095664978, -39.47279739379883], [0.3156680464744568, -48.772674560546875]], [[0.5000981688499451, -11.096196174621582], [0.06730999052524567, -19.01420021057129], [-0.4828531742095947, -30.520931243896484], [-1.9341464042663574, -39.71238708496094], [1.8433398008346558, -48.680484771728516]]]]], [[[[[0.006377396639436483, -9.51501178741455], [0.9913468956947327, -20.277063369750977], [0.6030237674713135, -29.574512481689453], [-0.1863902509212494, -39.20598220825195], [0.6947974562644958, -51.20987319946289]], [[-0.29393982887268066, -8.95718765258789], [-1.4825173616409302, -21.644933700561523], [-1.5418015718460083, -30.512191772460938], [0.044999249279499054, -39.094947814941406], [0.08200979232788086, -51.36506652832031]]], [[[-0.11727461218833923, -9.49409294128418], [0.9540859460830688, -20.178037643432617], [0.6863287091255188, -29.57082176208496], [-0.1863592118024826, -39.206111907958984], [0.6946815848350525, -51.20966720581055]], [[-0.3072713017463684, -8.940059661865234], [-1.5444165468215942, -21.50960922241211], [-1.5426875352859497, -30.505022048950195], [0.04486028477549553, -39.09773635864258], [0.08175711333751678, -51.36086654663086]]], [[[-0.03522442653775215, -9.502580642700195], [0.6158655285835266, -20.184467315673828], [0.6746213436126709, -29.5698184967041], [-0.1852615773677826, -39.21078109741211], [0.6905933618545532, -51.20254898071289]], [[-0.3063509464263916, -8.931602478027344], [-1.395847201347351, -21.400354385375977], [-1.5342514514923096, -30.487781524658203], [0.04485952854156494, -39.09774398803711], [0.08175580203533173, -51.360843658447266]]], [[[-0.12004535645246506, -9.487529754638672], [0.5909268856048584, -20.14223861694336], [0.7160093188285828, -29.57306480407715], [-0.18524399399757385, -39.21085739135742], [0.6905274987220764, -51.202430725097656]], [[-0.3241291642189026, -8.915266036987305], 