{"initial_state": {"ego_state": [-19.99689483642578, -3.7598154544830322, 1.0850930266315117e-05, 2.9923946857452393], "non_ego_states": [[-3.7495198249816895, 9.997322082519531, -1.5707772970199585, 4.505649566650391], [-3.7356598377227783, 19.975736618041992, -1.5708420276641846, 4.506687641143799], [3.7377078533172607, -30.013019561767578, 1.570844054222107, 4.496097564697266]], "shading_light_direction": [-0.11294974386692047, -0.5645596385002136, 0.82944655418396], "non_ego_colors": [[0.7974475622177124, 0.015570759773254395, 0.9038956165313721], [0.47114241123199463, 0.7621179819107056, 0.9575601816177368], [0.45816755294799805, 0.09452557563781738, 0.9759771823883057]]}, "action_trajectory": [[[[[[1.5593181848526, -10.001415252685547], [0.517949640750885, -18.73048210144043], [1.0558056831359863, -28.4995059967041], [3.4153127670288086, -40.41510772705078], [0.5349447131156921, -51.469173431396484]], [[-1.1779426336288452, -8.816109657287598], [0.49290233850479126, -16.91012191772461], [-2.4023687839508057, -29.82156753540039], [-1.5046617984771729, -43.66475296020508], [2.4277374744415283, -50.363155364990234]]]], [[[[3.1216282844543457, -10.318143844604492], [-4.272830009460449, -19.220508575439453], [1.746666669845581, -30.0175838470459], [-0.3640168309211731, -38.829044342041016], [-0.3694970905780792, -50.865318298339844]], [[-0.7485960125923157, -11.277020454406738], [-0.8466838598251343, -19.255775451660156], [0.6732122898101807, -30.686996459960938], [-1.1895287036895752, -40.88813781738281], [0.24407675862312317, -49.21963882446289]]]], [[[[-2.7658727169036865, 9.180129051208496], [2.7317397594451904, 19.668537139892578], [-0.31218066811561584, 30.441320419311523], [-1.1295126676559448, 37.30586242675781], [2.351069211959839, 51.528663635253906]], [[-0.7860949039459229, 9.352218627929688], [-1.8977000713348389, 19.112619400024414], [0.32619306445121765, 29.91065788269043], [0.1360817551612854, 39.80794906616211], [-0.4044851064682007, 49.345916748046875]]]]]], "action_trajectory_trace": [[[[[[[0.8347291946411133, -9.959712028503418], [1.3117533922195435, -18.84909439086914], [1.0989800691604614, -29.635353088378906], [1.9225159883499146, -39.7097053527832], [0.5158385634422302, -50.981971740722656]], [[-1.153260588645935, -9.335281372070312], [0.8167513012886047, -18.021406173706055], [-2.8181607723236084, -29.67384147644043], [-1.4571282863616943, -42.527957916259766], [0.5911256074905396, -50.40091323852539]]], [[[1.0359164476394653, -9.493622779846191], [0.7823768854141235, -18.68229866027832], [1.0875180959701538, -29.513383865356445], [1.8706746101379395, -39.269840240478516], [-0.00299777090549469, -51.6700325012207]], [[-1.3014775514602661, -8.856099128723145], [0.9904583096504211, -17.826982498168945], [-2.8704206943511963, -29.79067039489746], [-1.3213303089141846, -42.90713119506836], [0.7722382545471191, -50.28185272216797]]], [[[0.8568383455276489, -9.60694694519043], [0.6249236464500427, -18.881805419921875], [0.9861816763877869, -29.432992935180664], [2.2112345695495605, -39.507503509521484], [-0.08775985985994339, -51.35017776489258]], [[-1.4650793075561523, -8.990949630737305], [0.8518458604812622, -17.778648376464844], [-3.0762503147125244, -29.730846405029297], [-1.2942156791687012, -42.74152374267578], [0.8017985820770264, -50.45362854003906]]], [[[0.8568383455276489, -9.60694694519043], [0.6249236464500427, -18.881805419921875], [0.9861816763877869, -29.432992935180664], [2.2112345695495605, -39.507503509521484], [-0.08775985985994339, -51.35017776489258]], [[-1.4650793075561523, -8.990949630737305], [0.8518458604812622, -17.778648376464844], [-3.0762503147125244, -29.730846405029297], [-1.2942156791687012, -42.74152374267578], [0.8017985820770264, -50.45362854003906]]], [[[1.1796663999557495, -9.621827125549316], [0.4936729073524475, -19.048744201660156], [1.0508514642715454, -29.16720199584961], [2.2294132709503174, -39.65334701538086], [0.1306181102991104, -51.3131217956543]], [[-1.495815396308899, -8.976409912109375], [0.8231300115585327, -17.634904861450195], [-3.035407304763794, -29.58812141418457], [-1.300330400466919, -42.701900482177734], [0.9538047909736633, -50.54165267944336]]], [[[1.9183244705200195, -9.792068481445312], [0.41403985023498535, -19.173553466796875], [0.49439483880996704, -28.79311180114746], [2.267548084259033, -39.5500602722168], [0.26384636759757996, -51.369232177734375]], [[-1.0860130786895752, -8.506279945373535], [0.4709269404411316, -17.51291847229004], [-3.0353035926818848, -29.620044708251953], [-1.1464006900787354, -42.74757385253906], [1.7290619611740112, -50.367408752441406]]], [[[1.8880306482315063, -9.90756893157959], [0.8759806752204895, -18.83454132080078], [0.7359464764595032, -28.79669761657715], [3.1776890754699707, -39.54761505126953], [0.34717506170272827, -51.61113739013672]], [[-1.4456621408462524, -8.791728019714355], [-0.1117168441414833, -17.498172760009766], [-2.3988194465637207, -29.401142120361328], [-0.8062026500701904, -43.259098052978516], [1.3104491233825684, -50.53500747680664]]], [[[1.881003499031067, -10.352547645568848], [1.039413332939148, -19.004623413085938], [1.009594440460205, -28.99882698059082], [3.005701780319214, -39.85578536987305], [0.2534801959991455, -52.03684616088867]], [[-1.6634397506713867, -8.699959754943848], [0.021584555506706238, -18.166439056396484], [-2.640352249145508, -29.081172943115234], [-1.1029863357543945, -43.49998092651367], [1.8606036901474, -50.36288833618164]]], [[[1.7283767461776733, -9.976167678833008], [0.14829106628894806, -18.869380950927734], [0.8348519802093506, -28.77240753173828], [3.780038595199585, -40.57868576049805], [0.2847367227077484, -51.393218994140625]], [[-1.6115245819091797, -8.83804702758789], [-0.08376804739236832, -17.379026412963867], [-2.803804874420166, -29.70895767211914], [-1.2207508087158203, -43.152244567871094], [1.959610104560852, -50.6749267578125]]], [[[1.5593181848526, -10.001415252685547], [0.517949640750885, -18.73048210144043], [1.0558056831359863, -28.4995059967041], [3.4153127670288086, -40.41510772705078], [0.5349447131156921, -51.469173431396484]], [[-1.1779426336288452, -8.816109657287598], [0.49290233850479126, -16.91012191772461], [-2.4023687839508057, -29.82156753540039], [-1.5046617984771729, -43.66475296020508], [2.4277374744415283, -50.363155364990234]]]]], [[[[[1.0142250061035156, -10.299032211303711], [-2.1918795108795166, -19.983877182006836], [1.0612258911132812, -30.698333740234375], [0.018261604011058807, -38.265926361083984], [-0.5426380634307861, -50.18877029418945]], [[0.542267382144928, -11.0897216796875], [-1.0923888683319092, -19.19035530090332], [0.6502528190612793, -31.394935607910156], [0.1702503114938736, -40.812530517578125], [-0.22545233368873596, -49.2053108215332]]], [[[1.8395239114761353, -10.283089637756348], [-2.374769449234009, -19.661664962768555], [1.1119349002838135, -30.98221206665039], [0.38931140303611755, -38.294952392578125], [-0.28856635093688965, -50.314247131347656]], [[0.6398338079452515, -11.178675651550293], [-1.3197314739227295, -19.366561889648438], [0.30566680431365967, -31.456907272338867], [0.016576215624809265, -40.939266204833984], [-0.3453594148159027, -49.13531494140625]]], [[[1.9557268619537354, -9.996285438537598], [-2.276339530944824, -19.598115921020508], [1.024696946144104, -30.971975326538086], [0.5361865162849426, -38.33578872680664], [-0.581733763217926, -49.98451232910156]], [[0.7119120955467224, -11.300872802734375], [-1.317126989364624, -19.133344650268555], [0.23686009645462036, -31.28980255126953], [0.1187085285782814, -40.755271911621094], [-0.408640056848526, -48.94439697265625]]], [[[1.9557268619537354, -9.996285438537598], [-2.276339530944824, -19.598115921020508], [1.024696946144104, -30.971975326538086], [0.5361865162849426, -38.33578872680664], [-0.581733763217926, -49.98451232910156]], [[0.7119120955467224, -11.300872802734375], [-1.317126989364624, -19.133344650268555], [0.23686009645462036, 