{"initial_state": {"ego_state": [-20.006174087524414, -3.7541916370391846, 3.170327181578614e-05, 2.99574613571167], "non_ego_states": [[-3.7707152366638184, 10.009400367736816, -1.570794939994812, 4.511014938354492], [-3.7651798725128174, 19.98287010192871, -1.570846438407898, 4.4915313720703125], [3.7540032863616943, -30.009660720825195, 1.5707879066467285, 4.50853967666626]], "shading_light_direction": [-0.11669475585222244, -0.5655707120895386, 0.8346090316772461], "non_ego_colors": [[0.48734068870544434, 0.4840853214263916, 0.391965389251709], [0.20146119594573975, 0.5036063194274902, 0.44435012340545654], [0.7608335018157959, 0.07278275489807129, 0.9837572574615479]]}, "action_trajectory": [[[[[[-1.2815065383911133, -11.462039947509766], [3.50727915763855, -20.770299911499023], [-1.2922478914260864, -26.2741756439209], [-1.5531591176986694, -41.416324615478516], [0.23572760820388794, -48.95393753051758]], [[-0.8497444987297058, -11.66421127319336], [-0.9067403674125671, -18.072200775146484], [-0.2350531667470932, -30.461328506469727], [-1.962415337562561, -39.57978439331055], [1.725493311882019, -49.192726135253906]]]], [[[[1.1800475120544434, -12.63489055633545], [1.816316843032837, -20.868709564208984], [1.1259393692016602, -28.837705612182617], [-0.6675472259521484, -39.558876037597656], [-0.7433740496635437, -50.98031234741211]], [[1.0772640705108643, -8.258112907409668], [-1.870940923690796, -20.283981323242188], [-3.3529610633850098, -29.830739974975586], [0.783616840839386, -41.269447326660156], [-2.250187873840332, -50.754920959472656]]]], [[[[-0.5462056398391724, 12.548351287841797], [-3.667358875274658, 20.512937545776367], [-0.6823243498802185, 33.31105041503906], [1.4118762016296387, 36.35789108276367], [-2.4293036460876465, 50.63927459716797]], [[0.9922327995300293, 10.54115104675293], [-1.9382681846618652, 19.521997451782227], [-0.8358745574951172, 30.194171905517578], [0.5222254991531372, 41.4095458984375], [2.5043318271636963, 51.463558197021484]]]]]], "action_trajectory_trace": [[[[[[[-2.2685294151306152, -11.971891403198242], [1.824387788772583, -20.09759521484375], [-0.9869584441184998, -28.877586364746094], [-1.0871442556381226, -39.51152420043945], [0.20370502769947052, -48.83713150024414]], [[-0.8658739924430847, -11.228439331054688], [0.2665524482727051, -18.617313385009766], [-0.516922116279602, -30.348400115966797], [-1.7920053005218506, -39.533199310302734], [1.7980055809020996, -48.45414352416992]]], [[[-2.9915812015533447, -12.068216323852539], [2.0188815593719482, -20.007966995239258], [-1.767706274986267, -28.894899368286133], [-0.8237070441246033, -39.742408752441406], [-0.02167263627052307, -49.1126823425293]], [[-1.2140796184539795, -10.987031936645508], [0.0733262300491333, -18.536958694458008], [-0.6681503057479858, -30.10320281982422], [-1.7934743165969849, -39.52828598022461], [2.0017988681793213, -48.028038024902344]]], [[[-2.9345381259918213, -12.055204391479492], [2.048619508743286, -19.912166595458984], [-1.5204088687896729, -28.580814361572266], [-1.2581794261932373, -40.212257385253906], [-0.06158458814024925, -49.096004486083984]], [[-1.2405998706817627, -10.967248916625977], [-0.3680667281150818, -18.603179931640625], [-0.6553864479064941, -29.767364501953125], [-1.6675019264221191, -39.162940979003906], [2.307203769683838, -48.26342010498047]]], [[[-2.620837926864624, -12.235234260559082], [2.324430227279663, -19.90489387512207], [-1.4463722705841064, -28.06471061706543], [-1.712786078453064, -40.92675018310547], [0.36141934990882874, -49.42071533203125]], [[-1.8769516944885254, -11.021076202392578], [-0.24445033073425293, -18.42080307006836], [-0.8331046104431152, -29.74098777770996], [-1.3719218969345093, -39.096046447753906], [2.2143170833587646, -48.51466369628906]]], [[[-2.1399009227752686, -11.856980323791504], [3.2929446697235107, -20.325803756713867], [-0.9411808848381042, -27.79057502746582], [-2.3299927711486816, -41.130332946777344], [0.2938850224018097, -50.14347457885742]], [[-1.9733058214187622, -10.99685287475586], [-0.29984065890312195, -18.477136611938477], [-0.7751322388648987, -29.29660987854004], [-1.3333736658096313, -39.548057556152344], [2.2178800106048584, -48.41413116455078]]], [[[-2.2996764183044434, -12.071027755737305], [3.5896387100219727, -20.185649871826172], [-0.7070299386978149, -27.025548934936523], [-1.934736728668213, -40.65489196777344], [-0.09188057482242584, -49.26174545288086]], [[-1.5582650899887085, -11.328869819641113], [0.01071155071258545, -18.392839431762695], [-0.24992625415325165, -29.926475524902344], [-1.6568101644515991, -39.57525634765625], [1.86881685256958, -48.639652252197266]]], [[[-1.7023224830627441, -12.253883361816406], [3.250232696533203, -20.296977996826172], [-1.025629997253418, -26.951440811157227], [-1.917582631111145, -41.076534271240234], [0.13142132759094238, -49.47148132324219]], [[-1.5966975688934326, -11.794747352600098], [-0.32573601603507996, -18.51530647277832], [-0.14486901462078094, -30.863557815551758], [-1.6475951671600342, -39.47589111328125], [1.9000836610794067, -48.639930725097656]]], [[[-1.8816288709640503, -12.11290168762207], [3.5954043865203857, -20.449766159057617], [-1.582563877105713, -26.6700496673584], [-1.6096785068511963, -41.49131393432617], [-0.3929298222064972, -49.20594024658203]], [[-1.5577645301818848, -11.760066986083984], [-0.6293344497680664, -18.204349517822266], [-0.29492419958114624, -31.121488571166992], [-1.8833332061767578, -39.49987030029297], [1.9465866088867188, -48.933135986328125]]], [[[-1.6926649808883667, -11.835034370422363], [3.3212218284606934, -20.665590286254883], [-1.755881667137146, -26.194555282592773], [-1.5178354978561401, -41.64433670043945], [-0.08394239842891693, -49.06304168701172]], [[-1.0981839895248413, -11.613597869873047], [-0.7685081362724304, -17.980974197387695], [-0.31576767563819885, -30.60552406311035], [-1.6952825784683228, -39.30553436279297], [1.9418096542358398, -48.89944076538086]]], [[[-1.2815065383911133, -11.462039947509766], [3.50727915763855, -20.770299911499023], [-1.2922478914260864, -26.2741756439209], [-1.5531591176986694, -41.416324615478516], [0.23572760820388794, -48.95393753051758]], [[-0.8497444987297058, -11.66421127319336], [-0.9067403674125671, -18.072200775146484], [-0.2350531667470932, -30.461328506469727], [-1.962415337562561, -39.57978439331055], [1.725493311882019, -49.192726135253906]]]]], [[[[[-0.14437967538833618, -9.830659866333008], [1.4882253408432007, -20.230451583862305], [0.9014943838119507, -29.56462860107422], [-0.3871989846229553, -39.078800201416016], [0.6753929257392883, -51.217262268066406]], [[-0.4466819763183594, -8.974211692810059], [-1.4271185398101807, -21.014453887939453], [-1.9315643310546875, -30.804716110229492], [0.5776543021202087, -38.862701416015625], [0.22355249524116516, -51.68883514404297]]], [[[0.7579240798950195, -9.538044929504395], [1.6214227676391602, -20.138385772705078], [0.8777320384979248, -28.967683792114258], [-0.2910979688167572, -39.61266326904297], [0.7765385508537292, -51.339752197265625]], [[0.012914285063743591, -8.981367111206055], [-1.436995029449463, -21.09795379638672], [-2.321798801422119, -30.89504051208496], [0.42284923791885376, -39.30302429199219], [0.041228700429201126, -51.87945556640625]]], [[[0.9749913811683655, -9.794939994812012], [2.084491014480591, -19.92380142211914], [0.5381659865379333, -28.935495376586914], [-0.6513217687606812, -40.04262161254883], [1.0886670351028442, -50.99013900756836]], [[0.3210068941116333, -8.58248519897461], [-1.2577364444732666, -20.983585357666016], [-2.382117748260498, -30.51679039001465], [0.6847829222679138, -39.87938690185547], [-0.5805043578147888, -51.94147872924805]]], [[[0.5105723142623901, -10.122865676879883], [1.9335001707077026, -20.268619537353516], [0.7517081499099731, -29.2038516998291], [0.0312877856194973, -40.18536376953125], [0.8455013632774353, -50.73101806640625]], [[0.5411781072616577, -8.341856956481934], 