{"initial_state": {"ego_state": [-20.006174087524414, -3.7541916370391846, 3.170327181578614e-05, 2.99574613571167], "non_ego_states": [[-3.7707152366638184, 10.009400367736816, -1.570794939994812, 4.511014938354492], [-3.7651798725128174, 19.98287010192871, -1.570846438407898, 4.4915313720703125], [3.7540032863616943, -30.009660720825195, 1.5707879066467285, 4.50853967666626]], "shading_light_direction": [-0.11669475585222244, -0.5655707120895386, 0.8346090316772461], "non_ego_colors": [[0.48734068870544434, 0.4840853214263916, 0.391965389251709], [0.20146119594573975, 0.5036063194274902, 0.44435012340545654], [0.7608335018157959, 0.07278275489807129, 0.9837572574615479]]}, "action_trajectory": [[[[[[-3.0112528800964355, -12.248440742492676], [1.274868130683899, -20.31626319885254], [-0.417308509349823, -27.74555206298828], [-0.6527860164642334, -40.05319595336914], [0.43115222454071045, -48.808597564697266]], [[-0.4599737823009491, -10.634339332580566], [0.949142575263977, -19.681079864501953], [-1.1722842454910278, -30.650558471679688], [-1.701985239982605, -39.16088104248047], [1.142107605934143, -48.43217468261719]]]], [[[[-0.40941858291625977, -9.542466163635254], [0.9910454154014587, -20.61216163635254], [1.24985933303833, -30.394569396972656], [0.02392890676856041, -39.424766540527344], [1.0880378484725952, -51.36945343017578]], [[0.36647409200668335, -8.654420852661133], [-1.153808832168579, -21.680320739746094], [-0.7035983204841614, -31.457704544067383], [0.4620000720024109, -39.05646896362305], [0.7136073708534241, -51.858821868896484]]]], [[[[-1.3545986413955688, 13.109025955200195], [-2.3905036449432373, 19.983388900756836], [-0.17975184321403503, 30.632295608520508], [2.814117908477783, 38.06264114379883], [-1.6189382076263428, 48.91559600830078]], [[1.1174615621566772, 11.822003364562988], [-0.5769069790840149, 19.12158203125], [0.4195950925350189, 30.252361297607422], [0.44496557116508484, 41.13545608520508], [2.586909294128418, 50.978050231933594]]]]]], "action_trajectory_trace": [[[[[[[-2.4620859622955322, -11.865472793579102], [1.9731712341308594, -19.904401779174805], [-1.1260443925857544, -28.762401580810547], [-0.7665585875511169, -39.500267028808594], [0.40742799639701843, -48.87894058227539]], [[-0.5344786643981934, -10.966937065124512], [-0.062092170119285583, -18.554811477661133], [-0.3020252585411072, -30.064498901367188], [-1.7094025611877441, -39.86003494262695], [2.1055362224578857, -48.49753189086914]]], [[[-2.353738784790039, -11.860957145690918], [1.7711039781570435, -19.9251651763916], [-1.0499378442764282, -28.720050811767578], [-0.8720830678939819, -39.45478439331055], [0.43347838521003723, -48.90479278564453]], [[-0.7952284812927246, -10.940664291381836], [0.0033996431156992912, -18.563308715820312], [-0.2453741878271103, -29.975162506103516], [-1.8600938320159912, -39.84392547607422], [1.9366638660430908, -48.56045150756836]]], [[[-2.524796485900879, -11.951449394226074], [1.9244370460510254, -19.970186233520508], [-1.127382516860962, -28.859432220458984], [-0.905820906162262, -39.49724578857422], [0.4068080186843872, -48.84286880493164]], [[-0.5051013231277466, -10.8937349319458], [0.48933693766593933, -19.22675323486328], [-0.3360444903373718, -30.08839225769043], [-1.607537865638733, -39.44379806518555], [1.7644639015197754, -48.447784423828125]]], [[[-2.6038732528686523, -11.957955360412598], [1.7998020648956299, -19.909557342529297], [-1.0988446474075317, -28.872583389282227], [-0.9297894239425659, -39.547157287597656], [0.41421398520469666, -48.81013107299805]], [[-0.5051403045654297, -10.868887901306152], [0.5042937994003296, -19.285560607910156], [-0.2358677089214325, -30.07512855529785], [-1.6670435667037964, -39.290672302246094], [1.6252694129943848, -48.2875862121582]]], [[[-2.546229600906372, -12.050673484802246], [1.6435720920562744, -19.764253616333008], [-0.9586753845214844, -28.959861755371094], [-0.904435396194458, -39.617408752441406], [0.2949240803718567, -48.80348205566406]], [[-0.6343361735343933, -10.875951766967773], [0.4852212071418762, -19.225610733032227], [-0.4020872712135315, -30.131389617919922], [-1.7467236518859863, -39.37382507324219], [1.5439871549606323, -48.252296447753906]]], [[[-2.7297093868255615, -12.2362699508667], [1.511040210723877, -19.66143226623535], [-1.0976076126098633, -28.6895809173584], [-0.8192715048789978, -39.650753021240234], [0.28566262125968933, -48.839454650878906]], [[-0.7706325650215149, -10.930705070495605], [0.8516643047332764, -19.595611572265625], [-0.85257488489151, -30.63636589050293], [-1.5963361263275146, -39.0822639465332], [1.5080276727676392, -48.2572135925293]]], [[[-2.672978401184082, -12.193374633789062], [1.416375756263733, -19.726470947265625], [-1.1612217426300049, -28.694889068603516], [-0.8205524682998657, -39.57605743408203], [0.1712697148323059, -48.92193603515625]], [[-0.7287326455116272, -10.899907112121582], [0.8070758581161499, -19.563243865966797], [-0.9101884961128235, -30.64697265625], [-1.6038424968719482, -39.032691955566406], [1.511925220489502, -48.24860763549805]]], [[[-2.459033966064453, -12.1067476272583], [1.4290440082550049, -19.73089027404785], [-1.0997191667556763, -28.67119598388672], [-0.7127640247344971, -39.708072662353516], [0.09180083870887756, -48.81094741821289]], [[-0.5822590589523315, -10.918846130371094], [0.7274971008300781, -19.67774772644043], [-0.9623435735702515, -30.5459041595459], [-1.5999948978424072, -39.154296875], [1.4396916627883911, -48.28246307373047]]], [[[-2.9013023376464844, -12.285768508911133], [1.1184170246124268, -19.97526741027832], [-0.6985359191894531, -28.390806198120117], [-0.6444716453552246, -39.89244079589844], [0.18080511689186096, -49.042110443115234]], [[-0.5079782009124756, -10.910715103149414], [0.8330556750297546, -19.646556854248047], [-0.7482962012290955, -30.706031799316406], [-1.7424055337905884, -38.95252227783203], [1.2652316093444824, -48.31098175048828]]], [[[-3.0112528800964355, -12.248440742492676], [1.274868130683899, -20.31626319885254], [-0.417308509349823, -27.74555206298828], [-0.6527860164642334, -40.05319595336914], [0.43115222454071045, -48.808597564697266]], [[-0.4599737823009491, -10.634339332580566], [0.949142575263977, -19.681079864501953], [-1.1722842454910278, -30.650558471679688], [-1.701985239982605, -39.16088104248047], [1.142107605934143, -48.43217468261719]]]]], [[[[[0.06712418794631958, -9.574481964111328], [1.3944005966186523, -20.48536491394043], [0.7037407755851746, -29.588455200195312], [-0.04002269357442856, -39.173221588134766], [0.7386106252670288, -51.20425796508789]], [[-0.04209635779261589, -8.854759216308594], [-0.6956512928009033, -21.173635482788086], [-1.4469560384750366, -31.21018409729004], [0.0950903445482254, -39.56637191772461], [0.3749980330467224, -51.48583984375]]], [[[0.021497119218111038, -9.668676376342773], [1.3440253734588623, -20.465118408203125], [0.7280800938606262, -29.499174118041992], [-0.0006173055153340101, -39.050575256347656], [0.7714828252792358, -51.165523529052734]], [[0.128421351313591, -8.720586776733398], [-0.6137977838516235, -21.376859664916992], [-1.6276984214782715, -31.216215133666992], [0.11047609895467758, -39.631805419921875], [0.3070268929004669, -51.77738571166992]]], [[[0.028588417917490005, -9.580183982849121], [1.3828636407852173, -20.77369499206543], [0.9791662096977234, -29.483211517333984], [0.22425392270088196, -39.061702728271484], [0.8970425128936768, -51.181026458740234]], [[0.4971870481967926, -8.828170776367188], [-0.7396575212478638, -21.891435623168945], [-1.0960845947265625, -32.07512664794922], [0.3475383520126343, -39.68728256225586], [0.9106857776641846, -51.7141227722168]]], [[[-0.05266129970550537, -9.540425300598145], [1.3971856832504272, -20.75177574157715], [0.9440535306930542, -29.50163459777832], [0.19909867644309998, -39.03333282470703], [0.8294206857681274, -51.22785186767578]], [[0.3427394926548004, -8.947404861450195], [-1.0305575132369995, 