{"initial_state": {"ego_state": [-19.99689483642578, -3.7598154544830322, 1.0850930266315117e-05, 2.9923946857452393], "non_ego_states": [[-3.7495198249816895, 9.997322082519531, -1.5707772970199585, 4.505649566650391], [-3.7356598377227783, 19.975736618041992, -1.5708420276641846, 4.506687641143799], [3.7377078533172607, -30.013019561767578, 1.570844054222107, 4.496097564697266]], "shading_light_direction": [-0.11294974386692047, -0.5645596385002136, 0.82944655418396], "non_ego_colors": [[0.7974475622177124, 0.015570759773254395, 0.9038956165313721], [0.47114241123199463, 0.7621179819107056, 0.9575601816177368], [0.45816755294799805, 0.09452557563781738, 0.9759771823883057]]}, "action_trajectory": [[[[[[0.5566706657409668, -9.531386375427246], [1.5817326307296753, -18.83761215209961], [0.9728814363479614, -30.574844360351562], [1.957667589187622, -39.755367279052734], [0.3604697585105896, -51.241790771484375]], [[-0.7143435478210449, -9.523862838745117], [0.9660110473632812, -18.84920883178711], [-2.4065821170806885, -30.25199317932129], [-1.5814398527145386, -42.96894454956055], [1.0451709032058716, -50.286624908447266]]]], [[[[0.439420610666275, -9.875367164611816], [-1.5101901292800903, -20.298919677734375], [1.4439846277236938, -31.175729751586914], [0.2092190831899643, -38.546165466308594], [-0.6645417809486389, -50.92777633666992]], [[0.8027619123458862, -10.874932289123535], [-1.8153729438781738, -19.323179244995117], [1.3616186380386353, -31.8115177154541], [0.29276853799819946, -41.22301483154297], [0.292664498090744, -48.644317626953125]]]], [[[[-0.8227770328521729, 8.138679504394531], [-0.1838250607252121, 19.94205665588379], [-0.6655397415161133, 29.950918197631836], [-1.6724473237991333, 37.489105224609375], [0.8171755075454712, 51.281131744384766]], [[0.34819263219833374, 9.914119720458984], [-2.2566256523132324, 19.028745651245117], [1.4216821193695068, 30.491565704345703], [-0.19458279013633728, 40.51375961303711], [-0.19212093949317932, 49.01661682128906]]]]]], "action_trajectory_trace": [[[[[[[0.25738289952278137, -9.673712730407715], [1.1385332345962524, -18.992435455322266], [1.517947793006897, -29.751365661621094], [1.5410631895065308, -39.68342208862305], [0.4219135344028473, -51.16326904296875]], [[-1.3123626708984375, -9.564600944519043], [0.8405371904373169, -18.54105567932129], [-2.6028716564178467, -29.652450561523438], [-1.2367981672286987, -42.46925354003906], [0.6300660371780396, -50.36079788208008]]], [[[0.31854405999183655, -9.666031837463379], [1.1379913091659546, -19.007030487060547], [1.4282658100128174, -29.693931579589844], [1.5477566719055176, -39.624385833740234], [0.46211594343185425, -51.150779724121094]], [[-1.3239924907684326, -9.564530372619629], [0.8386432528495789, -18.528898239135742], [-2.588204860687256, -29.65362548828125], [-1.2434784173965454, -42.463199615478516], [0.6363988518714905, -50.37580108642578]]], [[[0.2925340533256531, -9.687369346618652], [1.1297357082366943, -19.035961151123047], [1.4172132015228271, -29.712657928466797], [1.5215418338775635, -39.64031982421875], [0.43620094656944275, -51.10625076293945]], [[-1.324460744857788, -9.636223793029785], [0.9471456408500671, -18.537700653076172], [-2.6315724849700928, -29.6104793548584], [-1.307742953300476, -42.509132385253906], [0.630992591381073, -50.41932678222656]]], [[[0.23555652797222137, -9.746432304382324], [1.1833604574203491, -18.99445343017578], [1.4314453601837158, -29.67608070373535], [1.5820207595825195, -39.59086990356445], [0.5863481760025024, -51.15496826171875]], [[-1.1762077808380127, -9.639449119567871], [1.0341932773590088, -18.508752822875977], [-2.7718987464904785, -29.628313064575195], [-1.3487086296081543, -42.614627838134766], [0.6829691529273987, -50.46500015258789]]], [[[-0.04601522535085678, -9.746257781982422], [1.2117236852645874, -19.181283950805664], [1.2801700830459595, -29.755657196044922], [1.8912321329116821, -39.38509750366211], [0.5316250920295715, -51.099761962890625]], [[-0.9118431210517883, -9.554035186767578], [1.205765724182129, -18.487224578857422], [-2.5244312286376953, -29.656879425048828], [-1.343101143836975, -42.57573318481445], [0.7206925749778748, -50.44241714477539]]], [[[-0.11547188460826874, -9.796908378601074], [1.188907265663147, -19.180553436279297], [1.2221546173095703, -29.704065322875977], [1.8562091588974, -39.386783599853516], [0.5209975242614746, -50.98807907104492]], [[-0.970665454864502, -9.530366897583008], [1.165650725364685, -18.485637664794922], [-2.441269636154175, -29.716161727905273], [-1.3777481317520142, -42.526737213134766], [0.6848282217979431, -50.39594650268555]]], [[[0.475305438041687, -9.54391098022461], [2.1123013496398926, -19.17403793334961], [1.129328727722168, -30.51298713684082], [2.0681443214416504, -39.80894088745117], [0.15038585662841797, -51.015037536621094]], [[-0.7368782162666321, -9.205784797668457], [0.91665118932724, -18.91961669921875], [-2.429438591003418, -29.906845092773438], [-1.5880721807479858, -42.89533233642578], [0.9500818252563477, -50.18933868408203]]], [[[0.3880741596221924, -9.535931587219238], [1.9515351057052612, -18.910491943359375], [1.1616193056106567, -30.588491439819336], [2.0059401988983154, -39.80350112915039], [0.25774696469306946, -50.90963363647461]], [[-0.6908509731292725, -9.295116424560547], [0.8847721219062805, -19.010595321655273], [-2.332498073577881, -29.952001571655273], [-1.4890034198760986, -42.83488464355469], [0.9326162338256836, -50.18875503540039]]], [[[0.4075882136821747, -9.538390159606934], [1.8403327465057373, -18.883934020996094], [1.0732654333114624, -30.433277130126953], [1.9604936838150024, -39.72401428222656], [0.29564985632896423, -50.889461517333984]], [[-0.7327404022216797, -9.392602920532227], [0.9539812207221985, -18.954023361206055], [-2.344902515411377, -30.13938331604004], [-1.7387927770614624, -42.87327194213867], [1.051932692527771, -50.23162078857422]]], [[[0.5566706657409668, -9.531386375427246], [1.5817326307296753, -18.83761215209961], [0.9728814363479614, -30.574844360351562], [1.957667589187622, -39.755367279052734], [0.3604697585105896, -51.241790771484375]], [[-0.7143435478210449, -9.523862838745117], [0.9660110473632812, -18.84920883178711], [-2.4065821170806885, -30.25199317932129], [-1.5814398527145386, -42.96894454956055], [1.0451709032058716, -50.286624908447266]]]]], [[[[[1.1587880849838257, -9.999716758728027], [-1.6224576234817505, -19.778545379638672], [1.1844143867492676, -30.550119400024414], [0.08854740858078003, -38.079185485839844], [-0.8923237323760986, -50.10786056518555]], [[0.19582106173038483, -11.297224044799805], [-0.438196063041687, -19.317758560180664], [0.9345300197601318, -31.604598999023438], [0.42780959606170654, -40.527034759521484], [-0.009070640429854393, -49.15010452270508]]], [[[1.1414973735809326, -10.023860931396484], [-1.6259764432907104, -19.79007911682129], [1.2190028429031372, -30.607688903808594], [0.07639292627573013, -38.07147216796875], [-0.8779853582382202, -50.1557502746582]], [[0.17453548312187195, -11.268712043762207], [-0.4107756018638611, -19.29450035095215], [0.910398542881012, -31.587940216064453], [0.4162297248840332, -40.529483795166016], [0.0018015258247032762, -49.188934326171875]]], [[[1.117665410041809, -9.971540451049805], [-1.6310259103775024, -19.853374481201172], [1.2299777269363403, -30.6103458404541], [0.0977013036608696, -38.132774353027344], [-0.8517997860908508, -50.22780990600586]], [[0.2289402037858963, -11.231694221496582], [-0.5175061225891113, -19.257654190063477], [0.9650893211364746, -31.613473892211914], [0.39270687103271484, -40.513492584228516], [-0.012066485360264778, -49.17818832397461]]], [[[1.2057181596755981, -9.90282154083252], [-1.6844255924224854, -19.884824752807617], [1.2754122018814087, -30.634912490844727], [0.1841338723897934, -38.11825942993164], [-0.7351725101470947, -50.24241256713867]], [[0.32096073031425476, -11.04493236541748], [-0.458257257938385, -19.153745651245117], 