{"initial_state": {"ego_state": [-20.006174087524414, -3.7541916370391846, 3.170327181578614e-05, 2.99574613571167], "non_ego_states": [[-3.7707152366638184, 10.009400367736816, -1.570794939994812, 4.511014938354492], [-3.7651798725128174, 19.98287010192871, -1.570846438407898, 4.4915313720703125], [3.7540032863616943, -30.009660720825195, 1.5707879066467285, 4.50853967666626]], "shading_light_direction": [-0.11669475585222244, -0.5655707120895386, 0.8346090316772461], "non_ego_colors": [[0.48734068870544434, 0.4840853214263916, 0.391965389251709], [0.20146119594573975, 0.5036063194274902, 0.44435012340545654], [0.7608335018157959, 0.07278275489807129, 0.9837572574615479]]}, "action_trajectory": [[[[[[-0.41881993412971497, -12.269689559936523], [2.6421451568603516, -20.075510025024414], [-0.7470223307609558, -28.14772605895996], [-3.1469454765319824, -39.899452209472656], [0.27589553594589233, -49.46816635131836]], [[0.4177073836326599, -10.04722785949707], [-0.3907310366630554, -19.017547607421875], [-1.8262677192687988, -30.919401168823242], [-2.8324131965637207, -39.78704071044922], [2.055018663406372, -48.02626037597656]]]], [[[[0.2247084528207779, -11.175613403320312], [1.6537121534347534, -20.269433975219727], [0.76350337266922, -28.95577049255371], [-0.4218401312828064, -38.68397903442383], [-0.061585523188114166, -52.042964935302734]], [[-0.8042758703231812, -8.776655197143555], [-2.920386552810669, -21.76064682006836], [-4.012027740478516, -31.45294952392578], [-0.40474802255630493, -40.912818908691406], [-1.2097091674804688, -50.67530059814453]]]], [[[[-0.4333948493003845, 11.949760437011719], [-2.4760847091674805, 18.999853134155273], [-0.22663328051567078, 31.98396873474121], [2.4836418628692627, 36.063297271728516], [-2.2423150539398193, 51.12506866455078]], [[0.08264036476612091, 10.401100158691406], [-1.1388483047485352, 19.693157196044922], [1.6985834836959839, 31.567319869995117], [1.1917375326156616, 42.415897369384766], [1.0153535604476929, 52.35447692871094]]]]]], "action_trajectory_trace": [[[[[[[-2.246293544769287, -11.77077579498291], [1.9173736572265625, -19.72992515563965], [-0.7394670248031616, -28.703210830688477], [-0.914187490940094, -39.23630142211914], [0.012900732457637787, -48.95287322998047]], [[-0.6340343952178955, -10.968472480773926], [0.1441345363855362, -18.697145462036133], [-0.5007534027099609, -30.507312774658203], [-1.9534878730773926, -39.134761810302734], [1.8762824535369873, -48.39754867553711]]], [[[-2.58742356300354, -11.97085189819336], [1.8858128786087036, -19.614604949951172], [-1.5534083843231201, -28.87077522277832], [-0.8068479299545288, -39.92750930786133], [-0.42181918025016785, -49.0460090637207]], [[-0.9699276685714722, -10.876030921936035], [-0.25332772731781006, -18.618371963500977], [-0.45695310831069946, -30.624523162841797], [-2.0078165531158447, -39.317073822021484], [1.2331814765930176, -47.82611846923828]]], [[[-2.643381357192993, -11.799246788024902], [2.037414073944092, -19.051368713378906], [-1.0702885389328003, -28.46055793762207], [-1.5055711269378662, -40.13987350463867], [-0.20172937214374542, -48.7433967590332]], [[-0.8960925936698914, -10.668059349060059], [-0.3721919059753418, -18.62858009338379], [-0.6557987928390503, -30.22576141357422], [-1.9743934869766235, -39.117557525634766], [1.509342908859253, -48.00682067871094]]], [[[-2.606618881225586, -12.060623168945312], [2.1698367595672607, -19.111061096191406], [-1.0968708992004395, -28.474084854125977], [-1.9433517456054688, -40.650299072265625], [-0.08707485347986221, -49.113250732421875]], [[-0.7616082429885864, -10.581074714660645], [0.14697909355163574, -18.83824348449707], [-0.8024049997329712, -31.338502883911133], [-2.3302431106567383, -39.33766174316406], [1.5575917959213257, -48.03242111206055]]], [[[-1.9968788623809814, -11.896363258361816], [2.5527966022491455, -19.18258285522461], [-0.47737619280815125, -28.3674373626709], [-2.5830399990081787, -40.51077651977539], [0.06383349001407623, -49.92510986328125]], [[-0.9951737523078918, -10.728556632995605], [0.295793354511261, -18.56382942199707], [-0.533987283706665, -31.173364639282227], [-1.964301347732544, -39.47568893432617], [1.7998582124710083, -47.767730712890625]]], [[[-1.6750684976577759, -11.846752166748047], [2.8119518756866455, -19.116003036499023], [-0.5084280967712402, -28.153949737548828], [-2.2625181674957275, -40.22794723510742], [-0.21493561565876007, -49.05656433105469]], [[-0.4922583997249603, -11.32301139831543], [0.48359018564224243, -18.41495704650879], [-0.24765188992023468, -32.00627517700195], [-2.2893848419189453, -39.92988586425781], [1.9355249404907227, -47.93329620361328]]], [[[-1.3745479583740234, -12.303999900817871], [2.509807825088501, -19.170108795166016], [-0.8003798723220825, -28.173404693603516], [-2.6648664474487305, -40.223392486572266], [-0.22130130231380463, -49.31002426147461]], [[-0.10302957892417908, -11.199834823608398], [0.1708279848098755, -18.953201293945312], [-0.7932242155075073, -32.12251663208008], [-2.171825647354126, -40.182003021240234], [2.0861306190490723, -48.09431076049805]]], [[[-1.0883289575576782, -12.461341857910156], [2.9498021602630615, -19.68976402282715], [-1.166092872619629, -28.246946334838867], [-2.8053653240203857, -39.93977737426758], [-0.18832728266716003, -49.31915283203125]], [[0.047423094511032104, -11.078131675720215], [-0.23679542541503906, -18.9123592376709], [-1.5921046733856201, -32.340789794921875], [-2.6886818408966064, -40.18793869018555], [2.307076930999756, -47.80183029174805]]], [[[-0.5084355473518372, -12.249471664428711], [2.5487167835235596, -19.91184425354004], [-1.04527747631073, -28.145172119140625], [-2.981600046157837, -40.00352096557617], [0.08280140906572342, -49.45337677001953]], [[0.27545809745788574, -10.409246444702148], [-0.09580843150615692, -18.849802017211914], [-1.9641063213348389, -31.287967681884766], [-2.2285070419311523, -39.82344436645508], [2.617044448852539, -47.72478103637695]]], [[[-0.41881993412971497, -12.269689559936523], [2.6421451568603516, -20.075510025024414], [-0.7470223307609558, -28.14772605895996], [-3.1469454765319824, -39.899452209472656], [0.27589553594589233, -49.46816635131836]], [[0.4177073836326599, -10.04722785949707], [-0.3907310366630554, -19.017547607421875], [-1.8262677192687988, -30.919401168823242], [-2.8324131965637207, -39.78704071044922], [2.055018663406372, -48.02626037597656]]]]], [[[[[0.08163076639175415, -9.69309139251709], [1.6211490631103516, -20.388832092285156], [0.6181002855300903, -29.62257957458496], [-0.18191203474998474, -39.10612487792969], [0.31966498494148254, -51.53008270263672]], [[-0.594099223613739, -8.784836769104004], [-1.1527514457702637, -21.218847274780273], [-1.8440594673156738, -30.741579055786133], [0.710026204586029, -38.51755142211914], [0.7215102314949036, -51.76408386230469]]], [[[0.8802481889724731, -9.77962875366211], [1.7840322256088257, -20.4625186920166], [0.3798232674598694, -29.19394302368164], [-0.341810941696167, -39.13818359375], [0.5095446705818176, -51.45683670043945]], [[-0.20354034006595612, -8.777922630310059], [-1.4243336915969849, -21.06539535522461], [-2.4551806449890137, -30.501251220703125], [0.7773723006248474, -38.8402099609375], [0.623514711856842, -51.68014144897461]]], [[[1.1990160942077637, -9.812280654907227], [1.8733701705932617, -20.33986473083496], [0.6523905992507935, -29.266172409057617], [-0.30890828371047974, -39.333099365234375], [0.17404887080192566, -51.39799118041992]], [[-0.05173792690038681, -8.59127140045166], [-1.3356001377105713, -20.821706771850586], [-2.41325044631958, -30.452180862426758], [0.764981746673584, -39.53007125854492], [-0.18194010853767395, -51.72926712036133]]], [[[1.0529091358184814, -10.091238021850586], [1.8489315509796143, -20.611080169677734], [0.6389049291610718, -29.23468589782715], [-0.27779608964920044, -39.19697570800781], [0.026337385177612305, -51.689849853515625]], [[-0.42257925868034363, -8.353904724121094], 