{"initial_state": {"ego_state": [-19.99689483642578, -3.7598154544830322, 1.0850930266315117e-05, 2.9923946857452393], "non_ego_states": [[-3.7495198249816895, 9.997322082519531, -1.5707772970199585, 4.505649566650391], [-3.7356598377227783, 19.975736618041992, -1.5708420276641846, 4.506687641143799], [3.7377078533172607, -30.013019561767578, 1.570844054222107, 4.496097564697266]], "shading_light_direction": [-0.11294974386692047, -0.5645596385002136, 0.82944655418396], "non_ego_colors": [[0.7974475622177124, 0.015570759773254395, 0.9038956165313721], [0.47114241123199463, 0.7621179819107056, 0.9575601816177368], [0.45816755294799805, 0.09452557563781738, 0.9759771823883057]]}, "action_trajectory": [[[[[[2.373692274093628, -8.724193572998047], [-0.03482342138886452, -18.143259048461914], [2.9128894805908203, -29.614953994750977], [2.3909378051757812, -40.71614074707031], [0.35192155838012695, -49.910247802734375]], [[-2.0926716327667236, -9.19483757019043], [1.8102996349334717, -16.15708351135254], [-2.4190802574157715, -31.63871955871582], [-1.064204216003418, -42.99302673339844], [0.12639540433883667, -50.794677734375]]]], [[[[1.4178599119186401, -8.77877426147461], [-3.9452877044677734, -19.251794815063477], [1.9314854145050049, -29.982349395751953], [-0.480566143989563, -38.11928176879883], [-0.5401849150657654, -52.76995849609375]], [[-0.2208859771490097, -11.392254829406738], [-0.4579370617866516, -19.29807472229004], [-0.11621017754077911, -31.28797721862793], [-0.8388939499855042, -42.764976501464844], [-0.3824794590473175, -49.505126953125]]]], [[[[-2.2113840579986572, 10.217206954956055], [2.684887409210205, 20.130538940429688], [0.30664217472076416, 30.273162841796875], [-1.3691171407699585, 37.860347747802734], [1.1719108819961548, 52.387943267822266]], [[-0.9964509606361389, 10.012858390808105], [-2.010958433151245, 18.36640167236328], [-0.6509035229682922, 29.171287536621094], [0.7546032071113586, 40.402381896972656], [-0.2086721509695053, 49.206695556640625]]]]]], "action_trajectory_trace": [[[[[[[0.8404266834259033, -9.635784149169922], [1.3469336032867432, -18.720739364624023], [1.3429017066955566, -29.68522071838379], [1.516622543334961, -39.7165412902832], [0.33649110794067383, -51.13208770751953]], [[-1.4396355152130127, -9.516061782836914], [0.8656647205352783, -18.144445419311523], [-2.885591506958008, -29.884363174438477], [-1.0849071741104126, -42.48994445800781], [0.29026585817337036, -50.6395378112793]]], [[[0.6652737855911255, -9.493111610412598], [1.0085402727127075, -18.84145736694336], [1.1179243326187134, -30.087541580200195], [1.4315074682235718, -39.206459045410156], [-0.34740954637527466, -51.505558013916016]], [[-1.863038420677185, -8.983293533325195], [1.432724952697754, -17.791215896606445], [-2.664484977722168, -29.867395401000977], [-0.9518048763275146, -42.941314697265625], [-0.007575735449790955, -50.66999816894531]]], [[[1.2232717275619507, -9.759404182434082], [0.6799784898757935, -18.88102149963379], [1.1778781414031982, -30.280656814575195], [1.5751157999038696, -39.394405364990234], [0.1544806808233261, -51.41725540161133]], [[-2.037785291671753, -10.105965614318848], [1.7329237461090088, -17.990516662597656], [-3.0505387783050537, -30.568307876586914], [-0.6168533563613892, -42.504554748535156], [0.03292359039187431, -50.6859016418457]]], [[[1.5983227491378784, -9.151942253112793], [0.4670462906360626, -18.66764259338379], [0.9744517207145691, -30.852632522583008], [1.8862860202789307, -39.85780334472656], [-0.3062966465950012, -51.70450210571289]], [[-1.548701524734497, -10.586065292358398], [1.6596678495407104, -17.763185501098633], [-2.5211658477783203, -30.46002960205078], [-0.620692253112793, -42.53676986694336], [-0.6198108792304993, -50.28417205810547]]], [[[2.118969678878784, -9.049654006958008], [0.25291600823402405, -18.789045333862305], [1.2220335006713867, -30.714292526245117], [2.0152671337127686, -39.77454376220703], [-0.21762341260910034, -51.09630584716797]], [[-2.3698675632476807, -10.143691062927246], [1.6632730960845947, -17.373140335083008], [-2.883084774017334, -29.976200103759766], [-0.9129870533943176, -42.48942947387695], [-0.7689310312271118, -49.7629508972168]]], [[[2.618668556213379, -8.905829429626465], [0.4580564498901367, -19.106979370117188], [1.2813189029693604, -30.30103874206543], [1.9611132144927979, -39.915550231933594], [-0.02839374914765358, -50.98273468017578]], [[-1.8796703815460205, -9.71541690826416], [1.601686716079712, -17.00596809387207], [-3.0235307216644287, -30.442731857299805], [-0.7799580693244934, -42.59260177612305], [-0.4080376625061035, -49.815914154052734]]], [[[2.893239736557007, -8.725109100341797], [0.6099218130111694, -18.76323127746582], [1.8769009113311768, -30.23267364501953], [2.050931453704834, -40.19999313354492], [0.3762112259864807, -51.09653091430664]], [[-1.7023310661315918, -9.927888870239258], [1.246437668800354, -16.869224548339844], [-3.1316938400268555, -30.980588912963867], [-0.9966865181922913, -42.99483108520508], [-0.14714007079601288, -50.32987594604492]]], [[[3.188398599624634, -8.417106628417969], [0.63252854347229, -18.75511932373047], [2.975714921951294, -30.291181564331055], [2.223339796066284, -40.247474670410156], [0.12748675048351288, -50.77737045288086]], [[-1.6418474912643433, -9.791316986083984], [1.5112371444702148, -17.320205688476562], [-3.0011844635009766, -30.839651107788086], [-1.2606819868087769, -42.86111831665039], [-0.3366393744945526, -50.20472717285156]]], [[[2.7876689434051514, -8.501453399658203], [-0.005057081580162048, -18.575992584228516], [2.6847565174102783, -29.901187896728516], [2.5765438079833984, -40.88915252685547], [0.3130417764186859, -50.428741455078125]], [[-1.9322551488876343, -9.436033248901367], [1.591211199760437, -16.819875717163086], [-2.916879653930664, -31.31500244140625], [-1.080001950263977, -42.62723159790039], [-0.31256529688835144, -50.787994384765625]]], [[[2.373692274093628, -8.724193572998047], [-0.03482342138886452, -18.143259048461914], [2.9128894805908203, -29.614953994750977], [2.3909378051757812, -40.71614074707031], [0.35192155838012695, -49.910247802734375]], [[-2.0926716327667236, -9.19483757019043], [1.8102996349334717, -16.15708351135254], [-2.4190802574157715, -31.63871955871582], [-1.064204216003418, -42.99302673339844], [0.12639540433883667, -50.794677734375]]]]], [[[[[1.0603508949279785, -10.37423038482666], [-2.0585379600524902, -20.053550720214844], [1.3071330785751343, -30.86733627319336], [0.12839415669441223, -38.42668151855469], [-0.8068835735321045, -50.29838943481445]], [[0.5867949724197388, -10.67457103729248], [-0.927926242351532, -19.419940948486328], [0.7593159675598145, -31.214508056640625], [-0.0008559226989746094, -40.78107452392578], [0.07458705455064774, -49.27262496948242]]], [[[0.9839147329330444, -10.432013511657715], [-1.833938479423523, -20.086505889892578], [1.8475086688995361, -31.37358856201172], [0.5074038505554199, -38.7518424987793], [-0.08286996185779572, -50.17826461791992]], [[0.9669594764709473, -10.849075317382812], [-1.5038816928863525, -19.974693298339844], [0.6060287356376648, -31.435321807861328], [0.3111761808395386, -40.793731689453125], [0.2509773075580597, -49.304542541503906]]], [[[1.0491712093353271, -10.588601112365723], [-1.6257929801940918, -20.10008430480957], [1.7559964656829834, -31.14093017578125], [0.41350042819976807, -38.62088394165039], [-0.44334283471107483, -50.565670013427734]], [[0.9680265188217163, -11.9646577835083], [-1.2454880475997925, -19.528898239135742], [0.7541495561599731, -31.574909210205078], [0.3290959596633911, -41.38025665283203], [-0.24541045725345612, -49.255550384521484]]], [[[0.4409558176994324, -10.075282096862793], [-1.8649004697799683, -19.704504013061523], [1.9242373704910278, -31.3948917388916], [0.011253658682107925, -38.51995849609375], [-0.0005979835987091064, -50.73124313354492]], [[0.2795063555240631, -12.40174674987793], [-0.6827087998390198, -19.52714729309082], 