{"trajs": {"trajectories": [[[-0.7549556493759155, -0.6785814166069031], [0.8559925556182861, -0.40430814027786255], [1.0383431911468506, -0.30355513095855713]], [[-0.7800263166427612, -0.5085688233375549], [0.6643556356430054, 0.1205817386507988], [1.0383440256118774, -0.641146183013916]], [[-0.6358847618103027, -0.45202645659446716], [0.11103582382202148, -0.15601898729801178], [1.0383402109146118, -0.6635183691978455]], [[-0.7695033550262451, -0.11389314383268356], [0.2544461190700531, 0.43382588028907776], [1.0383201837539673, 0.1737971007823944]], [[-0.7942561507225037, 0.028831759467720985], [0.5844205021858215, 0.14345672726631165], [1.0383100509643555, 0.416995108127594]], [[-0.7670441269874573, 0.13194234669208527], [0.7433544397354126, 0.5081941485404968], [1.0382771492004395, 0.7348052859306335]], [[-0.33500757813453674, -0.03435632959008217], [0.8555301427841187, -0.6773285865783691], [1.0383448600769043, -0.44272172451019287]], [[-0.7529214024543762, 0.5130037665367126], [-0.043323978781700134, -0.5453549027442932], [1.038329005241394, -0.03523958846926689]], [[-0.7429630756378174, 0.5737432241439819], [0.2360973358154297, -0.40214183926582336], [1.0383347272872925, -0.1402980238199234]], [[-0.5905699729919434, 0.5968914031982422], [0.6508429646492004, -0.5823401808738708], [1.0382845401763916, 0.7361060380935669]]]}, "best_eps_idx": 1, "time": 16832.239267862402, "n": 10, "T": 3, "width": 3.2, "height": 3.0, "R": 0.5, "max_wind_thrust": 0.5, "duration": 30.0, "dp_mcmc_step_size": 0.001, "ep_mcmc_step_size": 0.001, "num_rounds": 50, "num_mcmc_steps_per_round": 50, "num_chains": 10, "use_gradients": true, "use_stochasticity": false, "repair": true, "predict": true, "quench_rounds": 20, "tempering_schedule": null}