{"trajs": {"trajectories": [[[-0.8087838888168335, -0.6693748831748962], [0.7065371870994568, 0.1635758876800537], [1.0339151620864868, -0.31277620792388916]], [[-0.7997126579284668, -0.643451452255249], [0.8625844717025757, -0.07456855475902557], [1.0338051319122314, 0.5793858766555786]], [[-0.786984384059906, -0.44225940108299255], [-0.6658004522323608, 0.6568131446838379], [1.0338748693466187, 0.11005441844463348]], [[-0.8184385299682617, -0.22348995506763458], [-0.2417990118265152, -0.09489350020885468], [0.9107067584991455, -0.6971063613891602]], [[-0.7494161128997803, -0.07660820335149765], [0.2227715253829956, -0.1499619334936142], [1.0341219902038574, -0.20556461811065674]], [[-0.8005141019821167, 0.15429989993572235], [-0.28524282574653625, -0.4560614228248596], [1.0317164659500122, 0.7621040344238281]], [[-0.8114023208618164, 0.2512962818145752], [-0.45714259147644043, 0.5706894397735596], [1.0322397947311401, -0.7225873470306396]], [[-0.7814865112304688, 0.459375262260437], [0.07475630193948746, 0.4919751286506653], [1.0340911149978638, -0.4704153835773468]], [[-0.800648033618927, 0.6388176083564758], [0.8561747670173645, -0.7003142833709717], [1.033394455909729, 0.19926616549491882]], [[-0.8032688498497009, 0.6670107245445251], [0.6767352223396301, -0.6575217247009277], [1.0333806276321411, 0.6518571376800537]]]}, "best_eps_idx": 9, "time": 16768.116888931952, "n": 10, "T": 3, "width": 3.2, "height": 3.0, "R": 0.5, "max_wind_thrust": 0.5, "duration": 30.0, "dp_mcmc_step_size": 0.001, "ep_mcmc_step_size": 0.001, "num_rounds": 50, "num_mcmc_steps_per_round": 50, "num_chains": 10, "use_gradients": true, "use_stochasticity": true, "repair": true, "predict": true, "quench_rounds": 20, "tempering_schedule": null}