{"trajs": {"trajectories": [[[-0.7994422316551208, -0.4521770775318146], [-0.21904785931110382, 0.7866220474243164], [0.12814104557037354, 0.3720335364341736]], [[-0.5431338548660278, -0.04518579691648483], [-1.1860634088516235, 1.0459481477737427], [0.4865676760673523, -0.21860724687576294]], [[-0.9188899993896484, -0.4460469186306], [-0.5349400043487549, -0.008988574147224426], [0.3929073214530945, 0.15322963893413544]], [[-0.8489840030670166, 0.007410886697471142], [-0.732695460319519, -0.15327030420303345], [0.5843931436538696, 0.0871535912156105]], [[-0.9806218147277832, 0.4563792943954468], [-0.425050288438797, -1.5893430709838867], [0.12103530019521713, 0.209596186876297]], [[-1.0793216228485107, 0.31281140446662903], [-0.06236128509044647, 0.8862093091011047], [0.8958301544189453, -0.44549861550331116]], [[-0.7770351767539978, 0.7359574437141418], [-0.1739751249551773, -0.43398812413215637], [0.4901559352874756, -0.30424627661705017]], [[-1.0059252977371216, 0.09933514147996902], [-0.03059365786612034, -1.009796142578125], [0.21555940806865692, 0.10298791527748108]], [[-1.2041906118392944, 0.6063395738601685], [0.1998867243528366, 0.1258634328842163], [0.3970046937465668, 0.424824059009552]], [[-0.9119734168052673, 0.6233651638031006], [-1.1674507856369019, 0.167227104306221], [0.7785134315490723, -0.11342049390077591]]]}, "best_eps_idx": 3, "time": 21999.85544580128, "n": 10, "T": 3, "width": 3.2, "height": 3.0, "R": 0.5, "max_wind_thrust": 0.5, "duration": 30.0, "dp_mcmc_step_size": 0.001, "ep_mcmc_step_size": 0.001, "num_rounds": 50, "num_mcmc_steps_per_round": 50, "num_chains": 10, "use_gradients": true, "use_stochasticity": true, "repair": true, "predict": true, "quench_rounds": 20, "tempering_schedule": null}