{"trajs": {"trajectories": [[[-0.2236156314611435, 0.2718002200126648], [0.5549759864807129, -0.460300475358963], [0.09387847036123276, 0.49314776062965393]], [[0.16560302674770355, 0.1043882668018341], [-0.7576576471328735, 0.17666754126548767], [0.012630380690097809, 0.35587531328201294]], [[-0.03862830996513367, -0.1490960717201233], [0.1012846902012825, -0.6375213265419006], [0.7689610719680786, 0.009149253368377686]], [[-0.6002048254013062, -0.10345640778541565], [0.24257716536521912, 0.3520512878894806], [0.8669198751449585, 0.22772358357906342]], [[0.14040064811706543, 0.2209092676639557], [-0.6435965895652771, 0.5500902533531189], [0.644325315952301, 0.3290557861328125]]]}, "best_eps_idx": 0, "time": 406.4320249892771, "n": 5, "T": 3, "width": 3.2, "height": 3.0, "R": 0.5, "max_wind_thrust": 0.5, "duration": 30.0, "dp_mcmc_step_size": 0.01, "ep_mcmc_step_size": 0.01, "num_rounds": 100, "num_mcmc_steps_per_round": 5, "num_chains": 5, "use_gradients": false, "use_stochasticity": true, "repair": true, "predict": true, "quench_rounds": 0, "tempering_schedule": null}