{"trajs": {"trajectories": [[[-1.4536625146865845, -0.9610074758529663], [-0.09692354500293732, -0.9667782783508301], [1.2315770387649536, -0.9276022911071777]], [[-1.437269687652588, -0.42680132389068604], [-0.12330197542905807, -0.5780544281005859], [1.0998449325561523, -0.41287532448768616]], [[-1.307111144065857, -0.0965331569314003], [0.002528026234358549, 0.012090851552784443], [1.2433310747146606, -0.047353096306324005]], [[-1.0834649801254272, 0.3248223662376404], [-0.04664624482393265, 0.3745286762714386], [1.017295241355896, 0.36783066391944885]], [[-0.7688572406768799, 0.7120761871337891], [0.0178854838013649, 0.833096981048584], [0.8845281004905701, 0.8870473504066467]]]}, "best_eps_idx": 3, "time": 956.0536410948262, "n": 5, "T": 3, "width": 3.2, "height": 3.0, "R": 0.5, "max_wind_thrust": 1.0, "duration": 30.0, "dp_mcmc_step_size": 1e-05, "ep_mcmc_step_size": 1e-05, "num_rounds": 50, "num_mcmc_steps_per_round": 50, "num_chains": 5, "use_gradients": true, "use_stochasticity": true, "repair": true, "predict": true, "quench_rounds": 20, "tempering_schedule": [0.0, 0.09700727462768555, 0.18460416793823242, 0.2637035846710205, 0.33512967824935913, 0.3996269702911377, 0.45786750316619873, 0.5104583501815796, 0.5579474568367004, 0.6008298397064209, 0.6395522356033325, 0.6745182275772095, 0.706092357635498, 0.7346035242080688, 0.760348916053772, 0.7835968732833862, 0.8045895099639893, 0.8235457539558411, 0.8406631350517273, 0.8561199903488159, 0.87007737159729, 0.8826808333396912, 0.8940616250038147, 0.9043384194374084, 0.9136183261871338, 0.9219979643821716, 0.9295647144317627, 0.9363974332809448, 0.9425673484802246, 0.9481387734413147, 0.9531697034835815, 0.9577125310897827, 0.9618147611618042, 0.9655190110206604, 0.9688639044761658, 0.9718843102455139, 0.974611759185791, 0.9770746231079102, 0.9792985320091248, 0.9813067317008972, 0.9831201434135437, 0.9847576022148132, 0.9862362146377563, 0.9875714182853699, 0.9887770414352417, 0.989865779876709, 0.9908488392829895, 0.9917365908622742, 0.9925382137298584, 0.9932620525360107]}