{"trajs": {"trajectories": [[[-0.7541540265083313, -0.6540037393569946], [-0.6883352994918823, 0.06045841798186302], [0.7641222476959229, 0.5724120736122131]], [[-0.7537082433700562, -0.4843499958515167], [-0.6461617350578308, -0.3163602352142334], [0.5658261775970459, 0.2879181206226349]], [[-0.7494006156921387, 0.05732836574316025], [-0.34806662797927856, -0.13805152475833893], [0.2822522521018982, 0.09952852129936218]], [[-0.7599568367004395, 0.47453978657722473], [0.3267207741737366, 0.4558231830596924], [0.1320740282535553, 0.29541918635368347]], [[-0.7532335519790649, 0.6353119611740112], [-0.5085731148719788, 0.49004238843917847], [0.1756606549024582, -0.438720166683197]]]}, "best_eps_idx": 0, "time": 827.8582147136331, "n": 5, "T": 3, "width": 3.2, "height": 3.0, "R": 0.5, "max_wind_thrust": 0.5, "duration": 30.0, "dp_mcmc_step_size": 0.01, "ep_mcmc_step_size": 0.01, "num_rounds": 50, "num_mcmc_steps_per_round": 5, "num_chains": 5, "use_gradients": true, "use_stochasticity": false, "repair": true, "predict": true, "quench_rounds": 5, "tempering_schedule": null}