{"trajs": {"trajectories": [[[-0.2341570109128952, 0.0970730111002922], [0.1284898817539215, 0.3554280996322632], [0.9363962411880493, -0.22628827393054962]], [[-0.10920606553554535, -0.7925868630409241], [0.8624749183654785, 0.7260380983352661], [0.9367063641548157, 0.050978925079107285]], [[0.053805116564035416, -0.40580692887306213], [-0.8318912386894226, 0.5585345029830933], [0.9040077328681946, 0.3787718117237091]], [[-0.06756340712308884, -0.7932923436164856], [0.769916832447052, -0.2341080754995346], [0.8634520769119263, 0.07514302432537079]], [[-0.09380387514829636, 0.7255939245223999], [-0.02408226579427719, -0.4396868646144867], [0.933207631111145, 0.647645115852356]]]}, "best_eps_idx": 4, "time": 840.1732893204316, "n": 5, "T": 3, "width": 3.2, "height": 3.0, "R": 0.5, "max_wind_thrust": 0.5, "duration": 30.0, "dp_mcmc_step_size": 0.01, "ep_mcmc_step_size": 0.01, "num_rounds": 50, "num_mcmc_steps_per_round": 5, "num_chains": 5, "use_gradients": true, "use_stochasticity": true, "repair": true, "predict": true, "quench_rounds": 5, "tempering_schedule": null}