{"trajs": {"trajectories": [[[-0.8791877031326294, -0.21891319751739502], [-0.3640315532684326, -0.09438726305961609], [0.6530166864395142, -0.03159656375646591]], [[-0.791703999042511, -0.2789927124977112], [-0.6643314957618713, -0.6092458963394165], [0.47501030564308167, -0.48623478412628174]], [[-0.9583176970481873, -0.07581111788749695], [-0.7153060436248779, -0.46325311064720154], [0.3753344416618347, -0.815436065196991]], [[-1.1131757497787476, 0.3486047387123108], [-0.021124189719557762, 0.23050819337368011], [-0.004420435056090355, 0.17940393090248108]], [[-0.7311305403709412, 0.6575330495834351], [-0.27487102150917053, 0.6610522270202637], [0.3237198293209076, 0.18248210847377777]]]}, "best_eps_idx": 3, "time": 827.1063111741096, "n": 5, "T": 3, "width": 3.2, "height": 3.0, "R": 0.5, "max_wind_thrust": 0.5, "duration": 30.0, "dp_mcmc_step_size": 0.01, "ep_mcmc_step_size": 0.01, "num_rounds": 50, "num_mcmc_steps_per_round": 5, "num_chains": 5, "use_gradients": true, "use_stochasticity": true, "repair": true, "predict": true, "quench_rounds": 5, "tempering_schedule": null}