{"trajs": {"trajectories": [[[-0.6219432950019836, -0.5974118709564209], [-0.903339147567749, 0.03694896027445793], [0.3059138059616089, -0.12472856789827347]], [[-0.8234992027282715, -0.298970490694046], [0.3620959222316742, 0.4218434691429138], [-0.05838971585035324, -0.19445441663265228]], [[-1.0718443393707275, -0.2606417238712311], [0.22093987464904785, -0.5491632223129272], [-0.15933188796043396, 0.30185022950172424]], [[-0.8048149347305298, 0.1707792580127716], [-0.4867280125617981, 0.36568835377693176], [0.2020925134420395, -0.5382974743843079]], [[-0.9954108595848083, 0.7642714381217957], [0.10045284032821655, -0.2291356474161148], [-0.5199761390686035, -0.16384875774383545]]]}, "best_eps_idx": 1, "time": 802.1479162834585, "n": 5, "T": 3, "width": 3.2, "height": 3.0, "R": 0.5, "max_wind_thrust": 0.5, "duration": 30.0, "dp_mcmc_step_size": 0.001, "ep_mcmc_step_size": 0.001, "num_rounds": 50, "num_mcmc_steps_per_round": 5, "num_chains": 5, "use_gradients": false, "use_stochasticity": true, "repair": true, "predict": true, "quench_rounds": 0, "tempering_schedule": null}