{"trajs": {"trajectories": [[[-0.8348607420921326, -0.6745670437812805], [0.328247994184494, 0.2838980257511139], [0.6331827640533447, -0.5504968166351318]], [[-0.8351786136627197, -0.3452445864677429], [0.2687002122402191, -0.37179216742515564], [0.7251794338226318, 0.10620364546775818]], [[-0.8301004767417908, 0.03610111400485039], [0.00794439110904932, -0.44516390562057495], [0.6894084811210632, -0.25863099098205566]], [[-0.8393086194992065, 0.28554821014404297], [0.5163703560829163, 0.4190293252468109], [0.6327452659606934, 0.2166202962398529]], [[-0.8258849382400513, 0.6812353730201721], [-0.06199459731578827, 0.28173959255218506], [0.6056388020515442, 0.3117164969444275]]]}, "best_eps_idx": 3, "time": 926.4041989911348, "n": 5, "T": 3, "width": 3.2, "height": 3.0, "R": 0.5, "max_wind_thrust": 0.5, "duration": 30.0, "dp_mcmc_step_size": 0.001, "ep_mcmc_step_size": 0.001, "num_rounds": 100, "num_mcmc_steps_per_round": 5, "num_chains": 5, "use_gradients": true, "use_stochasticity": false, "repair": true, "predict": false, "quench_rounds": 20, "tempering_schedule": null}