{"trajs": {"trajectories": [[[-1.3361296653747559, -0.2126157432794571], [0.6164625287055969, -0.3931494355201721], [1.4282476902008057, -0.5691426992416382]], [[-1.4008437395095825, 0.1269882768392563], [0.1402120441198349, -0.15680792927742004], [1.1234010457992554, -0.32519644498825073]], [[-1.0326268672943115, 0.3596248924732208], [-0.5541795492172241, 0.38034239411354065], [0.8627509474754333, -0.10193062573671341]], [[-0.5351454019546509, 0.3406500518321991], [0.05341794341802597, 0.20269908010959625], [0.9943941831588745, 0.3600021302700043]], [[-0.7021917104721069, 0.8192468285560608], [0.07250528037548065, 0.8415985107421875], [1.1262056827545166, 0.6525388956069946]]]}, "best_eps_idx": 0, "time": 4517.334484628402, "n": 5, "T": 3, "width": 3.2, "height": 3.0, "R": 0.5, "max_wind_thrust": 2.0, "duration": 30.0, "dp_mcmc_step_size": 0.0001, "ep_mcmc_step_size": 0.0001, "num_rounds": 50, "num_mcmc_steps_per_round": 50, "num_chains": 10, "use_gradients": false, "use_stochasticity": true, "repair": true, "predict": true, "quench_rounds": 0, "tempering_schedule": null}