{"trajs": {"trajectories": [[[-0.17578737437725067, 0.799580454826355], [-0.20711277425289154, 0.3577316701412201], [0.8945356607437134, -0.708562970161438]], [[-0.8225740790367126, 0.3037821650505066], [0.8005881905555725, 0.13243737816810608], [0.4029273986816406, -0.1072913184762001]], [[-0.4372420608997345, 0.22907502949237823], [0.7833037376403809, 0.2789263427257538], [0.9236252903938293, 0.33915308117866516]], [[0.0070809051394462585, 0.4657565951347351], [0.18644288182258606, -0.6084452867507935], [0.7316299676895142, -0.17230521142482758]], [[-0.4965851902961731, -0.21639184653759003], [0.2871927320957184, 0.7750117182731628], [0.4265066683292389, 0.16195523738861084]]]}, "best_eps_idx": 0, "time": 1217.4562260936946, "n": 5, "T": 3, "width": 3.2, "height": 3.0, "R": 0.5, "max_wind_thrust": 0.5, "duration": 30.0, "dp_mcmc_step_size": 0.001, "ep_mcmc_step_size": 0.001, "num_rounds": 50, "num_mcmc_steps_per_round": 50, "num_chains": 5, "use_gradients": false, "use_stochasticity": true, "repair": true, "predict": true, "quench_rounds": 0, "tempering_schedule": null}