{"case": "case14", "dispatch": {"gen": [[2.7200820446014404, 0.6319072246551514, 0.8892942070960999, 0.652348518371582, 0.6297282576560974], [0.9742472171783447, 0.981265127658844, 1.002929449081421, 0.9958064556121826, 0.9789256453514099]], "load": [[-0.1834639608860016, -0.6993048191070557, -0.39900243282318115, -0.06612370908260345, -0.09667041897773743, -0.25258299708366394, -0.07804030925035477, -0.031000403687357903, -0.05187438055872917, -0.11156832426786423, -0.13026435673236847], [-0.10799040645360947, -0.1634301394224167, 0.033125054091215134, -0.013755500316619873, -0.061328303068876266, -0.1365993618965149, -0.04885219410061836, -0.01507131289690733, -0.01367964781820774, -0.04821555316448212, -0.04405341297388077]]}, "network_state": {"line_states": [[2.3239521980285645, 2.3255739212036133, 2.326364755630493, 2.326474189758301, 2.3264212608337402, 2.326301097869873, 2.326233386993408, 2.3263790607452393, 2.326359748840332, 2.3261754512786865, 2.3263347148895264, 2.326392650604248, 2.326277732849121, 2.3264570236206055, 2.326359748840332, 2.3263285160064697, 2.3264172077178955, 2.3263039588928223, 2.32637882232666, 2.326314687728882], [2.3239617347717285, 2.325589418411255, 2.3263463973999023, 2.3265199661254883, 2.326418399810791, 2.326322078704834, 2.3262288570404053, 2.326366662979126, 2.3263421058654785, 2.3262240886688232, 2.3263297080993652, 2.326387405395508, 2.326312303543091, 2.326418399810791, 2.3263416290283203, 2.326335906982422, 2.32635235786438, 2.326364755630493, 2.326335906982422, 2.326234817504883], [2.3239850997924805, 2.3255159854888916, 2.326451539993286, 2.3264427185058594, 2.3264050483703613, 2.3262226581573486, 2.3262858390808105, 2.326366662979126, 2.3262906074523926, 2.3261919021606445, 2.3263659477233887, 2.3263895511627197, 2.326411247253418, 2.3264312744140625, 2.3263070583343506, 2.326335906982422, 2.3263537883758545, 2.326406240463257, 2.3262672424316406, 2.3263988494873047], [2.324047803878784, 2.325648546218872, 2.326402187347412, 2.3264009952545166, 2.326504945755005, 2.3264148235321045, 2.326273202896118, 2.3264291286468506, 2.3263421058654785, 2.326296329498291, 2.326401710510254, 2.3262851238250732, 2.3264102935791016, 2.3263914585113525, 2.326359748840332, 2.3263614177703857, 2.326387405395508, 2.326404094696045, 2.326317310333252, 2.326313018798828], [2.3239855766296387, 2.3256523609161377, 2.3264174461364746, 2.3264553546905518, 2.326446294784546, 2.3263373374938965, 2.326232433319092, 2.326366662979126, 2.3263115882873535, 2.3261730670928955, 2.3262946605682373, 2.326373338699341, 2.326371431350708, 2.3262925148010254, 2.3263416290283203, 2.326364278793335, 2.326352596282959, 2.326301097869873, 2.326328992843628, 2.326284885406494], [2.3239357471466064, 2.3255364894866943, 2.326343059539795, 2.326429843902588, 2.3264260292053223, 2.3263254165649414, 2.3262412548065186, 2.3263299465179443, 2.32631254196167, 2.326202869415283, 2.3264007568359375, 2.3263747692108154, 2.326359748840332, 2.326359748840332, 2.326335906982422, 2.326321840286255, 2.326289176940918, 2.326343059539795, 2.326380491256714, 2.326371669769287], [2.3267595767974854, 2.330697536468506, 2.326077938079834, 2.3301236629486084, 2.332123041152954, 2.3277294635772705, 2.326292037963867, 2.3324978351593018, 2.329941987991333, 2.3723275661468506, 2.3242950439453125, 2.3264145851135254, 2.3248422145843506, 2.334094285964966, 2.3273403644561768, 2.328608751296997, 2.3314685821533203, 2.326253652572632, 2.326169013977051, 2.3252434730529785], [2.323930025100708, 2.325620174407959, 2.326392650604248, 2.3264284133911133, 2.326418399810791, 2.3262481689453125, 2.326193332672119, 2.326448678970337, 2.3263421058654785, 2.326261520385742, 2.326253890991211, 2.3263614177703857, 2.3263766765594482, 2.3262956142425537, 2.326373815536499, 2.32627272605896, 2.326359748840332, 2.3264219760894775, 2.3263978958129883, 2.3262743949890137], [2.324021339416504, 2.32551646232605, 2.326333522796631, 2.3264553546905518, 2.326462984085083, 2.3263261318206787, 2.3262948989868164, 2.326375722885132, 2.3262345790863037, 2.3262100219726562, 2.3263795375823975, 2.3262486457824707, 2.326399803161621, 2.32633113861084, 2.326340913772583, 2.326404094696045, 2.326345443725586, 2.326343059539795, 2.326371669769287, 2.326296329498291], [2.3191165924072266, 2.324265480041504, 2.3263988494873047, 2.3266050815582275, 2.3263986110687256, 2.3262712955474854, 2.3262343406677246, 2.326359272003174, 2.326279401779175, 2.3262083530426025, 2.326420545578003, 2.32631516456604, 2.3264262676239014, 2.326335906982422, 2.3262760639190674, 2.3263049125671387, 2.3262836933135986, 2.326378107070923, 2.3263156414031982, 2.326367139816284]]}, "time": 497.43566606286913, "L": 100.0, "dp_mcmc_step_size": 1e-06, "ep_mcmc_step_size": 0.01, "num_rounds": 100, "num_mcmc_steps_per_round": 10, "num_chains": 10, "use_gradients": true, "use_stochasticity": false, "repair": true, "predict": true, "quench_rounds": 20, "tempering_schedule": null}