{"case": "case14", "dispatch": {"gen": [[2.187661647796631, 0.7064833045005798, 0.2964857816696167, 0.6122169494628906, 0.17121101915836334], [0.9872868061065674, 0.9809204339981079, 0.9978780746459961, 0.981022834777832, 1.0371012687683105]], "load": [[-0.17941083014011383, -0.7016139626502991, -0.4283199608325958, -0.05436016246676445, -0.08960263431072235, -0.2764871418476105, -0.07648121565580368, -0.04475763440132141, -0.0486893467605114, -0.10562511533498764, -0.12401361763477325], [-0.10976357012987137, -0.16321410238742828, 0.030390478670597076, -0.012629193253815174, -0.06942771375179291, -0.1324172168970108, -0.03616770729422569, -0.03787415847182274, -0.014238235540688038, -0.07832307368516922, -0.045586008578538895]]}, "network_state": {"line_states": [[0.5404561758041382, 2.375704526901245, 3.0881664752960205, 3.730372190475464, 1.6919039487838745, 2.5874059200286865, 2.2345387935638428, 1.7944790124893188, 3.1937975883483887, 2.798492431640625, 1.63643217086792, 1.1809167861938477, 3.715245485305786, 3.7560393810272217, 1.6401208639144897, 1.4105762243270874, 0.33617743849754333, 1.867854356765747, 1.1177970170974731, 4.195034503936768], [2.758765935897827, -1.218427300453186, 1.5590943098068237, 0.39512771368026733, 4.034764289855957, 3.66517972946167, 0.9482730627059937, 0.6889515519142151, 1.352797269821167, 3.226314067840576, 0.45858749747276306, 1.455083966255188, 4.427275657653809, 1.884765625, 4.457341194152832, 2.2059428691864014, 2.2394602298736572, 2.2359158992767334, 1.7816095352172852, 3.0204272270202637], [3.831627130508423, 3.5548839569091797, 1.039941430091858, -0.20390856266021729, 2.9861717224121094, 2.3456199169158936, 3.2730066776275635, 3.430994987487793, 0.7744317054748535, 2.6298861503601074, 3.486417293548584, 2.9486031532287598, 3.6386640071868896, 1.6110732555389404, 2.9491689205169678, 3.4487178325653076, 1.0514450073242188, 3.2838985919952393, 2.09706711769104, 2.6812002658843994], [3.372018814086914, 3.584319829940796, 1.7892061471939087, 2.3969833850860596, 4.05421781539917, 2.446087598800659, 3.373910903930664, 2.66402006149292, 2.14418363571167, 3.9394991397857666, 1.7763786315917969, 4.0659403800964355, 3.5274670124053955, 2.596700668334961, 1.2659422159194946, 1.583993673324585, 0.9793132543563843, 0.9591344594955444, 1.2630500793457031, 3.2941296100616455], [2.8290252685546875, 2.810830593109131, 4.1869378089904785, 3.3476181030273438, 1.5316632986068726, 1.375267744064331, 3.6111032962799072, 2.9725522994995117, 2.240074634552002, 2.281898260116577, 2.3381032943725586, 0.8791198134422302, 3.6842472553253174, 2.072092056274414, 1.8784598112106323, 1.8115869760513306, 2.058293581008911, 4.004663944244385, 0.9418204426765442, 1.8069132566452026], [3.9403035640716553, 1.7410411834716797, 2.312774181365967, 0.4466615617275238, 3.321085214614868, 1.5447735786437988, 4.084629058837891, 1.6896358728408813, 0.5020859241485596, 1.545327067375183, 3.054084539413452, 0.9179739952087402, 2.0450170040130615, 2.881866216659546, 2.3234710693359375, 1.571682095527649, 2.9768319129943848, 2.0344948768615723, 1.245952844619751, 3.589477300643921], [3.795454263687134, 3.572690725326538, 3.8286614418029785, 3.3786802291870117, 3.472036361694336, 1.5981887578964233, 0.3147341012954712, 2.5719189643859863, 2.523257255554199, 2.2822201251983643, 1.2686864137649536, 0.7451947331428528, 2.252380609512329, 1.2476197481155396, 2.650968551635742, 1.4678581953048706, 2.6565773487091064, 2.3180108070373535, 3.2043495178222656, 1.2698959112167358], [2.539867877960205, 0.4047441780567169, 1.8374155759811401, 2.4175796508789062, 1.8952206373214722, 2.2531189918518066, 3.117175579071045, 2.5299623012542725, 1.3398882150650024, 1.343895435333252, 1.8241493701934814, 2.278717279434204, 1.9218634366989136, 1.0984766483306885, 3.283270835876465, 1.6471583843231201, 2.41656231880188, 3.476156711578369, 0.9411535859107971, 2.703477621078491], [1.851590633392334, 1.2806682586669922, 2.6777145862579346, 2.86067795753479, 3.422423839569092, 1.3260769844055176, 3.0053906440734863, 3.0457870960235596, 3.4105985164642334, 1.5969105958938599, 1.2275454998016357, 1.8585304021835327, 3.4374752044677734, 4.246025085449219, 4.039285659790039, 1.4779887199401855, 2.9600636959075928, 4.250124454498291, 3.0427260398864746, 0.7865909337997437], [1.4010579586029053, 0.19194470345973969, 2.7649600505828857, 1.6683599948883057, 2.0961861610412598, 2.064906597137451, 4.000797748565674, -0.22261986136436462, 4.595334053039551, 3.891279935836792, 1.3656936883926392, 4.132439613342285, 2.5616567134857178, 2.66027569770813, 3.103814125061035, 0.26661258935928345, 2.665194272994995, 2.7701504230499268, 2.8814780712127686, 3.267127513885498]]}, "time": 113.28002022858709, "L": 100.0, "dp_mcmc_step_size": 1e-06, "ep_mcmc_step_size": 0.01, "num_rounds": 50, "num_mcmc_steps_per_round": 50, "num_chains": 10, "use_gradients": true, "use_stochasticity": true, "repair": true, "predict": true, "quench_rounds": 20, "tempering_schedule": null}