{"case": "case14", "dispatch": {"gen": [[0.0689278393983841, 0.3218228220939636, 0.7984443306922913, 0.8258798718452454, 0.8173052072525024], [0.9994775652885437, 1.0074387788772583, 1.0020194053649902, 1.0077966451644897, 0.9607976078987122]], "load": [[-0.19023089110851288, -0.8761038780212402, -0.35147786140441895, -0.06122914329171181, -0.09675133973360062, -0.25515010952949524, -0.08676254004240036, -0.02299603447318077, -0.0442981980741024, -0.1209232434630394, -0.11777795106172562], [-0.0988016426563263, -0.14571353793144226, 0.038391705602407455, -0.014994550496339798, -0.06518508493900299, -0.1390550434589386, -0.04229007288813591, -0.01741458848118782, -0.016193373128771782, -0.04163924977183342, -0.04365739971399307]]}, "network_state": {"line_states": [[0.5497297644615173, 1.9100606441497803, 2.6796200275421143, 2.682523488998413, 1.5872000455856323, 0.5712924003601074, 2.65220308303833, 2.4468135833740234, 1.8003363609313965, 1.4254000186920166, 0.22748695313930511, 3.132554292678833, 1.9608231782913208, 0.16608886420726776, 2.0731468200683594, 1.4343969821929932, 2.827427864074707, 3.961482524871826, 3.4977798461914062, 3.5237112045288086], [2.268616199493408, 2.8040084838867188, 0.876186728477478, 2.077820301055908, 0.13716188073158264, 4.249312877655029, 2.5086398124694824, 1.668442726135254, 2.2738709449768066, 4.7539191246032715, 3.451544761657715, 1.6870936155319214, 4.437463760375977, 3.9882278442382812, 2.433347702026367, 1.5378446578979492, 2.801832437515259, 2.155498504638672, 3.4457926750183105, 2.351534843444824], [2.1245779991149902, 1.86759614944458, 2.486501455307007, 2.0527639389038086, 2.5073354244232178, 2.6654863357543945, 2.2049968242645264, 0.34817373752593994, 2.4711668491363525, 2.804166316986084, 3.0225331783294678, 1.7890064716339111, 2.725867509841919, 1.9381886720657349, 2.1226022243499756, 2.777549982070923, 1.6994333267211914, 2.456146478652954, 1.708184838294983, 1.6859397888183594], [1.6425069570541382, 3.0615673065185547, 3.999574661254883, 2.121936321258545, 0.09834203124046326, 1.9881744384765625, 3.5386605262756348, 3.5974435806274414, 1.8228074312210083, 2.498433828353882, 0.9635432958602905, 1.994788408279419, 3.3806216716766357, 1.3050974607467651, 3.4929261207580566, 0.7418541312217712, 1.8478314876556396, 2.1224329471588135, 1.9860044717788696, 2.005045175552368], [2.662297248840332, 1.240416407585144, 1.9410072565078735, 2.6274566650390625, 2.888385772705078, 4.4416823387146, 0.6973196268081665, 1.4361263513565063, 3.99983811378479, 2.5901074409484863, 1.1903655529022217, 2.181321144104004, 1.6439447402954102, 1.6847501993179321, 3.3278582096099854, 1.519102931022644, 2.269787311553955, 2.017566680908203, 1.3461277484893799, 3.6942644119262695], [2.4106650352478027, 2.091212749481201, 2.330199718475342, 1.5686585903167725, 3.5121216773986816, 2.0483765602111816, 1.705177903175354, 1.3718726634979248, 3.2256808280944824, 1.7677072286605835, 4.050631999969482, 1.3512057065963745, 3.3995702266693115, 3.35624098777771, 3.8191802501678467, 2.445919990539551, 3.2623019218444824, 1.0904078483581543, 1.3048516511917114, 0.46258556842803955], [3.1187853813171387, 4.340851306915283, 3.4609479904174805, 1.702690839767456, 1.9852056503295898, 2.362358808517456, 1.639649748802185, 2.4726321697235107, 0.6587216258049011, 2.7784416675567627, 4.117332458496094, 0.7163903713226318, 2.4346652030944824, 1.5241340398788452, 3.7627499103546143, 1.3801714181900024, 2.9039878845214844, 0.44685614109039307, 2.7909786701202393, 3.5131537914276123], [3.2052998542785645, 4.790264129638672, 2.421090602874756, 1.9417858123779297, 0.8956201672554016, 2.578958511352539, 1.7867611646652222, 3.580803632736206, 2.133246898651123, 2.686285972595215, 2.3384649753570557, 2.985556125640869, 2.2997732162475586, 3.7207324504852295, 1.848638892173767, 0.15736448764801025, 3.35972261428833, 1.1247659921646118, 2.0091001987457275, 0.6358110904693604], [3.175459146499634, 0.8155360817909241, 3.5576047897338867, 2.2101855278015137, 1.7281864881515503, 2.770078182220459, 1.7367445230484009, 2.146923065185547, 3.8990297317504883, 2.0436477661132812, 0.8364670276641846, 1.2502071857452393, 3.187309741973877, 1.398339033126831, 2.477581262588501, 1.6247313022613525, 1.6190377473831177, 2.66641902923584, 1.5157876014709473, 1.9973775148391724], [3.1588997840881348, 2.3561878204345703, 0.2081882506608963, 2.0554044246673584, 0.1683993637561798, 3.298555374145508, 1.1173537969589233, 2.530311107635498, 2.236077070236206, 2.1235544681549072, 2.6257853507995605, 4.0754008293151855, 3.3022892475128174, 3.855492353439331, 2.7039146423339844, 1.3568092584609985, 1.9919226169586182, 3.0357282161712646, 3.501481771469116, 3.942485809326172]]}, "time": 502.0576093280688, "L": 100.0, "dp_mcmc_step_size": 1e-06, "ep_mcmc_step_size": 0.01, "num_rounds": 100, "num_mcmc_steps_per_round": 10, "num_chains": 10, "use_gradients": true, "use_stochasticity": true, "repair": true, "predict": true, "quench_rounds": 25, "tempering_schedule": null}