{"case": "case14", "dispatch": {"gen": [[2.3406362533569336, 0.8500848412513733, 0.1314808577299118, 0.45841464400291443, 0.39224720001220703], [0.9884608387947083, 0.9815462827682495, 0.9665915369987488, 1.0141205787658691, 0.9827682971954346]], "load": [[-0.17636354267597198, -0.7937704920768738, -0.4197691082954407, -0.06072511151432991, -0.08925694972276688, -0.26823872327804565, -0.0769156888127327, -0.030335064977407455, -0.048982083797454834, -0.11650198698043823, -0.1269390732049942], [-0.0993499904870987, -0.16255216300487518, 0.034861501306295395, -0.012548631057143211, -0.062254294753074646, -0.1380911022424698, -0.04659249633550644, -0.014280177652835846, -0.012877462431788445, -0.053050775080919266, -0.043087031692266464]]}, "network_state": {"line_states": [[2.3263487815856934, 2.3263487815856934, 2.3263468742370605, 2.3263487815856934, 2.3263487815856934, 2.3263487815856934, 2.3263468742370605, 2.3263487815856934, 2.3263487815856934, 2.3263487815856934, 2.3263468742370605, 2.3263487815856934, 2.3263468742370605, 2.3263487815856934, 2.3263468742370605, 2.3263487815856934, 2.3263487815856934, 2.3263468742370605, 2.3263468742370605, 2.3263468742370605], [2.3263487815856934, 2.3263487815856934, 2.3263468742370605, 2.3263487815856934, 2.3263487815856934, 2.3263487815856934, 2.3263468742370605, 2.3263487815856934, 2.3263487815856934, 2.3263487815856934, 2.3263468742370605, 2.3263487815856934, 2.3263468742370605, 2.3263487815856934, 2.3263468742370605, 2.3263487815856934, 2.3263487815856934, 2.3263468742370605, 2.3263468742370605, 2.3263468742370605], [2.3263487815856934, 2.3263487815856934, 2.3263468742370605, 2.3263487815856934, 2.3263487815856934, 2.3263487815856934, 2.3263468742370605, 2.3263487815856934, 2.3263487815856934, 2.3263487815856934, 2.3263468742370605, 2.3263487815856934, 2.3263468742370605, 2.3263487815856934, 2.3263468742370605, 2.3263487815856934, 2.3263487815856934, 2.3263468742370605, 2.3263468742370605, 2.3263468742370605], [2.3263487815856934, 2.3263487815856934, 2.3263468742370605, 2.3263487815856934, 2.3263487815856934, 2.3263487815856934, 2.3263468742370605, 2.3263487815856934, 2.3263487815856934, 2.3263487815856934, 2.3263468742370605, 2.3263487815856934, 2.3263468742370605, 2.3263487815856934, 2.3263468742370605, 2.3263487815856934, 2.3263487815856934, 2.3263468742370605, 2.3263468742370605, 2.3263468742370605], [2.3263487815856934, 2.3263487815856934, 2.3263468742370605, 2.3263487815856934, 2.3263487815856934, 2.3263487815856934, 2.3263468742370605, 2.3263487815856934, 2.3263487815856934, 2.3263487815856934, 2.3263468742370605, 2.3263487815856934, 2.3263468742370605, 2.3263487815856934, 2.3263468742370605, 2.3263487815856934, 2.3263487815856934, 2.3263468742370605, 2.3263468742370605, 2.3263468742370605], [2.3263487815856934, 2.3263487815856934, 2.3263468742370605, 2.3263487815856934, 2.3263487815856934, 2.3263487815856934, 2.3263468742370605, 2.3263487815856934, 2.3263487815856934, 2.3263487815856934, 2.3263468742370605, 2.3263487815856934, 2.3263468742370605, 2.3263487815856934, 2.3263468742370605, 2.3263487815856934, 2.3263487815856934, 2.3263468742370605, 2.3263468742370605, 2.3263468742370605], [2.3263487815856934, 2.3263487815856934, 2.3263468742370605, 2.3263487815856934, 2.3263487815856934, 2.3263487815856934, 2.3263468742370605, 2.3263487815856934, 2.3263487815856934, 2.3263487815856934, 2.3263468742370605, 2.3263487815856934, 2.3263468742370605, 2.3263487815856934, 2.3263468742370605, 2.3263487815856934, 2.3263487815856934, 2.3263468742370605, 2.3263468742370605, 2.3263468742370605], [2.3263487815856934, 2.3263487815856934, 2.3263468742370605, 2.3263487815856934, 2.3263487815856934, 2.3263487815856934, 2.3263468742370605, 2.3263487815856934, 2.3263487815856934, 2.3263487815856934, 2.3263468742370605, 2.3263487815856934, 2.3263468742370605, 2.3263487815856934, 2.3263468742370605, 2.3263487815856934, 2.3263487815856934, 2.3263468742370605, 2.3263468742370605, 2.3263468742370605], [2.3263487815856934, 2.3263487815856934, 2.3263468742370605, 2.3263487815856934, 2.3263487815856934, 2.3263487815856934, 2.3263468742370605, 2.3263487815856934, 2.3263487815856934, 2.3263487815856934, 2.3263468742370605, 2.3263487815856934, 2.3263468742370605, 2.3263487815856934, 2.3263468742370605, 2.3263487815856934, 2.3263487815856934, 2.3263468742370605, 2.3263468742370605, 2.3263468742370605], [2.3263487815856934, 2.3263487815856934, 2.3263468742370605, 2.3263487815856934, 2.3263487815856934, 2.3263487815856934, 2.3263468742370605, 2.3263487815856934, 2.3263487815856934, 2.3263487815856934, 2.3263468742370605, 2.3263487815856934, 2.3263468742370605, 2.3263487815856934, 2.3263468742370605, 2.3263487815856934, 2.3263487815856934, 2.3263468742370605, 2.3263468742370605, 2.3263468742370605]]}, "time": 248.4253064636141, "L": 100.0, "dp_mcmc_step_size": 1e-06, "ep_mcmc_step_size": 0.1, "num_rounds": 50, "num_mcmc_steps_per_round": 50, "num_chains": 10, "use_gradients": true, "use_stochasticity": true, "repair": true, "predict": true, "quench_rounds": 20, "tempering_schedule": null}