{"case": "case14", "dispatch": {"gen": [[0.24797821044921875, 1.1039018630981445, 0.010370676405727863, 0.6674967408180237, 0.8751364350318909], [0.9740641117095947, 0.9785402417182922, 0.9505344033241272, 0.9915410280227661, 1.0064301490783691]], "load": [[-0.21912281215190887, -0.8663721084594727, -0.3886435031890869, -0.08122717589139938, -0.09537816047668457, -0.25602826476097107, -0.07198730856180191, -0.028106028214097023, -0.025249270722270012, -0.09593507647514343, -0.1286136507987976], [-0.11299546808004379, -0.1462218463420868, 0.03898519650101662, -0.025334294885396957, -0.038007427006959915, -0.12986041605472565, -0.056163739413022995, -0.01893245242536068, -0.011205622926354408, -0.051678478717803955, -0.036701709032058716]]}, "network_state": {"line_states": [[2.2657511234283447, 0.17271257936954498, 2.958632230758667, 2.0434188842773438, 2.4240479469299316, 1.8906786441802979, 2.066112756729126, 1.6121563911437988, 1.80979585647583, 4.010469436645508, 2.5745785236358643, 1.5878340005874634, 1.9544262886047363, 1.489423394203186, 2.91589617729187, 1.6851564645767212, 2.499361276626587, 1.2846704721450806, 2.427037239074707, 2.6595842838287354], [2.590043067932129, 0.9729399681091309, 1.0592982769012451, 2.7098731994628906, 3.3417086601257324, 1.8335801362991333, 2.208258628845215, 0.7654553055763245, 3.277928590774536, 2.7443840503692627, 4.191650867462158, 2.852569580078125, 2.2066569328308105, 1.9836777448654175, 2.9451401233673096, 2.250223398208618, 1.777769923210144, 3.324033737182617, 3.3343043327331543, 1.560874104499817], [1.2544056177139282, 3.194279670715332, 0.5582551956176758, 2.6275758743286133, 3.144721508026123, 2.645714521408081, 2.8976855278015137, 3.7661118507385254, 2.9253506660461426, 2.905160427093506, 2.7385928630828857, 2.248671054840088, 1.941011667251587, 3.865417718887329, 0.44283708930015564, 1.4702599048614502, 1.357067584991455, 1.6350350379943848, 1.3780949115753174, 2.284768581390381], [2.7553818225860596, 2.3992350101470947, 4.185037136077881, 3.0178275108337402, 2.3768575191497803, 3.5221424102783203, 2.408416509628296, -0.6749519109725952, 1.689125657081604, 3.2214155197143555, 2.8945226669311523, 3.7367947101593018, 1.9857927560806274, 1.9943121671676636, 1.3709871768951416, 2.670696973800659, 0.14205624163150787, 2.4802818298339844, 4.379583835601807, 2.41096830368042], [-1.5818545818328857, 1.850116491317749, 2.773646831512451, 1.0920249223709106, 2.4071688652038574, 1.0358325242996216, 3.164144277572632, 1.9397794008255005, 2.454538583755493, 1.5875072479248047, 1.9374104738235474, 2.7850842475891113, 2.053773880004883, 2.30409574508667, 1.244048833847046, 1.3768582344055176, 3.195786237716675, 1.3560974597930908, -0.17906105518341064, 0.8093358278274536], [2.4192113876342773, 2.438875198364258, 2.4830362796783447, 2.1798453330993652, 1.374924659729004, 2.8042848110198975, 2.086289882659912, 2.34678316116333, 3.0156803131103516, 0.758053183555603, 1.8711445331573486, 2.4499640464782715, 2.569166660308838, 2.8995003700256348, 3.758131980895996, 1.977831244468689, 1.590877890586853, 3.4894769191741943, 1.3368018865585327, 0.600349485874176], [2.309807538986206, 0.706804096698761, 2.910041093826294, 0.8431906700134277, 2.71421480178833, 3.4880120754241943, 3.071690320968628, 3.228529214859009, 3.2688276767730713, 2.576711893081665, 0.7082175612449646, 1.6162794828414917, 4.590887546539307, 1.8495556116104126, 3.0124564170837402, 3.0401382446289062, 0.5741993188858032, 2.7769370079040527, 1.9286105632781982, 2.939793348312378], [4.215285778045654, 2.1301956176757812, 1.810743808746338, 2.6193597316741943, 2.369019031524658, 1.4572910070419312, 1.777843713760376, 4.513092994689941, 1.1071453094482422, 3.961686372756958, 2.2860305309295654, 2.3499302864074707, 1.2238779067993164, 1.8359671831130981, 2.350360631942749, 2.882230520248413, 2.8664534091949463, 1.9205584526062012, 4.373997211456299, 3.0280823707580566], [2.5753583908081055, 2.2477307319641113, 1.6575069427490234, 2.4184117317199707, 2.8036952018737793, 3.0421295166015625, 3.9703733921051025, 1.6916154623031616, 2.2256481647491455, 0.8774197101593018, 3.106935977935791, 4.310374736785889, 1.6899884939193726, 2.252149820327759, 2.9453659057617188, 0.8993494510650635, 2.569871187210083, 2.6980326175689697, 1.9119458198547363, 2.919769048690796], [2.9391849040985107, 2.8646347522735596, 2.755675792694092, 2.920591115951538, 1.6384018659591675, 1.1563761234283447, 1.1401424407958984, 3.3227739334106445, 1.9544975757598877, -0.5190224647521973, 3.702988862991333, 3.160736083984375, 2.9508800506591797, 3.012059211730957, 1.4516843557357788, 3.0349106788635254, 0.12875887751579285, 2.5481138229370117, 1.9375683069229126, 1.6230820417404175]]}, "time": 508.8654636461288, "L": 100.0, "dp_mcmc_step_size": 1e-06, "ep_mcmc_step_size": 0.01, "num_rounds": 100, "num_mcmc_steps_per_round": 10, "num_chains": 10, "use_gradients": false, "use_stochasticity": true, "repair": true, "predict": true, "quench_rounds": 0, "tempering_schedule": null}