{"case": "case14", "dispatch": {"gen": [[0.09674889594316483, 0.6486207842826843, 0.2858634889125824, 0.2063918113708496, 0.24383696913719177], [1.015008568763733, 1.000672459602356, 0.9753167629241943, 1.0174916982650757, 0.994171679019928]], "load": [[-0.1701427698135376, -0.9103597402572632, -0.439121812582016, -0.06400351226329803, -0.09985647350549698, -0.22807450592517853, -0.07994900643825531, -0.028792250901460648, -0.04924418032169342, -0.11841364949941635, -0.1187218502163887], [-0.11068183183670044, -0.17002083361148834, 0.034792907536029816, -0.01403411477804184, -0.06255176663398743, -0.1399897336959839, -0.047950953245162964, -0.01448055263608694, -0.014238138683140278, -0.04915573447942734, -0.04425758123397827]]}, "network_state": {"line_states": [[0.1025937870144844, 1.7354809045791626, 3.1519594192504883, 4.398406982421875, 1.5960530042648315, 2.2956290245056152, 1.993138313293457, 1.3797941207885742, 3.2264740467071533, 2.6515696048736572, 1.2269359827041626, 0.5138278007507324, 2.3189141750335693, 3.525817394256592, 1.8064947128295898, 1.642187237739563, 1.1574506759643555, 1.651113748550415, 1.82760488986969, 3.244370222091675], [2.6703524589538574, 0.4964914917945862, 1.5345016717910767, 0.7264873385429382, 4.769179821014404, 3.774481773376465, 1.6265060901641846, 1.268333077430725, 1.257744312286377, 2.259657382965088, 0.4167121648788452, 1.8742090463638306, 3.7597591876983643, 2.008984327316284, 4.887387752532959, 3.3253462314605713, 1.7401063442230225, 2.6345086097717285, 2.333958148956299, 3.002176523208618], [3.993206024169922, 2.299455404281616, 1.7443149089813232, 0.6852208971977234, 2.215371608734131, 2.404233455657959, 3.758500576019287, 2.7101402282714844, 0.6504901051521301, 2.8152074813842773, 2.005967140197754, 2.944406509399414, 3.7576489448547363, 1.7607815265655518, 3.247401237487793, 2.7826619148254395, 1.4971520900726318, 2.97683048248291, 1.776451826095581, 2.9631175994873047], [3.090034246444702, 4.227825164794922, 2.2031116485595703, 3.1669301986694336, 3.8100380897521973, 2.1291847229003906, 3.4123167991638184, 2.4932940006256104, 1.864206314086914, 3.5386312007904053, 1.5036588907241821, 3.8091773986816406, 3.2860019207000732, 2.111490249633789, 2.084667444229126, 1.2348947525024414, 1.4562987089157104, 1.7442381381988525, 0.4703673720359802, 3.02555251121521], [3.380863904953003, 3.266468048095703, 3.8790829181671143, 2.3878331184387207, 0.8575142621994019, 1.9672174453735352, 3.774841785430908, 1.6236300468444824, 1.8416322469711304, 3.2135980129241943, 2.7868311405181885, 1.6450929641723633, 3.000929594039917, 1.832234263420105, 2.1527366638183594, 2.079942226409912, 2.4330246448516846, 3.7133982181549072, 1.8251839876174927, 2.5829434394836426], [4.70707893371582, 1.843178391456604, 2.7774412631988525, 0.8138090372085571, 2.788163185119629, 1.4940110445022583, 3.515227794647217, 1.5385068655014038, 1.3596924543380737, 0.05483686923980713, 2.746006727218628, 0.17922979593276978, 1.8276993036270142, 2.4838006496429443, 2.9017398357391357, 2.170435667037964, 2.3180861473083496, 1.5274125337600708, 2.296299457550049, 3.900171995162964], [3.6345837116241455, 2.928858518600464, 3.6488287448883057, 3.2829761505126953, 3.228588581085205, 1.2884230613708496, 0.9363715648651123, 2.4320082664489746, 2.5083773136138916, 2.320765495300293, 0.8678489327430725, 0.7881499528884888, 2.199260711669922, 1.3926949501037598, 3.9789071083068848, 1.1835328340530396, 2.6922788619995117, 2.1917173862457275, 3.1524529457092285, 2.6629292964935303], [2.6259891986846924, 2.031736373901367, 1.3484965562820435, 2.4417190551757812, 1.9206737279891968, 1.7683199644088745, 3.24678897857666, 2.88071346282959, 1.1589014530181885, 1.0048811435699463, 2.133352756500244, 2.051259994506836, 0.9679343104362488, 1.457596778869629, 2.6400506496429443, 1.5453609228134155, 1.7467219829559326, 3.062405586242676, 1.2194181680679321, 2.0803873538970947], [2.6975951194763184, 1.1935760974884033, 3.155622720718384, 3.410524845123291, 3.9441816806793213, 1.26802396774292, 3.9933712482452393, 1.443556308746338, 3.0302734375, 0.8038439154624939, 1.1723933219909668, 2.3129959106445312, 3.3271255493164062, 4.639780044555664, 4.220592498779297, 1.6271939277648926, 3.3535447120666504, 4.312992572784424, 3.8536975383758545, 1.588559865951538], [1.7543840408325195, 1.0914496183395386, 2.4254395961761475, 1.8533167839050293, 2.5429837703704834, 1.8025673627853394, 3.4914448261260986, -0.14240387082099915, 4.3420634269714355, 3.7345123291015625, 1.1941401958465576, 4.338967323303223, 2.6110270023345947, 2.548504114151001, 2.207723379135132, 0.035916827619075775, 2.7127208709716797, 2.648317337036133, 2.0033555030822754, 3.497509241104126]]}, "time": 122.3514365721494, "L": 100.0, "dp_mcmc_step_size": 1e-06, "ep_mcmc_step_size": 0.01, "num_rounds": 50, "num_mcmc_steps_per_round": 60, "num_chains": 10, "use_gradients": true, "use_stochasticity": true, "repair": true, "predict": true, "quench_rounds": 20, "tempering_schedule": null}