{"case": "case14", "dispatch": {"gen": [[1.5329705476760864, 0.6660377979278564, 0.23147235810756683, 0.2876455783843994, 0.7019831538200378], [0.9917482137680054, 0.9808281660079956, 0.9813724756240845, 1.042631983757019, 1.023653268814087]], "load": [[-0.16326937079429626, -0.9324293732643127, -0.3838154673576355, -0.06231348589062691, -0.08325082808732986, -0.2725256383419037, -0.07765807956457138, -0.02789066918194294, -0.05489591509103775, -0.10339581966400146, -0.11125830560922623], [-0.10645024478435516, -0.15055455267429352, 0.03631681948900223, -0.012498813681304455, -0.05504370853304863, -0.1453935205936432, -0.05476481467485428, -0.011462932452559471, -0.014843810349702835, -0.04733019694685936, -0.04171145707368851]]}, "network_state": {"line_states": [[3.8101494312286377, 3.6929681301116943, 2.1579785346984863, 1.9154342412948608, 2.194023847579956, 1.8004629611968994, 0.6409063935279846, 2.5254414081573486, 2.5602169036865234, 3.1340620517730713, 2.9965054988861084, 0.5889891982078552, 3.2693822383880615, 1.796427607536316, 2.8169238567352295, 1.3709288835525513, 2.994318723678589, 2.908503770828247, 2.6280274391174316, 2.5850725173950195], [2.8074088096618652, 1.9391123056411743, 1.7046234607696533, 2.4633495807647705, 3.435102701187134, 3.8243844509124756, 1.5793402194976807, 1.4251035451889038, 1.0357983112335205, 1.9089428186416626, 3.3080756664276123, 2.5629191398620605, 4.00839900970459, 2.741687536239624, 1.4266905784606934, 3.5237865447998047, 3.049309015274048, 2.220872640609741, 1.9167729616165161, 2.4449715614318848], [2.235166549682617, 2.603827953338623, 1.5415443181991577, 2.7748451232910156, 0.27325448393821716, 1.3750396966934204, 1.5178905725479126, 1.5583724975585938, 3.1793980598449707, 2.7073631286621094, 1.0487830638885498, 0.9770756959915161, 3.3920583724975586, 1.0751293897628784, 2.8103339672088623, 2.188753366470337, 2.2606041431427, 1.943920373916626, 2.687591314315796, 1.6677824258804321], [1.267604112625122, 2.8252084255218506, 2.216569423675537, 3.248232126235962, 2.556917905807495, 1.3991332054138184, -0.05672483146190643, 3.1755080223083496, 2.9878551959991455, 3.8892366886138916, 1.943475365638733, 1.2675644159317017, 0.8522440791130066, 2.9202880859375, 2.3814456462860107, 3.598006010055542, 2.327094793319702, 2.785443067550659, 3.031794548034668, 1.1039119958877563], [2.0839967727661133, 1.6453455686569214, 2.0202906131744385, 3.4231412410736084, 1.6208760738372803, 2.1124730110168457, 1.2313340902328491, 2.2265896797180176, 2.434868574142456, 4.1646952629089355, 3.819969415664673, 0.8284198045730591, 2.472360134124756, 1.3181774616241455, 2.0914466381073, 2.183418035507202, 2.6472103595733643, 2.559978485107422, 3.364736557006836, 2.1259660720825195], [2.669400215148926, 3.504157066345215, 2.484462261199951, 3.3791611194610596, 2.0808658599853516, 1.9766618013381958, 1.5111944675445557, 1.4843716621398926, 2.27174711227417, 1.5276663303375244, 2.9184250831604004, 2.695098876953125, 1.4130704402923584, 2.645303964614868, 1.7750494480133057, 1.0006308555603027, 1.4499337673187256, 2.956242322921753, 2.2423765659332275, 2.5464982986450195], [1.7198890447616577, 3.7579376697540283, 3.0507524013519287, 2.893688440322876, 2.8843889236450195, 1.8300408124923706, 2.7466228008270264, 1.7182039022445679, 2.95532488822937, 3.8590409755706787, 3.1220626831054688, 2.740560293197632, 2.1380786895751953, 2.391464948654175, 2.6513209342956543, 3.2817118167877197, 0.37635645270347595, 3.2831592559814453, 2.6081488132476807, 1.7376916408538818], [2.514981746673584, 2.772322416305542, 1.4455409049987793, 0.19963398575782776, 3.827862501144409, 0.5010207891464233, 4.342829704284668, 2.085069417953491, 0.7727331519126892, 2.261693000793457, 3.2727766036987305, 2.6076455116271973, 1.600195288658142, 2.756531000137329, 2.4873273372650146, 2.9756813049316406, 1.571049451828003, 2.4731783866882324, 2.6275432109832764, 2.179507255554199], [0.6143662333488464, 2.0637600421905518, 1.2332406044006348, 1.1700090169906616, 3.657301187515259, 2.9056808948516846, 2.2251250743865967, 3.7629904747009277, 2.313678741455078, 0.8849857449531555, 2.1752121448516846, 1.8759307861328125, 1.2561691999435425, 0.976099967956543, 1.894326090812683, 2.98555326461792, 1.8822803497314453, 2.9656448364257812, 1.9021663665771484, 0.8304097056388855], [2.7800216674804688, 1.7566380500793457, 2.1277236938476562, 2.629532814025879, 2.4847052097320557, 0.6900581121444702, 2.874816417694092, 2.4234228134155273, 2.095701217651367, 1.557684302330017, 2.6374735832214355, 2.4803855419158936, 2.2285029888153076, 0.731036901473999, 2.6521763801574707, 2.4581384658813477, 2.766655445098877, 2.5789945125579834, 2.76572322845459, 2.4071714878082275]]}, "time": 493.73175952769816, "L": 100.0, "dp_mcmc_step_size": 1e-06, "ep_mcmc_step_size": 0.01, "num_rounds": 100, "num_mcmc_steps_per_round": 10, "num_chains": 10, "use_gradients": true, "use_stochasticity": true, "repair": true, "predict": true, "quench_rounds": 20, "tempering_schedule": null}