{"case": "case14", "dispatch": {"gen": [[2.7574427127838135, 0.046772245317697525, 0.8676509857177734, 0.7509934902191162, 0.10243039578199387], [1.025652527809143, 1.014298439025879, 1.009514331817627, 1.0244439840316772, 1.0055352449417114]], "load": [[-0.17735260725021362, -0.9119008183479309, -0.40055304765701294, -0.06578803807497025, -0.08756162971258163, -0.22562673687934875, -0.07235747575759888, -0.02681480161845684, -0.060320258140563965, -0.11783192306756973, -0.12755098938941956], [-0.10271870344877243, -0.15518255531787872, 0.02863272838294506, -0.011962275952100754, -0.07296749949455261, -0.14217382669448853, -0.05364171788096428, -0.016463812440633774, -0.01186288334429264, -0.05576286464929581, -0.04176358878612518]]}, "network_state": {"line_states": [[3.697869300842285, 2.753762722015381, 4.390063285827637, 2.614224910736084, 0.8472886681556702, 2.052067995071411, 4.092263221740723, 1.8636562824249268, 3.1984176635742188, 2.3487584590911865, 3.551368236541748, 1.239396572113037, 2.8549768924713135, 0.09303835779428482, 2.307096242904663, 3.3158397674560547, 1.0373647212982178, 2.430353879928589, 1.6464087963104248, 2.3550992012023926], [3.255884885787964, 3.3018529415130615, 0.06077185273170471, 1.892008900642395, 2.654890298843384, 1.2967891693115234, 2.2074615955352783, 1.9772297143936157, 1.7403149604797363, 2.1856396198272705, 1.6721806526184082, 2.507794141769409, 3.991875410079956, 2.2730770111083984, 2.547488212585449, 1.0561057329177856, 1.9364171028137207, 2.1460297107696533, 2.39144229888916, 2.869070291519165], [1.5783278942108154, 1.6057281494140625, 2.4374570846557617, 1.3183571100234985, 2.571197271347046, 3.1232287883758545, 1.648126482963562, 2.8449671268463135, 2.740414619445801, 2.1599724292755127, 2.5323286056518555, 2.58986496925354, 1.6903811693191528, 2.117029905319214, 0.7558394074440002, 2.028632640838623, 1.3533735275268555, 1.7817409038543701, 3.189265251159668, 2.8708417415618896], [1.5356440544128418, 1.8684720993041992, 1.307971477508545, 1.1121587753295898, 1.8092137575149536, 2.5854885578155518, 0.1584373116493225, 2.0907044410705566, -0.5704789757728577, 2.3053436279296875, 2.5825726985931396, 2.765268564224243, 2.0098652839660645, 1.0764963626861572, 1.75398588180542, 2.794663429260254, 3.7460458278656006, 2.975343942642212, 1.750630497932434, 1.275394082069397], [2.803692102432251, 3.019590139389038, 2.0394704341888428, 2.560075521469116, 4.101573467254639, 2.8879878520965576, 2.2247605323791504, 1.3891675472259521, 2.3702640533447266, -0.9140207767486572, 3.1485137939453125, 2.0918877124786377, 3.668262004852295, 2.503166437149048, 3.0007662773132324, 2.6357569694519043, 5.157105445861816, 3.577228307723999, 2.6452696323394775, 1.7599612474441528], [2.4139456748962402, 2.571077585220337, 3.4448769092559814, 1.0259983539581299, 1.630054235458374, 3.740501642227173, 2.860543966293335, -0.24257077276706696, 3.3027491569519043, 1.5006446838378906, 1.2262622117996216, 2.044562578201294, 1.878916621208191, 3.6585335731506348, 2.3191449642181396, 1.3896434307098389, 2.0017271041870117, 3.261227607727051, 2.925481081008911, 2.2742207050323486], [-0.6327442526817322, 1.8021399974822998, 3.2972588539123535, 2.9923617839813232, 2.664720058441162, 3.6286709308624268, 2.825498580932617, 4.3009819984436035, 2.8360300064086914, 2.033515453338623, 2.775847911834717, 2.2016332149505615, 1.8426861763000488, 2.9107847213745117, 2.4226224422454834, 0.7598648071289062, 2.808716297149658, 2.4409778118133545, 0.057137928903102875, 2.7207634449005127], [1.5678818225860596, 1.971846580505371, 1.8011878728866577, 2.182663917541504, 1.0170698165893555, 4.671629428863525, 3.915426731109619, 0.27472373843193054, 3.2696192264556885, 3.418025255203247, 3.7359538078308105, 2.758136749267578, 2.3187668323516846, 4.734292030334473, 3.5720160007476807, 3.026939630508423, 1.153940200805664, 1.563294768333435, 1.339678168296814, 1.525542140007019], [1.1377460956573486, 3.3526816368103027, 2.5041518211364746, 1.343600869178772, 2.3754937648773193, 1.794647216796875, 3.135133743286133, 2.116820812225342, 1.7198421955108643, 2.3545174598693848, 0.3017720580101013, 4.105541706085205, 3.471467971801758, 2.927955389022827, 2.9723753929138184, 3.559434652328491, 1.852630853652954, 2.904726982116699, 2.8364768028259277, 1.6957085132598877], [4.140841007232666, 2.4160499572753906, 2.3453540802001953, 3.7210628986358643, 2.9661619663238525, 4.348484039306641, 1.8794046640396118, 3.0856943130493164, 2.2303740978240967, 0.8096468448638916, 1.1596112251281738, -0.3476254642009735, 2.882472515106201, 1.2410557270050049, 3.175100326538086, 2.961221933364868, 2.113701581954956, 1.529637098312378, 2.142258882522583, 4.226773262023926]]}, "time": 284.86323332972825, "L": 200.0, "dp_mcmc_step_size": 1e-06, "ep_mcmc_step_size": 0.01, "num_rounds": 50, "num_mcmc_steps_per_round": 10, "num_chains": 10, "use_gradients": true, "use_stochasticity": true, "repair": true, "predict": true, "quench_rounds": 25, "tempering_schedule": null}