{"case": "case14", "dispatch": {"gen": [[1.0545984506607056, 1.3826879262924194, 0.6349269151687622, 0.32885482907295227, 0.15580454468727112], [0.9826071262359619, 0.9860854744911194, 0.9654332399368286, 0.9829995036125183, 0.9892386198043823]], "load": [[-0.17881271243095398, -0.8648202419281006, -0.4236931800842285, -0.051801957190036774, -0.09287341684103012, -0.23109221458435059, -0.06502160429954529, -0.03883925452828407, -0.042766112834215164, -0.09326323121786118, -0.13349929451942444], [-0.10665412992238998, -0.17700046300888062, 0.02937992475926876, -0.017380164936184883, -0.06460770219564438, -0.15103860199451447, -0.054312095046043396, -0.016903385519981384, -0.01856420934200287, -0.0496373176574707, -0.044151343405246735]]}, "network_state": {"line_states": [[2.1169955730438232, 2.1337742805480957, 4.158681869506836, 2.6970739364624023, 1.0955549478530884, 0.35473504662513733, 3.065277338027954, 3.286212682723999, 2.130110502243042, 3.127810001373291, 3.1300253868103027, 2.0894107818603516, 2.6074562072753906, 2.820091962814331, 1.9097356796264648, 1.7524045705795288, 1.9299474954605103, 3.837449073791504, 2.9702529907226562, 0.6807850003242493], [2.4483282566070557, 1.2166032791137695, 1.5016757249832153, 0.3563982844352722, 3.237949848175049, 3.0684738159179688, 2.5830416679382324, 2.5270419120788574, 1.9454845190048218, 2.885789155960083, 1.5288331508636475, 0.9489495754241943, 2.7557826042175293, 3.0675899982452393, 3.882688045501709, 1.165809154510498, 3.131409168243408, 2.1501028537750244, 1.3040674924850464, 3.150871515274048], [3.137155771255493, 2.2470710277557373, 3.8879122734069824, 3.7854466438293457, 2.444817304611206, 1.4657083749771118, 2.432061195373535, 2.212993860244751, 2.360793352127075, 2.0694057941436768, 3.40230393409729, 2.9184656143188477, 0.8754847645759583, 1.2774009704589844, 2.9778389930725098, 2.7707343101501465, 3.2456471920013428, 1.1882967948913574, 3.822157859802246, 2.2439026832580566], [1.8012783527374268, 2.659359931945801, 1.6202912330627441, 2.751443862915039, 2.551581859588623, 1.5135717391967773, 2.194014310836792, 2.366891622543335, 2.246795415878296, 1.8561148643493652, 3.3881168365478516, 3.3490071296691895, 1.4619802236557007, 1.267635703086853, 2.210198163986206, 2.395864725112915, 4.661003589630127, 2.630491256713867, 3.2760627269744873, 2.598100185394287], [4.763526916503906, 3.33634877204895, 2.66526460647583, 0.9679499864578247, 1.6505560874938965, 1.351217269897461, 0.583974301815033, 0.42374762892723083, 3.7632088661193848, 1.399797797203064, 3.3608007431030273, 1.577680230140686, 2.7204549312591553, 2.4201459884643555, 1.9670648574829102, 3.531588554382324, 1.3242002725601196, 3.683490037918091, 0.8950549364089966, 1.4996790885925293], [2.740731716156006, 1.2584089040756226, 1.0793901681900024, 2.4021687507629395, -0.0540175586938858, 2.084840774536133, 2.3625314235687256, 3.822112560272217, 2.356411933898926, 2.239231586456299, 3.4120752811431885, 1.1286675930023193, 2.3610403537750244, 2.4661316871643066, 2.55937123298645, 3.992377519607544, 3.0639431476593018, 1.42897629737854, 2.930744171142578, 2.471601963043213], [1.8763519525527954, 3.1590871810913086, 2.930865526199341, 1.6727187633514404, 2.849778175354004, 3.2656917572021484, 0.6012666821479797, 2.477037191390991, 2.5305099487304688, 2.475762128829956, 1.3184272050857544, 2.0725953578948975, 2.7339043617248535, 0.7625168561935425, 1.7389718294143677, 2.036245346069336, 2.3028206825256348, 2.732719659805298, 5.264074802398682, 0.9460582733154297], [2.3858225345611572, 0.6600243449211121, 3.4397642612457275, 4.242873668670654, 1.9147647619247437, 3.404805898666382, 3.199770212173462, 1.4526182413101196, 0.9755383729934692, 2.5256712436676025, 2.1540656089782715, 1.2822840213775635, 1.0572621822357178, 2.1296329498291016, 3.5883748531341553, 2.4121456146240234, 3.1531009674072266, 1.6166597604751587, 4.008049488067627, 2.8214704990386963], [2.7213363647460938, 2.02128005027771, 2.3174006938934326, 1.8217735290527344, 1.6487094163894653, 1.8549481630325317, 2.8234827518463135, 3.497610092163086, 2.9859676361083984, 0.3975520730018616, 1.227723479270935, 3.323054075241089, 3.9416260719299316, 3.3518686294555664, 2.871371269226074, 0.82595294713974, 1.2462667226791382, 2.4073779582977295, 4.11034631729126, 3.3692965507507324], [2.7413814067840576, 0.35502302646636963, 0.9269433617591858, 0.2638343870639801, 1.7417981624603271, 1.7852272987365723, 4.219146251678467, 2.3293163776397705, 2.6250059604644775, 2.9394068717956543, 2.1861002445220947, 0.011687802150845528, 3.8928186893463135, 2.000641107559204, 2.593705892562866, 3.264329433441162, 2.355607271194458, 0.8800787329673767, 1.6603628396987915, 3.146730422973633]]}, "time": 282.0671854047105, "L": 200.0, "dp_mcmc_step_size": 1e-06, "ep_mcmc_step_size": 0.01, "num_rounds": 50, "num_mcmc_steps_per_round": 10, "num_chains": 10, "use_gradients": false, "use_stochasticity": true, "repair": true, "predict": true, "quench_rounds": 0, "tempering_schedule": null}