{"case": "case14", "dispatch": {"gen": [[2.0498881340026855, 0.6654998064041138, 0.7758764028549194, 0.8971685767173767, 0.46152132749557495], [0.9727381467819214, 0.9789565801620483, 1.0055880546569824, 1.0515706539154053, 1.005536675453186]], "load": [[-0.1884612888097763, -0.8441347479820251, -0.4009586274623871, -0.059206273406744, -0.0831465795636177, -0.2566145658493042, -0.07383457571268082, -0.02703104540705681, -0.05252556875348091, -0.09927686303853989, -0.11751259863376617], [-0.10447844862937927, -0.17603102326393127, 0.03530390188097954, -0.016022929921746254, -0.057827338576316833, -0.13447430729866028, -0.05015749856829643, -0.016618438065052032, -0.015305780805647373, -0.05607079342007637, -0.04383973404765129]]}, "network_state": {"line_states": [[2.4476563930511475, 2.592240571975708, 2.816274642944336, 1.7737210988998413, 3.1567132472991943, 3.18605899810791, 3.4539761543273926, 1.4903508424758911, 1.7328259944915771, 1.687877893447876, 3.1043357849121094, 0.9191311597824097, 1.0099084377288818, 4.133826732635498, 0.31066712737083435, 2.2745158672332764, 0.5637698769569397, 2.908179759979248, 2.4609742164611816, 0.44615697860717773], [3.2952420711517334, 1.6867420673370361, 1.8291516304016113, 2.6083502769470215, 3.448693037033081, 1.8764418363571167, 1.7928223609924316, 3.897650957107544, 2.1898765563964844, 1.8364176750183105, 1.5299943685531616, 2.634796619415283, 3.724876642227173, 1.4705865383148193, 1.9269444942474365, 2.8280835151672363, 2.9454345703125, 0.9781282544136047, 0.42147666215896606, 1.4485763311386108], [1.5951565504074097, 2.839449882507324, 3.402721643447876, 2.326951265335083, 3.5421438217163086, 2.7981863021850586, 2.534846067428589, 2.258490800857544, 2.2238669395446777, 1.3287899494171143, 0.9929972887039185, 1.9198238849639893, 2.563013792037964, 1.1427887678146362, 1.0350879430770874, 2.6848747730255127, 3.042672872543335, 3.316459894180298, 3.2480010986328125, 3.4642422199249268], [2.0998129844665527, 2.896719217300415, 2.3799524307250977, 3.7092185020446777, 1.4108785390853882, 2.550915479660034, 2.4109435081481934, 3.7605504989624023, 2.668428659439087, 3.3305060863494873, 1.1243952512741089, 2.7860612869262695, 3.6369268894195557, 2.3800342082977295, -0.026521015912294388, 2.298900842666626, 3.191667318344116, 3.105614185333252, 1.149908423423767, 2.7510933876037598], [1.1378437280654907, 2.5440876483917236, 1.4755785465240479, 2.588911294937134, 2.7475390434265137, 2.35846209526062, 3.1826438903808594, 1.0106616020202637, 1.9127569198608398, 3.1080482006073, 1.9911404848098755, 1.7809208631515503, 2.972273588180542, 1.8351309299468994, 1.0484814643859863, 1.276672124862671, 2.257528305053711, 1.4232300519943237, 2.7233006954193115, 1.8381963968276978], [2.583444833755493, 2.7105801105499268, -0.2189396470785141, 3.6148104667663574, 1.484474778175354, 1.061514973640442, 2.210873603820801, 2.362781047821045, 2.7909088134765625, 1.3541902303695679, 2.782649040222168, 2.595689535140991, 3.403165102005005, 2.51540470123291, 2.184217691421509, 2.9956507682800293, 3.017625093460083, 3.1131651401519775, 1.572126030921936, 2.8945224285125732], [2.334571361541748, 2.4298415184020996, 1.5277669429779053, 1.907849669456482, 2.7961068153381348, 1.8288569450378418, 1.678360104560852, 3.6169443130493164, 2.6694722175598145, 1.7088642120361328, 2.542431592941284, 1.1232309341430664, 2.80523943901062, 3.0563056468963623, 1.5165843963623047, 2.6620421409606934, 1.2339990139007568, 3.046658754348755, 2.3490941524505615, 2.3555028438568115], [2.4557766914367676, 1.5743820667266846, 2.9487102031707764, 2.472179412841797, 1.9571295976638794, 3.340289831161499, 1.665376901626587, 1.7690577507019043, 1.8734265565872192, 3.403688907623291, 2.626459836959839, 1.7969586849212646, 2.702571392059326, 1.7242059707641602, 3.157060384750366, 2.296109437942505, 1.1058270931243896, 3.9343674182891846, 2.859567642211914, 0.6665480136871338], [3.5971665382385254, 1.2557331323623657, 3.7442169189453125, 1.3084924221038818, 2.589703321456909, 2.781198740005493, 3.1195969581604004, 1.9557733535766602, 1.6290932893753052, 1.291716456413269, 2.2912936210632324, 2.0914924144744873, 3.6779823303222656, 3.7915804386138916, 2.1891305446624756, 3.893571138381958, 2.2226829528808594, 2.879366159439087, 1.2530994415283203, 2.3052213191986084], [2.730088472366333, 1.5930348634719849, 2.085639715194702, 2.136777639389038, 0.5090344548225403, 3.042832136154175, 1.5574196577072144, 2.4010238647460938, 1.8699826002120972, 2.2852039337158203, 2.3069610595703125, 1.9691866636276245, 3.6372246742248535, 1.9033448696136475, 3.1431989669799805, 2.306443691253662, 3.3566317558288574, 2.5268747806549072, 1.3510384559631348, 2.307574987411499]]}, "time": 273.80777163617313, "L": 200.0, "dp_mcmc_step_size": 1e-06, "ep_mcmc_step_size": 0.01, "num_rounds": 50, "num_mcmc_steps_per_round": 10, "num_chains": 10, "use_gradients": true, "use_stochasticity": true, "repair": true, "predict": true, "quench_rounds": 20, "tempering_schedule": null}