{"case": "case14", "dispatch": {"gen": [[2.720095157623291, 0.6319523453712463, 0.8894400596618652, 0.6523947715759277, 0.6297764182090759], [0.9701039791107178, 0.9784646034240723, 1.0031784772872925, 0.9952183365821838, 0.9756960272789001]], "load": [[-0.18301111459732056, -0.6957594752311707, -0.398440957069397, -0.06746531277894974, -0.09781566262245178, -0.25308552384376526, -0.07934025675058365, -0.0322001688182354, -0.0518939234316349, -0.10931278020143509, -0.13265903294086456], [-0.10802960395812988, -0.1644853949546814, 0.0330924428999424, -0.013915917836129665, -0.05919049307703972, -0.1338644027709961, -0.048443615436553955, -0.014850904233753681, -0.01375790499150753, -0.0472150556743145, -0.04551488533616066]]}, "network_state": {"line_states": [[2.3239641189575195, 2.327528715133667, 2.3257906436920166, 2.3300728797912598, 2.327641725540161, 2.3260204792022705, 2.322930097579956, 2.329138994216919, 2.3297035694122314, 2.3144195079803467, 2.32295298576355, 2.3332464694976807, 2.315694808959961, 2.338412284851074, 2.3276524543762207, 2.32425594329834, 2.3380486965179443, 2.3191628456115723, 2.3308703899383545, 2.3208019733428955], [2.326026678085327, 2.3298115730285645, 2.322532892227173, 2.3370988368988037, 2.3272976875305176, 2.328526496887207, 2.3223071098327637, 2.3271896839141846, 2.3267769813537598, 2.325571060180664, 2.3225491046905518, 2.332345485687256, 2.3206982612609863, 2.332418441772461, 2.3252763748168945, 2.3254282474517822, 2.3278825283050537, 2.3283257484436035, 2.324507474899292, 2.308727741241455], [2.328747272491455, 2.3186004161834717, 2.3384673595428467, 2.325742244720459, 2.3257062435150146, 2.3133292198181152, 2.33076810836792, 2.3273918628692627, 2.3190276622772217, 2.319338321685791, 2.3278560638427734, 2.3326921463012695, 2.3357696533203125, 2.3345556259155273, 2.319751739501953, 2.3251161575317383, 2.3279995918273926, 2.3347208499908447, 2.3141064643859863, 2.3334195613861084], [2.338329792022705, 2.3382742404937744, 2.3308608531951904, 2.318483829498291, 2.3399298191070557, 2.342846632003784, 2.3289668560028076, 2.3358266353607178, 2.3259739875793457, 2.330284357070923, 2.3334884643554688, 2.3169357776641846, 2.335791826248169, 2.3264577388763428, 2.3275606632232666, 2.328972578048706, 2.3329365253448486, 2.3341786861419678, 2.3218634128570557, 2.3205366134643555], [2.328781843185425, 2.3394455909729004, 2.333202600479126, 2.3268635272979736, 2.3315351009368896, 2.331387519836426, 2.3228065967559814, 2.3266701698303223, 2.322326183319092, 2.3142290115356445, 2.3172953128814697, 2.3299484252929688, 2.3293662071228027, 2.3130366802215576, 2.325505495071411, 2.3295376300811768, 2.3278889656066895, 2.318830728530884, 2.323366641998291, 2.3162460327148438], [2.321427822113037, 2.3218812942504883, 2.322253942489624, 2.323368549346924, 2.328268051147461, 2.3291871547698975, 2.324199676513672, 2.3217220306396484, 2.322453260421753, 2.3210372924804688, 2.333155393600464, 2.3301477432250977, 2.3275816440582275, 2.3229005336761475, 2.324530601501465, 2.3231635093688965, 2.318467617034912, 2.3257555961608887, 2.3312039375305176, 2.328970193862915], [2.333556652069092, 2.3311448097229004, 2.321399450302124, 2.327563762664795, 2.3455655574798584, 2.325584650039673, 2.3250062465667725, 2.3330087661743164, 2.335716724395752, 2.391627788543701, 2.328913927078247, 2.325279712677002, 2.329913377761841, 2.3261566162109375, 2.329958200454712, 2.3292675018310547, 2.3453941345214844, 2.3288967609405518, 2.320044755935669, 2.327521562576294], [2.3205642700195312, 2.334559440612793, 2.329446792602539, 2.323115348815918, 2.327138662338257, 2.317140817642212, 2.3167288303375244, 2.339775323867798, 2.32643985748291, 2.3306634426116943, 2.3111326694488525, 2.3287594318389893, 2.3302860260009766, 2.3138110637664795, 2.3296475410461426, 2.3155975341796875, 2.328662395477295, 2.337073802947998, 2.333662509918213, 2.314728021621704], [2.334240198135376, 2.3186376094818115, 2.3202896118164062, 2.326838970184326, 2.334059953689575, 2.329291820526123, 2.332258701324463, 2.3284058570861816, 2.3102118968963623, 2.3221943378448486, 2.329829454421997, 2.3113088607788086, 2.3339600563049316, 2.319011926651001, 2.3251683712005615, 2.3354973793029785, 2.3264071941375732, 2.325988292694092, 2.3295342922210693, 2.3181116580963135], [2.2914414405822754, 2.3175196647644043, 2.3251755237579346, 2.33186936378479, 2.317817211151123, 2.3266189098358154, 2.345071315765381, 2.3233752250671387, 2.3187427520751953, 2.3344874382019043, 2.3348569869995117, 2.321575403213501, 2.337744951248169, 2.3191471099853516, 2.316331148147583, 2.321218490600586, 2.3190548419952393, 2.329496383666992, 2.321343421936035, 2.3276772499084473]]}, "time": 282.26215361524373, "L": 200.0, "dp_mcmc_step_size": 1e-06, "ep_mcmc_step_size": 0.01, "num_rounds": 50, "num_mcmc_steps_per_round": 10, "num_chains": 10, "use_gradients": true, "use_stochasticity": false, "repair": true, "predict": true, "quench_rounds": 20, "tempering_schedule": null}