{"case": "case14", "dispatch": {"gen": [[0.06111536920070648, 0.39448532462120056, 0.7851498126983643, 0.846619725227356, 0.8524127006530762], [0.9948924779891968, 1.0014837980270386, 1.014806866645813, 1.0028934478759766, 0.9944172501564026]], "load": [[-0.20574983954429626, -0.8568488359451294, -0.3908660411834717, -0.06661751866340637, -0.09220221638679504, -0.24695174396038055, -0.0801577940583229, -0.027555331587791443, -0.051604773849248886, -0.11281368881464005, -0.13601373136043549], [-0.10231059044599533, -0.16657160222530365, 0.033420633524656296, -0.014448954723775387, -0.07015783339738846, -0.15567652881145477, -0.054459087550640106, -0.015584749169647694, -0.01522902026772499, -0.053743936121463776, -0.04287475720047951]]}, "network_state": {"line_states": [[2.3371803760528564, 2.3363161087036133, 2.325305461883545, 2.3234000205993652, 2.3253743648529053, 2.3226664066314697, 2.3143668174743652, 2.3278496265411377, 2.3282928466796875, 2.332507371902466, 2.331286668777466, 2.3138267993927, 2.3332059383392334, 2.3226442337036133, 2.330087423324585, 2.3192179203033447, 2.331286907196045, 2.3305373191833496, 2.328683376312256, 2.32838773727417], [2.3300392627716064, 2.323517322540283, 2.321833610534668, 2.3273074626922607, 2.33420729637146, 2.337233304977417, 2.321106433868408, 2.3201141357421875, 2.317256450653076, 2.3240978717803955, 2.3335750102996826, 2.3279974460601807, 2.338282823562622, 2.329437494277954, 2.3196990489959717, 2.3350226879119873, 2.331552743911743, 2.3255650997161865, 2.3234293460845947, 2.3271918296813965], [2.3255977630615234, 2.328366756439209, 2.3204565048217773, 2.3297648429870605, 2.3117785453796387, 2.3195741176605225, 2.320451498031616, 2.320953845977783, 2.3327605724334717, 2.3293561935424805, 2.3169310092926025, 2.3165905475616455, 2.333956718444824, 2.317509889602661, 2.3297441005706787, 2.3253471851348877, 2.326115846633911, 2.323455572128296, 2.328868865966797, 2.3214991092681885], [2.3213369846343994, 2.3319242000579834, 2.32527494430542, 2.3429148197174072, 2.3426387310028076, 2.3330657482147217, 2.311398983001709, 2.356365203857422, 2.3458714485168457, 2.4456965923309326, 2.3169095516204834, 2.318962335586548, 2.3114013671875, 2.339632749557495, 2.3261451721191406, 2.3402838706970215, 2.3366987705230713, 2.3280766010284424, 2.331139326095581, 2.313769817352295], [2.324404239654541, 2.321279287338257, 2.3242762088775635, 2.334394693374634, 2.321302652359009, 2.324997663497925, 2.318528175354004, 2.3259189128875732, 2.32710599899292, 2.3399064540863037, 2.3373215198516846, 2.315429210662842, 2.3274853229522705, 2.319153308868408, 2.324735403060913, 2.325132131576538, 2.328701972961426, 2.3280670642852783, 2.333908796310425, 2.3247878551483154], [2.328998327255249, 2.3347649574279785, 2.327568769454956, 2.333998918533325, 2.3246586322784424, 2.3238284587860107, 2.3205137252807617, 2.3204379081726074, 2.3259317874908447, 2.321434259414673, 2.330469846725464, 2.328859329223633, 2.319735288619995, 2.328687906265259, 2.322316884994507, 2.316891670227051, 2.319878339767456, 2.3310205936431885, 2.325767993927002, 2.3279213905334473], [2.3218891620635986, 2.3367254734039307, 2.331463098526001, 2.3304922580718994, 2.330631732940674, 2.322984218597412, 2.3292973041534424, 2.322218894958496, 2.3309662342071533, 2.3376410007476807, 2.3320729732513428, 2.3292691707611084, 2.32493257522583, 2.3270699977874756, 2.3285579681396484, 2.3333775997161865, 2.3128178119659424, 2.333176612854004, 2.3283307552337646, 2.322068214416504], [2.327802896499634, 2.3295953273773193, 2.320019483566284, 2.311246871948242, 2.3374242782592773, 2.313453197479248, 2.341240644454956, 2.3249282836914062, 2.315272331237793, 2.3260912895202637, 2.333148241043091, 2.3281962871551514, 2.321183204650879, 2.3293771743774414, 2.327516555786133, 2.3311054706573486, 2.3209588527679443, 2.3274998664855957, 2.3283584117889404, 2.325267791748047], [2.3106300830841064, 2.3245689868927, 2.318356990814209, 2.318096160888672, 2.335887908935547, 2.3306334018707275, 2.3255081176757812, 2.3365819454193115, 2.326240062713623, 2.317336320877075, 2.3253118991851807, 2.3230557441711426, 2.318664312362671, 2.316783905029297, 2.3232734203338623, 2.3309719562530518, 2.323148727416992, 2.3310391902923584, 2.3234667778015137, 2.315422534942627], [2.329653263092041, 2.3221547603607178, 2.3249385356903076, 2.328706979751587, 2.3275558948516846, 2.3148274421691895, 2.3302509784698486, 2.3271288871765137, 2.324723243713379, 2.321221351623535, 2.328564167022705, 2.3274519443511963, 2.3256242275238037, 2.3150885105133057, 2.328641891479492, 2.3272979259490967, 2.329664945602417, 2.328244686126709, 2.329577684402466, 2.3269965648651123]]}, "time": 423.50465227104723, "L": 500.1, "dp_mcmc_step_size": 1e-06, "ep_mcmc_step_size": 0.01, "num_rounds": 50, "num_mcmc_steps_per_round": 10, "num_chains": 10, "use_gradients": true, "use_stochasticity": false, "repair": true, "predict": true, "quench_rounds": 20, "tempering_schedule": null}