{"case": "case14", "dispatch": {"gen": [[1.3769086599349976, 0.20896846055984497, 0.9466451406478882, 0.43538597226142883, 0.9774845242500305], [1.0247340202331543, 1.0267516374588013, 1.0256140232086182, 1.0291012525558472, 1.0123335123062134]], "load": [[-0.21700787544250488, -0.8381925225257874, -0.35818612575531006, -0.06927493214607239, -0.09755074977874756, -0.2104388028383255, -0.06787355244159698, -0.024793585762381554, -0.05378376320004463, -0.1306777000427246, -0.12725040316581726], [-0.0949382334947586, -0.1444372534751892, 0.02850225195288658, -0.010724504478275776, -0.05828423425555229, -0.1287137269973755, -0.05686837434768677, -0.014136360026896, -0.012899359688162804, -0.05146338790655136, -0.047667279839515686]]}, "network_state": {"line_states": [[3.7720422744750977, 2.466582775115967, 4.556554317474365, 2.3080172538757324, 1.8435148000717163, 2.1375324726104736, 4.030404567718506, 2.4510498046875, 2.9523675441741943, 2.2131869792938232, 3.54827880859375, 1.2696360349655151, 3.020676374435425, 0.9486321210861206, 2.968783140182495, 2.3268680572509766, 0.7322649955749512, 2.4756715297698975, 1.355812668800354, 2.68395733833313], [2.3366754055023193, 3.333205223083496, -0.038678430020809174, 2.2406651973724365, 2.8524041175842285, 1.956496238708496, 1.5929104089736938, 2.1264917850494385, 1.6586843729019165, 2.0437819957733154, 1.6850619316101074, 1.9976847171783447, 4.542769432067871, 2.206312417984009, 1.6207406520843506, 1.422212839126587, 1.9656788110733032, 2.274573802947998, 2.2556841373443604, 2.3793044090270996], [1.4774842262268066, 2.067598342895508, 2.5048723220825195, 2.2952489852905273, 1.7408146858215332, 3.125023126602173, 2.0116899013519287, 3.1845197677612305, 4.126563549041748, 3.026162624359131, 1.6510854959487915, 2.056241273880005, 1.9425674676895142, 2.4394543170928955, 1.317138671875, 2.5049972534179688, 1.6991382837295532, 1.3584041595458984, 2.4893722534179688, 2.4684317111968994], [1.3988630771636963, 1.4317071437835693, 1.5202757120132446, 0.94378662109375, 2.668278694152832, 3.1577095985412598, 1.2419873476028442, 1.6147634983062744, 0.027033373713493347, 2.817779064178467, 3.068565607070923, 2.520146131515503, 1.8399370908737183, 1.3298513889312744, 1.9387434720993042, 2.2781405448913574, 3.162363052368164, 2.994154930114746, 1.4686729907989502, 2.1177892684936523], [1.1499731540679932, 3.74709415435791, 1.5917823314666748, 3.0485925674438477, 4.2880859375, 3.0840535163879395, 2.3091087341308594, 0.5146403312683105, 2.837885856628418, -0.4595022201538086, 3.6950061321258545, 2.2351856231689453, 3.0165963172912598, 2.14486026763916, 3.2835025787353516, 2.0249507427215576, 5.585525989532471, 2.4823713302612305, 3.212963581085205, 1.5887782573699951], [2.6900575160980225, 1.7873128652572632, 3.1852540969848633, 1.7275513410568237, 2.530834674835205, 3.488046884536743, 2.4928650856018066, -0.05904872715473175, 3.013427257537842, 1.7922276258468628, -0.08539265394210815, 1.7878572940826416, 1.7058571577072144, 3.376622200012207, 1.8677953481674194, 1.1516982316970825, 1.415389895439148, 3.623074769973755, 3.0423293113708496, 2.1156904697418213], [-0.4479597210884094, 1.594714641571045, 3.2464115619659424, 2.746323823928833, 1.997403621673584, 3.4278478622436523, 2.4135141372680664, 3.4982028007507324, 2.3025519847869873, 3.0783467292785645, 3.8594655990600586, 2.5736987590789795, 2.1629037857055664, 1.6937870979309082, 2.4779481887817383, 0.21766574680805206, 2.575774908065796, 1.7417700290679932, -0.03541399538516998, 2.4270741939544678], [2.1153275966644287, 2.338963031768799, 2.4819936752319336, 2.251777172088623, 2.0057756900787354, 3.4874815940856934, 3.757666826248169, 1.5367865562438965, 3.298774003982544, 2.5796897411346436, 3.1982734203338623, 2.4139366149902344, 2.465088129043579, 4.473962306976318, 3.395348072052002, 3.0179357528686523, 0.7262829542160034, 2.1532013416290283, 0.9578291177749634, 0.8268066048622131], [1.7680153846740723, 3.3898420333862305, 2.438744068145752, 1.6882635354995728, 2.694741725921631, 1.8666629791259766, 2.762563705444336, 3.086575984954834, 1.4086320400238037, 1.811923861503601, 0.10456725209951401, 4.03115701675415, 3.3335533142089844, 2.774299383163452, 3.0223581790924072, 3.1674792766571045, 2.0875165462493896, 3.4465692043304443, 2.5576272010803223, 1.8243813514709473], [4.309417724609375, 2.270510673522949, 3.0903570652008057, 3.0405285358428955, 2.0336496829986572, 4.593929767608643, 2.0066943168640137, 2.676126718521118, 2.4727654457092285, 1.3366619348526, 1.5388234853744507, -0.5484999418258667, 2.683155059814453, -0.022831276059150696, 2.606476306915283, 2.3709537982940674, 2.5874156951904297, 2.172384023666382, 2.7116618156433105, 4.567169666290283]]}, "time": 423.57160411123186, "L": 500.1, "dp_mcmc_step_size": 1e-06, "ep_mcmc_step_size": 0.01, "num_rounds": 50, "num_mcmc_steps_per_round": 10, "num_chains": 10, "use_gradients": false, "use_stochasticity": true, "repair": true, "predict": true, "quench_rounds": 0, "tempering_schedule": null}