{"case": "case14", "dispatch": {"gen": [[0.05514349415898323, 0.4152456223964691, 0.7910881042480469, 0.8441101312637329, 0.8855723142623901], [0.9784820675849915, 0.9857297539710999, 1.0035134553909302, 1.0041412115097046, 1.005126714706421]], "load": [[-0.200293630361557, -0.8668462634086609, -0.39081135392189026, -0.06607237458229065, -0.0919010192155838, -0.2291700392961502, -0.074251189827919, -0.030060378834605217, -0.04776790365576744, -0.11311060935258865, -0.11943541467189789], [-0.11077553778886795, -0.1658330112695694, 0.036432210355997086, -0.014743235893547535, -0.06715817749500275, -0.1608974188566208, -0.04295365884900093, -0.016706714406609535, -0.012011738494038582, -0.05577687919139862, -0.04844525456428528]]}, "network_state": {"line_states": [[2.3998191356658936, 2.4326212406158447, 2.4705417156219482, 2.355146646499634, 2.3682029247283936, 2.423823595046997, 2.2947163581848145, 2.226433277130127, 2.3501126766204834, 2.2958877086639404, 2.246244430541992, 2.2258079051971436, 2.4590296745300293, 2.3829071521759033, 2.4103684425354004, 2.1224451065063477, 2.3985214233398438, 2.302424907684326, 2.440338373184204, 2.301908016204834], [2.1982765197753906, 2.1761374473571777, 2.202636241912842, 2.302652359008789, 2.4292986392974854, 2.33247971534729, 2.331794023513794, 2.3012750148773193, 2.2820708751678467, 2.234123468399048, 2.3983805179595947, 2.404477834701538, 2.424622058868408, 2.3711910247802734, 2.323744535446167, 2.4498133659362793, 2.2548725605010986, 2.2988762855529785, 2.3879201412200928, 2.323822259902954], [2.1203830242156982, 2.397736072540283, 2.3287322521209717, 2.343964099884033, 2.20680832862854, 2.4313881397247314, 2.185978889465332, 2.3104944229125977, 2.349520444869995, 2.443300247192383, 2.2756459712982178, 2.2017180919647217, 2.349224090576172, 2.346203327178955, 2.481034755706787, 2.337160587310791, 2.430593252182007, 2.2358992099761963, 2.2799160480499268, 2.384725570678711], [2.2176129817962646, 2.1770551204681396, 2.2530717849731445, 2.236579179763794, 2.328503131866455, 2.4325809478759766, 2.336508274078369, 2.2771172523498535, 2.255274534225464, 2.331156015396118, 2.355745315551758, 2.2630362510681152, 2.197345495223999, 2.307828426361084, 2.1488170623779297, 2.3976266384124756, 2.279783248901367, 2.294304370880127, 2.3625359535217285, 2.5246872901916504], [2.2968366146087646, 2.33432936668396, 2.3148205280303955, 2.4849495887756348, 2.3041958808898926, 2.1941866874694824, 2.495718479156494, 2.533381700515747, 2.4045002460479736, 2.3960742950439453, 2.2752044200897217, 2.2010574340820312, 2.3446896076202393, 2.285043478012085, 2.2738122940063477, 2.266475200653076, 2.4924559593200684, 2.382763385772705, 2.392516851425171, 2.2174181938171387], [2.4803338050842285, 2.3569223880767822, 2.462451457977295, 2.3424761295318604, 2.338876724243164, 2.3000905513763428, 2.1938858032226562, 2.284857749938965, 2.337887763977051, 2.3464925289154053, 2.2658281326293945, 2.3480875492095947, 2.3599863052368164, 2.319779872894287, 2.3079452514648438, 2.2985939979553223, 2.2508442401885986, 2.3956706523895264, 2.327808141708374, 2.4407308101654053], [2.1894547939300537, 2.366610050201416, 2.286834955215454, 2.4830963611602783, 2.325965404510498, 2.328850746154785, 2.234449863433838, 2.2578682899475098, 2.2754976749420166, 2.3947348594665527, 2.326233148574829, 2.28371524810791, 2.448784589767456, 2.1993165016174316, 2.3615264892578125, 2.327387809753418, 2.408334255218506, 2.333577871322632, 2.3140830993652344, 2.4471094608306885], [2.3646934032440186, 2.3145194053649902, 2.3877265453338623, 2.195732355117798, 2.368446111679077, 2.298332691192627, 2.326918840408325, 2.3242032527923584, 2.449803352355957, 2.273106813430786, 2.383723258972168, 2.229982614517212, 2.3608148097991943, 2.3651065826416016, 2.4299745559692383, 2.486799716949463, 2.481633186340332, 2.291685104370117, 2.290480852127075, 2.3842756748199463], [2.280841827392578, 2.3786909580230713, 2.3951656818389893, 2.377161979675293, 2.1872403621673584, 2.458644151687622, 2.316932439804077, 2.3432822227478027, 2.3433780670166016, 2.318732976913452, 2.41036319732666, 2.2656185626983643, 2.1319639682769775, 2.299262285232544, 2.3042385578155518, 2.1227877140045166, 2.3264811038970947, 2.3907973766326904, 2.1779913902282715, 2.341427803039551], [2.2805535793304443, 2.234711170196533, 2.287658929824829, 2.307559013366699, 2.2924110889434814, 2.453994035720825, 2.2470593452453613, 2.2815003395080566, 2.1881015300750732, 2.373720407485962, 2.394666910171509, 2.3030567169189453, 2.192323684692383, 2.2306160926818848, 2.2968690395355225, 2.319676160812378, 2.303952693939209, 2.4587278366088867, 2.5059444904327393, 2.29622483253479]]}, "time": 229.66480181645602, "L": 500.1, "dp_mcmc_step_size": 1e-06, "ep_mcmc_step_size": 0.01, "num_rounds": 50, "num_mcmc_steps_per_round": 10, "num_chains": 10, "use_gradients": true, "use_stochasticity": true, "repair": true, "predict": true, "quench_rounds": 25, "tempering_schedule": [0.0, 0.18460416793823242, 0.33512967824935913, 0.45786750316619873, 0.5579474568367004, 0.6395522356033325, 0.706092357635498, 0.760348916053772, 0.8045895099639893, 0.8406631350517273, 0.87007737159729, 0.8940616250038147, 0.9136183261871338, 0.9295647144317627, 0.9425673484802246, 0.9531697034835815, 0.9618147611618042, 0.9688639044761658, 0.974611759185791, 0.9792985320091248, 0.9831201434135437, 0.9862362146377563, 0.9887770414352417, 0.9908488392829895, 0.9925382137298584, 0.9939156770706177, 0.9950388669967651, 0.995954692363739, 0.9967014789581299, 0.9973104000091553, 0.9978069067001343, 0.9982118010520935, 0.9985418915748596, 0.9988110661506653, 0.9990305304527283, 0.9992095232009888, 0.9993554353713989, 0.9994744062423706, 0.9995714426040649, 0.9996505379676819, 0.9997150897979736, 0.9997676610946655, 0.9998105764389038, 0.9998455047607422, 0.9998740553855896, 0.999897301197052, 0.9999162554740906, 0.9999316930770874, 0.9999443292617798, 0.9999545812606812]}