{"case": "case14", "dispatch": {"gen": [[1.5292842388153076, 0.6576966643333435, 0.2273743748664856, 0.2805646061897278, 0.7018645405769348], [0.9793745279312134, 0.96712327003479, 0.971872091293335, 1.041171669960022, 1.0286778211593628]], "load": [[-0.1680416762828827, -0.9343703389167786, -0.390474796295166, -0.07167211920022964, -0.0829044058918953, -0.27045926451683044, -0.07511422783136368, -0.022778745740652084, -0.05041678622364998, -0.10170731693506241, -0.11927810311317444], [-0.11700385808944702, -0.1405009627342224, 0.04927938058972359, -0.0072968266904354095, -0.052480507642030716, -0.13462774455547333, -0.052061550319194794, -0.027697384357452393, -0.013778772205114365, -0.042825307697057724, -0.03756701946258545]]}, "network_state": {"line_states": [[3.8909358978271484, 3.789297580718994, 2.1737964153289795, 1.877157211303711, 2.167781352996826, 1.7727004289627075, 0.5688909292221069, 2.5443480014801025, 2.6001744270324707, 3.1768479347229004, 3.0550894737243652, 0.5237591862678528, 3.322693347930908, 1.7783535718917847, 2.8640103340148926, 1.270882248878479, 3.016960859298706, 2.9332785606384277, 2.669281244277954, 2.6195294857025146], [2.841433048248291, 1.9013352394104004, 1.6788800954818726, 2.4688451290130615, 3.454029083251953, 3.874234676361084, 1.5647727251052856, 1.3766528367996216, 0.9732386469841003, 1.8733947277069092, 3.3700833320617676, 2.5674283504486084, 4.043450832366943, 2.79089617729187, 1.3707436323165894, 3.5743541717529297, 3.0808608531951904, 2.2154862880706787, 1.902052402496338, 2.431729555130005], [2.1959023475646973, 2.6183667182922363, 1.4712584018707275, 2.8191709518432617, 0.13222964107990265, 1.2948247194290161, 1.4478009939193726, 1.493918538093567, 3.256366729736328, 2.708181381225586, 0.9529430866241455, 0.9139356017112732, 3.421121597290039, 0.99592524766922, 2.820661783218384, 2.189305305480957, 2.292372941970825, 1.8958663940429688, 2.7089006900787354, 1.633533000946045], [1.1797845363616943, 2.822599411010742, 2.223980665206909, 3.3072001934051514, 2.5626256465911865, 1.3833093643188477, -0.18245814740657806, 3.2219977378845215, 3.0425033569335938, 3.9903435707092285, 1.9024028778076172, 1.2142215967178345, 0.7672507762908936, 2.982802152633667, 2.3755555152893066, 3.6689438819885254, 2.3061771392822266, 2.8052940368652344, 3.0887362957000732, 1.0152524709701538], [2.039321184158325, 1.5830979347229004, 1.9936165809631348, 3.497680187225342, 1.5878288745880127, 2.115783214569092, 1.1921393871307373, 2.253666639328003, 2.4397082328796387, 4.2787370681762695, 3.925243377685547, 0.7374568581581116, 2.4776456356048584, 1.269128441810608, 2.0949206352233887, 2.159336805343628, 2.680166006088257, 2.579493284225464, 3.422980308532715, 2.1048669815063477], [2.7027320861816406, 3.5555362701416016, 2.5114266872406006, 3.419718027114868, 2.082029342651367, 1.9463173151016235, 1.4784772396087646, 1.4295676946640015, 2.2516603469848633, 1.4839352369308472, 2.9276556968688965, 2.6805198192596436, 1.3716416358947754, 2.6645264625549316, 1.742210030555725, 0.9531325697898865, 1.3789522647857666, 2.997516393661499, 2.239631414413452, 2.543696641921997], [1.6879535913467407, 3.8226778507232666, 3.0854554176330566, 2.905287981033325, 2.9443471431732178, 1.8139872550964355, 2.7548325061798096, 1.7002743482589722, 2.9788124561309814, 3.9459352493286133, 3.1512184143066406, 2.755366086959839, 2.1274571418762207, 2.400979518890381, 2.633805990219116, 3.335812568664551, 0.2778259813785553, 3.3031818866729736, 2.618741035461426, 1.7125874757766724], [2.5497753620147705, 2.811328172683716, 1.405922770500183, 0.08647042512893677, 3.9380574226379395, 0.41260626912117004, 4.490442752838135, 2.1280438899993896, 0.6921690106391907, 2.220005750656128, 3.303187847137451, 2.587817668914795, 1.5975706577301025, 2.7666635513305664, 2.5126471519470215, 2.9982097148895264, 1.5536366701126099, 2.4972710609436035, 2.6309010982513428, 2.1651551723480225], [0.5451131463050842, 2.0452749729156494, 1.1657880544662476, 1.1262835264205933, 3.6958982944488525, 2.9657914638519287, 2.2135825157165527, 3.7861766815185547, 2.294179916381836, 0.7988482117652893, 2.1829795837402344, 1.8532670736312866, 1.1983048915863037, 0.9092337489128113, 1.872898817062378, 2.989670515060425, 1.8794519901275635, 3.0065855979919434, 1.9105745553970337, 0.750872790813446], [2.789263963699341, 1.7283116579055786, 2.124704122543335, 2.6698880195617676, 2.4853477478027344, 0.6071043610572815, 2.8946709632873535, 2.4199705123901367, 2.0839810371398926, 1.5062787532806396, 2.640859842300415, 2.492591381072998, 2.223155975341797, 0.6428244709968567, 2.6537468433380127, 2.4637155532836914, 2.804486036300659, 2.601149082183838, 2.799645185470581, 2.418015241622925]]}, "time": 415.2930360259488, "L": 500.1, "dp_mcmc_step_size": 1e-06, "ep_mcmc_step_size": 0.01, "num_rounds": 50, "num_mcmc_steps_per_round": 10, "num_chains": 10, "use_gradients": true, "use_stochasticity": true, "repair": true, "predict": true, "quench_rounds": 20, "tempering_schedule": null}