{"case": "case14", "dispatch": {"gen": [[0.04466447979211807, 0.41031694412231445, 0.7996838688850403, 0.8359575271606445, 0.8852812647819519], [0.985076367855072, 0.9920262098312378, 1.011981725692749, 1.0113918781280518, 1.003251552581787]], "load": [[-0.1916312575340271, -0.856134295463562, -0.3810626268386841, -0.06859473884105682, -0.09646507352590561, -0.23838450014591217, -0.06926383823156357, -0.03262271359562874, -0.052794069051742554, -0.1164960041642189, -0.12276753783226013], [-0.11202497780323029, -0.15366223454475403, 0.03497617691755295, -0.013395058922469616, -0.06535952538251877, -0.16038870811462402, -0.042811423540115356, -0.014001904055476189, -0.012421349063515663, -0.051446471363306046, -0.048331256955862045]]}, "network_state": {"line_states": [[2.395756244659424, 2.4490745067596436, 2.4720282554626465, 2.3536531925201416, 2.381143093109131, 2.43135929107666, 2.2915198802948, 2.2014920711517334, 2.3499019145965576, 2.2893993854522705, 2.2262260913848877, 2.231562614440918, 2.4754862785339355, 2.390087604522705, 2.4181771278381348, 2.1343703269958496, 2.393874406814575, 2.2986373901367188, 2.446704626083374, 2.296421766281128], [2.1876749992370605, 2.1648664474487305, 2.2184815406799316, 2.332721710205078, 2.43422269821167, 2.3508048057556152, 2.331664562225342, 2.308202028274536, 2.2528085708618164, 2.236466407775879, 2.388932228088379, 2.4193837642669678, 2.4133572578430176, 2.381204843521118, 2.3194947242736816, 2.463391065597534, 2.260057210922241, 2.320974111557007, 2.376042604446411, 2.328110456466675], [2.140753984451294, 2.3917784690856934, 2.318114995956421, 2.359407424926758, 2.214183807373047, 2.449556827545166, 2.1859447956085205, 2.2969841957092285, 2.3452682495117188, 2.439439296722412, 2.2848548889160156, 2.186164140701294, 2.362333059310913, 2.345768451690674, 2.4717631340026855, 2.3511478900909424, 2.4027884006500244, 2.2226572036743164, 2.3009884357452393, 2.401632070541382], [2.2281646728515625, 2.17556095123291, 2.2562930583953857, 2.230976104736328, 2.3224289417266846, 2.4258956909179688, 2.336665391921997, 2.275306224822998, 2.256605625152588, 2.3319249153137207, 2.354003667831421, 2.266005039215088, 2.1989550590515137, 2.298858404159546, 2.1467056274414062, 2.398674726486206, 2.27189302444458, 2.2984619140625, 2.3680315017700195, 2.5212581157684326], [2.2944140434265137, 2.335756778717041, 2.3143255710601807, 2.488694667816162, 2.3134779930114746, 2.202623128890991, 2.495736598968506, 2.538456439971924, 2.4098000526428223, 2.444457769393921, 2.271523952484131, 2.2014026641845703, 2.3430867195129395, 2.2860448360443115, 2.2737174034118652, 2.269859790802002, 2.495630979537964, 2.382305860519409, 2.39237904548645, 2.215421199798584], [2.4804465770721436, 2.357013702392578, 2.4624667167663574, 2.3422741889953613, 2.3387739658355713, 2.301079750061035, 2.1940362453460693, 2.283862352371216, 2.3379125595092773, 2.346475839614868, 2.2658915519714355, 2.348086357116699, 2.359984874725342, 2.3199350833892822, 2.3079843521118164, 2.298598289489746, 2.2505455017089844, 2.3956708908081055, 2.327810049057007, 2.440732479095459], [2.213067054748535, 2.3738107681274414, 2.284853219985962, 2.4744155406951904, 2.3275084495544434, 2.3324875831604004, 2.2257344722747803, 2.260953426361084, 2.269026041030884, 2.4017252922058105, 2.319020986557007, 2.2739129066467285, 2.45693302154541, 2.2071640491485596, 2.3551597595214844, 2.3435285091400146, 2.395853042602539, 2.339298963546753, 2.3084611892700195, 2.4462947845458984], [2.3629493713378906, 2.3141183853149414, 2.3877463340759277, 2.194418430328369, 2.368328332901001, 2.2981884479522705, 2.326902389526367, 2.324390172958374, 2.4498162269592285, 2.274442434310913, 2.383723258972168, 2.2299957275390625, 2.360943555831909, 2.3651108741760254, 2.429969072341919, 2.4867982864379883, 2.481627941131592, 2.291694402694702, 2.290480852127075, 2.384275436401367], [2.2804133892059326, 2.381582021713257, 2.394904613494873, 2.3777947425842285, 2.1857380867004395, 2.461061477661133, 2.315826892852783, 2.3456993103027344, 2.3444437980651855, 2.3119869232177734, 2.41121768951416, 2.267517566680908, 2.131840705871582, 2.2984018325805664, 2.3063864707946777, 2.121528148651123, 2.3210537433624268, 2.3905797004699707, 2.1811580657958984, 2.3404934406280518], [2.2958104610443115, 2.215561628341675, 2.297349214553833, 2.3181560039520264, 2.305479049682617, 2.4725863933563232, 2.257821798324585, 2.2667391300201416, 2.2078206539154053, 2.3463892936706543, 2.4125006198883057, 2.303718328475952, 2.1848504543304443, 2.2197749614715576, 2.315519332885742, 2.3443706035614014, 2.3125596046447754, 2.4646668434143066, 2.4784836769104004, 2.28489351272583]]}, "time": 427.66381940897554, "L": 500.1, "dp_mcmc_step_size": 1e-06, "ep_mcmc_step_size": 0.01, "num_rounds": 50, "num_mcmc_steps_per_round": 10, "num_chains": 10, "use_gradients": true, "use_stochasticity": true, "repair": true, "predict": true, "quench_rounds": 25, "tempering_schedule": null}