{"trajs": {"trajectories": [[[-0.7577933073043823, -1.2039076089859009], [0.5405809283256531, -1.4950602054595947], [0.9246193170547485, 0.8488742709159851]], [[-0.7637627124786377, -0.5575258135795593], [0.7630103230476379, -0.42538973689079285], [0.9245789051055908, -1.408017635345459]], [[-0.7607578635215759, -0.9319128394126892], [0.7740296125411987, 0.31084299087524414], [0.9246078729629517, 0.07698246091604233]], [[-0.757286012172699, -0.4859483242034912], [0.7830471992492676, -1.4508289098739624], [0.9246641397476196, -0.20054802298545837]], [[-0.7408774495124817, -0.04700178653001785], [0.1642870455980301, -0.13333798944950104], [0.9246218800544739, -0.9425941705703735]], [[-0.7278470993041992, 0.3998316526412964], [0.3096904456615448, -1.1566696166992188], [0.9246435761451721, -0.6153826117515564]], [[-0.7508927583694458, 0.11105959117412567], [0.7772533893585205, 0.8103309273719788], [0.9246042966842651, 0.4955236613750458]], [[-0.7398717403411865, 0.6129930019378662], [0.2998119592666626, -1.2532482147216797], [0.924530565738678, 1.5721848011016846]], [[-0.7568641304969788, 1.2446987628936768], [0.6522362232208252, -1.1594457626342773], [0.9245998859405518, 1.0382739305496216]], [[-0.7607993483543396, 0.864212155342102], [0.7574076056480408, 1.1534311771392822], [0.9246492385864258, -0.7785475254058838]]]}, "best_eps_idx": 9, "time": 17317.213272810914, "n": 10, "T": 3, "width": 3.2, "height": 5.0, "R": 0.5, "max_wind_thrust": 0.5, "duration": 30.0, "dp_mcmc_step_size": 0.001, "ep_mcmc_step_size": 0.001, "num_rounds": 50, "num_mcmc_steps_per_round": 50, "num_chains": 10, "use_gradients": true, "use_stochasticity": false, "repair": true, "predict": true, "quench_rounds": 20, "tempering_schedule": null}