{"trajs": {"trajectories": [[[-0.3183128535747528, 0.43789923191070557], [-0.10560864210128784, -0.6712703108787537], [0.9249095916748047, -0.33722415566444397]], [[-0.05684369057416916, -0.2347213327884674], [-0.5186288356781006, -1.4363349676132202], [0.7107751965522766, -0.5114566683769226]], [[-0.3620677590370178, -1.0941282510757446], [0.7982369065284729, 1.6308894157409668], [0.41604867577552795, 0.4157382547855377]], [[-0.3188149929046631, -0.6525228023529053], [0.2591785788536072, -1.0226428508758545], [0.7455118298530579, 0.9082627892494202]], [[-0.25948992371559143, -0.0846807211637497], [-0.6435242295265198, 0.8529360294342041], [0.5520882606506348, 0.021291162818670273]], [[-0.3711005747318268, -0.887513279914856], [0.41584181785583496, 1.396783709526062], [0.5902684330940247, -0.42201828956604004]], [[-0.29353803396224976, -0.25510045886039734], [0.2621593475341797, -0.918124794960022], [0.9307003617286682, -0.6897635459899902]], [[-0.031824301928281784, 0.41779717803001404], [-0.29754510521888733, 0.6188677549362183], [0.8920894265174866, -0.8541855812072754]], [[-0.2203291654586792, 0.18318787217140198], [-0.5363602638244629, 1.1125731468200684], [0.04964504763484001, 0.5514233708381653]], [[0.06633677333593369, -0.6510363817214966], [-0.5421555042266846, -0.500501275062561], [0.9302220940589905, 1.3395739793777466]]]}, "best_eps_idx": 8, "time": 16568.129829163663, "n": 10, "T": 3, "width": 3.2, "height": 5.0, "R": 0.5, "max_wind_thrust": 0.5, "duration": 30.0, "dp_mcmc_step_size": 0.001, "ep_mcmc_step_size": 0.001, "num_rounds": 50, "num_mcmc_steps_per_round": 50, "num_chains": 10, "use_gradients": true, "use_stochasticity": true, "repair": true, "predict": true, "quench_rounds": 20, "tempering_schedule": null}