{"trajs": {"trajectories": [[[-0.9660575985908508, -1.8689019680023193], [0.6634624600410461, -1.4317920207977295], [0.8631629347801208, 1.685827374458313]], [[-0.9782043099403381, -1.55795419216156], [0.920297384262085, -0.8417795300483704], [0.9027327299118042, -1.0127404928207397]], [[-0.9653875827789307, -1.103183388710022], [0.772971510887146, 0.5593467354774475], [-0.3249037265777588, -0.2196233868598938]], [[-0.957322895526886, -0.6558880805969238], [0.9427593350410461, -1.8491696119308472], [-0.259031742811203, 1.0703659057617188]], [[-0.9629965424537659, -0.21874168515205383], [0.04892575368285179, 0.1531212031841278], [0.8204843997955322, -0.7157301902770996]], [[-0.9589773416519165, 0.23357124626636505], [0.2701219320297241, -1.5561290979385376], [-0.011848644353449345, -0.5996684432029724]], [[-0.9691962003707886, 0.656078040599823], [0.9395851492881775, 1.3181451559066772], [-0.21758003532886505, 1.4394721984863281]], [[-0.9470338225364685, 1.0830235481262207], [0.09906584024429321, -1.122652530670166], [-0.8443989753723145, 0.29998964071273804]], [[-0.9404845237731934, 1.5654555559158325], [0.6248565316200256, -1.6129263639450073], [0.3532240092754364, 1.7366869449615479]], [[-0.9679954648017883, 1.8636229038238525], [0.8211237192153931, 1.4961295127868652], [0.6036781072616577, -1.7455979585647583]]]}, "best_eps_idx": 4, "time": 28078.08815549966, "n": 10, "T": 3, "width": 3.2, "height": 5.0, "R": 0.5, "max_wind_thrust": 0.5, "duration": 30.0, "dp_mcmc_step_size": 0.001, "ep_mcmc_step_size": 0.001, "num_rounds": 50, "num_mcmc_steps_per_round": 50, "num_chains": 10, "use_gradients": true, "use_stochasticity": true, "repair": true, "predict": true, "quench_rounds": 20, "tempering_schedule": null}