{"trajs": {"trajectories": [[[-1.1186665296554565, -0.5149656534194946], [0.32743874192237854, -0.2957064211368561], [1.0231249332427979, -0.8502180576324463]], [[-1.394311785697937, -0.16680669784545898], [0.16522222757339478, -0.06890259683132172], [1.0366867780685425, -0.3065205216407776]], [[-1.4488818645477295, 0.2775426208972931], [0.1029752790927887, 0.3758077323436737], [1.3826106786727905, 0.15004447102546692]], [[-1.394473671913147, 0.7443316578865051], [-0.2634546756744385, 0.8371661305427551], [0.9221588969230652, 0.2518325448036194]], [[-1.2025490999221802, 1.1327325105667114], [0.32240235805511475, 0.6785501837730408], [1.272971510887146, 0.6526200771331787]]]}, "best_eps_idx": 4, "time": 987.4081092970446, "n": 5, "T": 3, "width": 3.2, "height": 3.0, "R": 0.5, "max_wind_thrust": 1.0, "duration": 30.0, "dp_mcmc_step_size": 0.0001, "ep_mcmc_step_size": 0.0001, "num_rounds": 50, "num_mcmc_steps_per_round": 50, "num_chains": 5, "use_gradients": true, "use_stochasticity": true, "repair": true, "predict": true, "quench_rounds": 20, "tempering_schedule": [0.0, 0.09700727462768555, 0.18460416793823242, 0.2637035846710205, 0.33512967824935913, 0.3996269702911377, 0.45786750316619873, 0.5104583501815796, 0.5579474568367004, 0.6008298397064209, 0.6395522356033325, 0.6745182275772095, 0.706092357635498, 0.7346035242080688, 0.760348916053772, 0.7835968732833862, 0.8045895099639893, 0.8235457539558411, 0.8406631350517273, 0.8561199903488159, 0.87007737159729, 0.8826808333396912, 0.8940616250038147, 0.9043384194374084, 0.9136183261871338, 0.9219979643821716, 0.9295647144317627, 0.9363974332809448, 0.9425673484802246, 0.9481387734413147, 0.9531697034835815, 0.9577125310897827, 0.9618147611618042, 0.9655190110206604, 0.9688639044761658, 0.9718843102455139, 0.974611759185791, 0.9770746231079102, 0.9792985320091248, 0.9813067317008972, 0.9831201434135437, 0.9847576022148132, 0.9862362146377563, 0.9875714182853699, 0.9887770414352417, 0.989865779876709, 0.9908488392829895, 0.9917365908622742, 0.9925382137298584, 0.9932620525360107]}