{"trajs": {"trajectories": [[[-0.8358462452888489, -0.7357276082038879], [-0.17407655715942383, 0.3589295744895935], [0.8726312518119812, -0.5247184634208679]], [[-0.8358942866325378, -0.4964003562927246], [0.31376996636390686, 0.059999603778123856], [0.7013943791389465, -0.13429100811481476]], [[-0.8358472585678101, -0.0002673011622391641], [0.8294209837913513, 0.6029913425445557], [0.45219725370407104, 0.24016542732715607]], [[-0.835843563079834, 0.4965803921222687], [0.057989366352558136, -0.7373294234275818], [0.4322185516357422, 0.464612752199173]], [[-0.8358775973320007, 0.7356768250465393], [0.28156572580337524, -0.06218366697430611], [0.7825925946235657, 0.5855899453163147]]]}, "best_eps_idx": 2, "time": 1195.5812616739422, "n": 5, "T": 3, "width": 3.2, "height": 3.0, "R": 0.5, "max_wind_thrust": 0.5, "duration": 30.0, "dp_mcmc_step_size": 0.001, "ep_mcmc_step_size": 0.001, "num_rounds": 100, "num_mcmc_steps_per_round": 5, "num_chains": 5, "use_gradients": true, "use_stochasticity": false, "repair": true, "predict": true, "quench_rounds": 20, "tempering_schedule": null}