{"trajs": {"trajectories": [[[-0.3009609580039978, 0.24520495533943176], [-0.5321407318115234, -0.37959980964660645], [0.7451174259185791, -0.023810751736164093]], [[-0.56613689661026, 0.5413318276405334], [-0.570405900478363, 0.681553304195404], [0.4690943658351898, -0.505992591381073]], [[-0.3483055830001831, 0.3924414813518524], [0.6828902363777161, 0.009558521211147308], [-0.05681091174483299, -0.6916999816894531]], [[-0.670281708240509, 0.549664318561554], [-0.40658554434776306, 0.3273409903049469], [0.48022279143333435, 0.08633985370397568]], [[-0.3872411251068115, 0.5203122496604919], [0.5405493378639221, 0.6313144564628601], [0.49079546332359314, 0.022994067519903183]]]}, "best_eps_idx": 0, "time": 1211.1322033647448, "n": 5, "T": 3, "width": 3.2, "height": 3.0, "R": 0.5, "max_wind_thrust": 0.5, "duration": 30.0, "dp_mcmc_step_size": 0.001, "ep_mcmc_step_size": 0.001, "num_rounds": 100, "num_mcmc_steps_per_round": 5, "num_chains": 5, "use_gradients": true, "use_stochasticity": true, "repair": true, "predict": true, "quench_rounds": 20, "tempering_schedule": null}