{"trajs": {"trajectories": [[[-1.0635676383972168, -0.7556158304214478], [0.06084641069173813, -0.6947765350341797], [-0.2951078414916992, 0.009190976619720459]], [[-1.166131615638733, -0.38702520728111267], [0.32308730483055115, -0.42911186814308167], [-0.4260777533054352, 0.3983043134212494]], [[-1.090653896331787, 0.08585662394762039], [-0.8695416450500488, 0.11537016183137894], [-0.7701482772827148, 0.583423912525177]], [[-0.9902415871620178, 0.27586621046066284], [-0.3051336109638214, -0.07227262854576111], [-0.7161036133766174, 0.4527263641357422]], [[-1.0083330869674683, 0.7396789193153381], [-0.35655316710472107, -0.08726716041564941], [0.11283788084983826, 0.17107293009757996]]]}, "best_eps_idx": 2, "time": 1211.9622297780588, "n": 5, "T": 3, "width": 3.2, "height": 3.0, "R": 0.5, "max_wind_thrust": 0.5, "duration": 30.0, "dp_mcmc_step_size": 0.001, "ep_mcmc_step_size": 0.001, "num_rounds": 100, "num_mcmc_steps_per_round": 5, "num_chains": 5, "use_gradients": true, "use_stochasticity": true, "repair": true, "predict": true, "quench_rounds": 20, "tempering_schedule": null}