{"trajs": {"trajectories": [[[-0.7002956867218018, -0.608897864818573], [0.3310825824737549, 0.10612639784812927], [1.4065566062927246, -0.5817525386810303]], [[-0.7219281196594238, -0.0646376758813858], [-0.7336636185646057, -0.24252061545848846], [1.1571346521377563, -0.3487773835659027]], [[-0.7336541414260864, 0.3445596694946289], [1.2455041408538818, -0.13741549849510193], [1.3223737478256226, 0.40516898036003113]], [[-1.0689945220947266, 0.3518444001674652], [0.19807380437850952, 0.21609622240066528], [0.9516884088516235, 0.15328079462051392]], [[-1.2918444871902466, 0.7943010926246643], [-0.0835038349032402, 0.4124680161476135], [0.5832472443580627, 0.6012988686561584]]]}, "best_eps_idx": 2, "time": 950.0255936766043, "n": 5, "T": 3, "width": 3.2, "height": 3.0, "R": 0.5, "max_wind_thrust": 1.0, "duration": 30.0, "dp_mcmc_step_size": 0.001, "ep_mcmc_step_size": 0.001, "num_rounds": 50, "num_mcmc_steps_per_round": 50, "num_chains": 5, "use_gradients": false, "use_stochasticity": true, "repair": true, "predict": true, "quench_rounds": 0, "tempering_schedule": null}