{"trajs": {"trajectories": [[[-1.0041385889053345, -1.0045251846313477], [-0.035797908902168274, -1.0914872884750366], [1.0493028163909912, -1.0384190082550049]], [[-0.8469244837760925, -0.555479109287262], [0.0010923987720161676, -0.5862693786621094], [1.3407618999481201, -0.6583151817321777]], [[-1.4799859523773193, -0.3485851287841797], [-0.44061586260795593, -0.5356433391571045], [0.8246524333953857, -0.4665568768978119]], [[-0.38953158259391785, -0.3190825283527374], [0.428453266620636, -0.24224531650543213], [1.4743928909301758, -0.24076206982135773]], [[-1.0451081991195679, -0.15056265890598297], [-0.07242854684591293, -0.08865174651145935], [1.0323209762573242, -0.03558112308382988]], [[-0.380770206451416, 0.20707812905311584], [0.31709298491477966, 0.21443286538124084], [1.4523212909698486, 0.2183864265680313]], [[-0.9149789214134216, 0.2700267732143402], [-0.4243735373020172, 0.42765140533447266], [1.0433554649353027, 0.448197603225708]], [[-1.485772728919983, 0.26931360363960266], [-0.6797227263450623, -0.0685378834605217], [0.5261870622634888, 0.06444919109344482]], [[-0.24448738992214203, 0.5654901266098022], [0.4536314606666565, 1.346866488456726], [0.9097908139228821, 0.9654959440231323]], [[-0.8712068796157837, 0.7685598134994507], [0.27097219228744507, 0.48868459463119507], [1.3920854330062866, 0.752875030040741]]]}, "best_eps_idx": 8, "time": 8864.982720786706, "n": 10, "T": 3, "width": 3.2, "height": 3.0, "R": 0.5, "max_wind_thrust": 0.5, "duration": 30.0, "dp_mcmc_step_size": 0.0001, "ep_mcmc_step_size": 0.0001, "num_rounds": 50, "num_mcmc_steps_per_round": 50, "num_chains": 10, "use_gradients": true, "use_stochasticity": false, "repair": true, "predict": false, "quench_rounds": 20, "tempering_schedule": null}