{"trajs": {"trajectories": [[[-0.9550485610961914, -0.854805588722229], [-0.2642475664615631, 0.4604541063308716], [0.2727750539779663, 0.5403428673744202]], [[-0.9549131989479065, -0.49189114570617676], [-0.1087370440363884, -0.6320275068283081], [0.15458719432353973, 0.10951273888349533]], [[-0.9550518989562988, -9.446965850656852e-05], [-0.8050846457481384, -0.20405596494674683], [-0.22407174110412598, -0.32441750168800354]], [[-0.9547564387321472, 0.4905243515968323], [-0.8880002498626709, -0.06090401113033295], [0.6170095801353455, -0.14699719846248627]], [[-0.955510675907135, 0.8549730777740479], [0.08509545028209686, -0.7730020880699158], [0.651527464389801, -0.5750056505203247]]]}, "best_eps_idx": 1, "time": 827.1664470126852, "n": 5, "T": 3, "width": 3.2, "height": 3.0, "R": 0.5, "max_wind_thrust": 0.5, "duration": 30.0, "dp_mcmc_step_size": 0.0001, "ep_mcmc_step_size": 0.01, "num_rounds": 100, "num_mcmc_steps_per_round": 5, "num_chains": 5, "use_gradients": true, "use_stochasticity": false, "repair": true, "predict": false, "quench_rounds": 20, "tempering_schedule": null}