{"case": "case57", "dispatch": {"gen": [[1.9942278861999512, 0.2076503485441208, 0.40006792545318604, 0.25098440051078796, 5.1509623527526855, 0.6380130648612976, 2.0364787578582764], [0.9869299530982971, 0.9821056127548218, 0.994468629360199, 1.0177485942840576, 1.039097785949707, 0.9977667927742004, 0.9945839643478394]], "load": [[-0.4301717281341553, -0.022155920043587685, -0.31794145703315735, -0.11080289632081985, -0.5529415011405945, -1.2679253816604614, -1.1335240602493286, -0.04495442286133766, -2.702648878097534, -0.15745094418525696, -0.0810767188668251, -0.15943029522895813, -0.42466238141059875, -0.32901883125305176, -0.20784081518650055, -0.024252112954854965, -0.022242270410060883, -0.050719037652015686, -0.061751484870910645, -0.08162318170070648, -0.03738347813487053, -0.15782767534255981, -0.02668878063559532, -0.04280438646674156, -0.01569652557373047, -0.030466515570878983, -0.04439595714211464, -0.1269451230764389, -0.062142230570316315, -0.05811965465545654, -0.019167892634868622, -0.09482526779174805, -0.26883208751678467, -0.15456582605838776, -0.2026718705892563, -0.1592850536108017, -0.0437748096883297, -0.17419268190860748, -0.03404359146952629, -0.050091344863176346, -0.05604710802435875, -0.049156304448843], [-0.15599776804447174, -0.7361395359039307, -0.15024390816688538, -0.0384121835231781, -0.019181814044713974, -0.1669810712337494, -0.229829803109169, -0.014812692999839783, -0.22679874300956726, -0.02236381359398365, -0.044760413467884064, -0.036740634590387344, -0.022211598232388496, -0.07250849157571793, -0.08327578008174896, -0.00472112325951457, -0.007644503843039274, -0.01622876338660717, -0.028845665976405144, -0.004296469502151012, -0.01688588783144951, -0.019195187836885452, -0.01386976893991232, -0.028421500697731972, -0.006221851799637079, -0.018807191401720047, -0.029486313462257385, -0.06049930304288864, -0.029064221307635307, -0.04278602451086044, -0.00976808462291956, -0.013198260217905045, -0.08801861107349396, -0.0610419362783432, -0.09376462548971176, -0.05121105536818504, -0.01722501590847969, -0.09756774455308914, -0.010470188222825527, -0.02497795969247818, -0.01622197777032852, -0.019645119085907936]]}, "network_state": {"line_states": [[2.3575239181518555, 2.3738105297088623, 2.3754990100860596, 2.3340866565704346, 2.406144857406616, 2.189335823059082, 2.3387041091918945, 2.2362210750579834, 2.2204508781433105, 2.4265754222869873, 2.4531497955322266, 2.3709864616394043, 2.3326196670532227, 2.310330390930176, 2.269414186477661, 2.33324933052063, 2.386882781982422, 2.2931106090545654, 2.3912265300750732, 2.4072840213775635, 2.4379141330718994, 2.2555172443389893, 2.244429349899292, 2.3152272701263428, 2.3201239109039307, 2.3325390815734863, 2.2886481285095215, 2.3363566398620605, 2.278935194015503, 2.380615472793579, 2.3582968711853027, 2.234468936920166, 2.2558557987213135, 2.38057804107666, 2.354539155960083, 2.2069480419158936, 2.458613395690918, 2.324242115020752, 2.455639600753784, 2.192836046218872, 2.371976137161255, 2.250011682510376, 2.3555846214294434, 2.2486166954040527, 2.3231558799743652, 2.3244543075561523, 2.379096746444702, 2.2567310333251953, 2.3348217010498047, 2.386164426803589, 2.3746719360351562, 2.291440486907959, 2.2009165287017822, 2.2725186347961426, 2.341738700866699, 2.397542953491211, 2.365025043487549, 2.397148847579956, 2.3382482528686523, 2.4299163818359375, 2.240323543548584, 2.3747174739837646, 2.3389978408813477, 2.4511873722076416, 2.34653902053833, 2.2999775409698486, 2.4075188636779785, 2.30768084526062, 2.249387741088867, 2.293307304382324, 2.3951926231384277, 2.361161470413208, 2.311880350112915, 2.2987451553344727, 2.359196662902832, 2.283565044403076, 2.401045083999634, 2.414975166320801, 2.3971340656280518, 2.2820065021514893], [2.2654502391815186, 2.3212709426879883, 2.431027412414551, 2.2777252197265625, 2.2595503330230713, 2.3457915782928467, 2.206552028656006, 2.344012975692749, 2.3113083839416504, 2.1523773670196533, 2.3911292552948, 2.4661285877227783, 2.3538904190063477, 2.3613388538360596, 2.2065846920013428, 2.3063607215881348, 2.245877742767334, 2.279813766479492, 2.414095878601074, 2.4040586948394775, 2.207036256790161, 2.2264657020568848, 2.2809481620788574, 2.396627187728882, 2.386753797531128, 2.3476662635803223, 2.3957042694091797, 2.3952338695526123, 2.401837110519409, 2.2350597381591797, 2.379851818084717, 2.27768611907959, 2.4910190105438232, 2.261500835418701, 2.423224925994873, 2.336132049560547, 2.306425094604492, 2.4280340671539307, 2.236556053161621, 2.2452292442321777, 2.3587992191314697, 2.422909736633301, 2.3308792114257812, 2.3149545192718506, 2.1926746368408203, 2.404956817626953, 2.4050984382629395, 2.255049467086792, 2.4303414821624756, 2.2756247520446777, 2.4019558429718018, 2.2690136432647705, 2.3807528018951416, 2.3667519092559814, 2.2803027629852295, 2.30844783782959, 2.4118454456329346, 2.404952049255371, 2.3599746227264404, 2.2661702632904053, 2.2548978328704834, 2.2439849376678467, 2.43929123878479, 2.179326057434082, 2.451737880706787, 2.5138919353485107, 2.2284162044525146, 2.354768991470337, 2.3213908672332764, 2.3995585441589355, 2.359754800796509, 2.3250856399536133, 2.2658193111419678, 2.361959934234619, 2.2925403118133545, 2.526122808456421, 2.371500253677368, 2.3589837551116943, 2.334506034851074, 2.402996778488159], [2.291079044342041, 2.3278183937072754, 2.3323347568511963, 2.317239284515381, 2.2774128913879395, 2.354670286178589, 2.346059560775757, 2.299420118331909, 2.3749022483825684, 2.2870309352874756, 2.3558263778686523, 2.3821704387664795, 2.3842484951019287, 2.50938081741333, 2.427842617034912, 2.2727136611938477, 2.270928382873535, 2.2702486515045166, 2.36538028717041, 2.422145366668701, 2.42671799659729, 2.40986704826355, 2.413060426712036, 2.303532838821411, 2.3405168056488037, 2.3828237056732178, 2.4022440910339355, 2.2420506477355957, 2.294833183288574, 2.2911550998687744, 2.4129884243011475, 2.3048362731933594, 2.3575823307037354, 2.3355114459991455, 2.3759305477142334, 2.3607287406921387, 2.2880852222442627, 2.195661783218384, 2.258267879486084, 2.260941982269287, 2.3828728199005127, 2.3484935760498047, 2.42185640335083, 2.342468023300171, 2.479050397872925, 2.375340700149536, 2.364027261734009, 2.2805349826812744, 2.3814661502838135, 2.2780752182006836, 2.4190995693206787, 2.2373549938201904, 2.3717987537384033, 2.2904672622680664, 2.4139838218688965, 2.229051351547241, 2.409649133682251, 2.230010509490967, 2.324519634246826, 2.359468698501587, 2.5260047912597656, 2.3438069820404053, 2.2985482215881348, 2.2993481159210205, 2.357168436050415, 2.215981960296631, 2.305330276489258, 2.2841875553131104, 2.3472371101379395, 2.223642587661743, 2.3404183387756348, 2.2226152420043945, 2.4486539363861084, 2.242269992828369, 2.1980998516082764, 2.3584794998168945, 2.2187600135803223, 2.411100149154663, 2.4949917793273926, 2.3593828678131104], [2.2397403717041016, 2.3028640747070312, 2.2928788661956787, 2.3202431201934814, 2.294118881225586, 2.35433030128479, 2.3122076988220215, 2.2558367252349854, 2.471571207046509, 2.284139394760132, 2.2679407596588135, 2.243720054626465, 2.227560520172119, 2.1906752586364746, 2.337310314178467, 2.192429304122925, 2.2618770599365234, 2.2152457237243652, 2.2387914657592773, 2.3356401920318604, 2.2129387855529785, 2.115633726119995, 2.2968533039093018, 2.1962947845458984, 2.4275903701782227, 2.2882485389709473, 2.3695037364959717, 2.232290029525757, 2.352727174758911, 2.3614299297332764, 2.3513190746307373, 2.3902177810668945, 2.3466031551361084, 2.2852015495300293, 2.2328579425811768, 2.3152172565460205, 2.3517520427703857, 2.4861316680908203, 2.4280598163604736, 2.4200515747070312, 2.2263193130493164, 2.2575109004974365, 2.3628337383270264, 2.1794776916503906, 2.3166778087615967, 2.2117908000946045, 2.3100011348724365, 2.280855178833008, 2.3160996437072754, 2.2038936614990234, 2.2825963497161865, 2.344679832458496, 2.272541046142578, 2.3723363876342773, 