{"case": "case57", "dispatch": {"gen": [[1.0962060689926147, 0.7166908383369446, 1.1819556951522827, 0.6484175324440002, 3.2739312648773193, 0.3441818952560425, 1.364425778388977], [0.9874601364135742, 0.9855949878692627, 0.9914807081222534, 0.9977565407752991, 1.0146095752716064, 0.9810144305229187, 0.9898970723152161]], "load": [[-0.521539568901062, -0.0029796569142490625, -0.29180067777633667, -0.11387179046869278, -0.6039922833442688, -1.0742889642715454, -1.1919746398925781, -0.034024156630039215, -3.1021032333374023, -0.15373362600803375, -0.09531115740537643, -0.1720866858959198, -0.3542144000530243, -0.3601830303668976, -0.202539324760437, -0.026052596047520638, -0.007178855128586292, -0.0373888798058033, -0.04417085647583008, -0.08535555750131607, -0.053249139338731766, -0.11200395971536636, -0.037910617887973785, -0.04024692624807358, -0.008847481571137905, -0.030811039730906487, -0.05090054124593735, -0.09939517825841904, -0.033252984285354614, -0.07644885033369064, -0.01818854548037052, -0.09983965754508972, -0.2557101547718048, -0.12939050793647766, -0.17287971079349518, -0.16561375558376312, -0.028151603415608406, -0.18573921918869019, -0.028338853269815445, -0.05231134966015816, -0.06518271565437317, -0.0625552237033844], [-0.16279543936252594, -0.8722014427185059, -0.21796272695064545, -0.027723778039216995, -0.02150196209549904, -0.1642327755689621, -0.20205660164356232, -0.010155130177736282, -0.19288675487041473, -0.017553167417645454, -0.030157750472426414, -0.0530535951256752, -0.030162401497364044, -0.06036524847149849, -0.06676779687404633, -0.008602991700172424, 0.005660600960254669, -0.0351300910115242, -0.026674456894397736, -0.0008073026547208428, -0.022337188944220543, -0.010445787571370602, -0.011206637136638165, -0.02952132187783718, -0.006056823767721653, -0.02313748188316822, -0.02768729440867901, -0.06236853823065758, -0.014480183832347393, -0.05580225959420204, -0.002156174276024103, -0.023822331801056862, -0.09280361235141754, -0.05811895430088043, -0.1010851263999939, -0.042534250766038895, -0.019218629226088524, -0.07990662008523941, -0.014091123826801777, -0.029787670820951462, -0.023822203278541565, -0.020919261500239372]]}, "network_state": {"line_states": [[2.2422258853912354, 2.519665479660034, 1.8082122802734375, 1.4825615882873535, 2.617431402206421, 0.8416339755058289, 3.206371307373047, 2.4818766117095947, 1.7976528406143188, 3.0005452632904053, 0.6264340877532959, 0.37299054861068726, 1.5859041213989258, 1.350538969039917, 2.2031784057617188, 1.3427071571350098, 2.8873186111450195, 2.992202043533325, 1.0967872142791748, 2.7900116443634033, 1.578635573387146, 2.2755095958709717, 1.9178476333618164, 1.5646936893463135, 1.6946998834609985, 1.155421257019043, 2.4600555896759033, 2.055922508239746, 2.3033621311187744, 4.287673473358154, 2.070474624633789, 2.594064474105835, 2.6469671726226807, 1.9199504852294922, 2.377816915512085, 2.463515281677246, 3.102287530899048, 2.75215482711792, 1.698556900024414, 2.42948055267334, 1.658895492553711, 1.8674532175064087, 2.195539712905884, 1.4051671028137207, 2.122424602508545, 0.8640197515487671, 2.746882915496826, 0.7307945489883423, 0.5559667348861694, 1.9428596496582031, 4.057916164398193, 2.4269840717315674, 2.943056106567383, 2.6847944259643555, 2.3285484313964844, 2.289808511734009, 2.042644739151001, 3.310337543487549, 4.3549065589904785, 1.9780718088150024, 2.4232802391052246, 2.116011381149292, 1.8954297304153442, 2.511611223220825, 2.0284056663513184, 0.6946648359298706, 2.9187417030334473, 2.3416078090667725, 3.1478476524353027, 2.160569906234741, 1.8031684160232544, 1.1153591871261597, 2.214707851409912, 2.642580509185791, 1.7476643323898315, 1.057728886604309, 1.5122509002685547, 1.0688682794570923, 2.7697227001190186, 3.5073602199554443], [2.215343713760376, 4.11526346206665, 2.951992988586426, 2.8571810722351074, 0.853659987449646, 3.3840491771698, 1.8819808959960938, 3.281423568725586, 2.4248201847076416, 3.042769193649292, 1.9927277565002441, 1.2406073808670044, 1.7122676372528076, 2.651998281478882, 1.4827040433883667, 1.6102744340896606, 0.9194093942642212, 2.07623028755188, 3.5528814792633057, 2.2329208850860596, 2.725137233734131, 2.6814255714416504, 2.871239185333252, 2.150513172149658, 2.1444413661956787, 2.4085147380828857, 2.0116915702819824, 2.6656131744384766, 1.7592617273330688, 2.9144513607025146, 2.2784085273742676, 2.1473228931427, 2.6184332370758057, 1.523571491241455, 2.120088577270508, 3.037230968475342, 2.4543986320495605, 1.7792994976043701, 3.317680835723877, 2.680584669113159, 1.4258822202682495, 1.1607872247695923, 3.249652862548828, 3.2679851055145264, 2.841641902923584, 2.706421136856079, 1.495764970779419, 2.3729403018951416, 2.2910585403442383, 2.273707151412964, 2.5554451942443848, 3.0386788845062256, 2.6016159057617188, 1.5954785346984863, 2.323951005935669, 3.2345926761627197, 2.989125967025757, 2.0966782569885254, 0.8712126016616821, 3.0078985691070557, 2.0447394847869873, 0.48168593645095825, 1.205241322517395, 2.8031539916992188, 3.1439850330352783, 0.9904695153236389, 1.5937057733535767, 1.9948005676269531, 1.0738964080810547, 2.8692550659179688, 2.7319068908691406, 1.4079595804214478, 3.0210671424865723, 3.2465951442718506, 3.097090244293213, 0.7610301375389099, 1.5758020877838135, 2.692535400390625, 2.7493722438812256, 1.6459146738052368], [1.3842639923095703, 1.9719816446304321, 3.7330002784729004, 3.640066146850586, 0.508870005607605, 1.1969449520111084, 2.597369909286499, 2.000283718109131, 2.2835445404052734, 2.971311092376709, 1.9583697319030762, 1.1843336820602417, 0.8091142177581787, 2.72636079788208, 0.6800574064254761, 3.591892957687378, 0.4879915118217468, 2.7353527545928955, 2.425370454788208, 1.74924898147583, 0.46429353952407837, 3.1414530277252197, 1.7552459239959717, 3.397524833679199, 1.3387140035629272, 1.242414116859436, 2.718210458755493, 1.8476684093475342, 1.210672378540039, 2.4225730895996094, 3.542336940765381, 3.370946168899536, 2.019132614135742, 2.4238104820251465, 3.884239673614502, 3.6231842041015625, 3.298652410507202, 2.1053810119628906, 1.5534930229187012, 2.551570415496826, 2.124783992767334, 1.7740745544433594, 2.771698236465454, 2.0225696563720703, 3.7001214027404785, 3.108527898788452, 0.9488427639007568, 2.158356189727783, 1.3748064041137695, 1.1071686744689941, 2.1391818523406982, 3.955227851867676, 1.5479960441589355, 3.7588720321655273, 2.3381972312927246, 4.427680492401123, 1.8985689878463745, 1.4450013637542725, 3.4964911937713623, 0.9693505167961121, 2.7873287200927734, 2.6095333099365234, 2.7552952766418457, 3.5778205394744873, 3.0998687744140625, 2.1492016315460205, 2.286513090133667, 1.973224401473999, 3.2479233741760254, 2.524247884750366, 2.3395769596099854, 4.949295997619629, 2.50502347946167, 3.173725128173828, 2.764606237411499, 3.672417640686035, 2.8474740982055664, 5.1772565841674805, 2.486370801925659, 0.4295128583908081], [4.326074600219727, 1.114353060722351, 3.9478065967559814, 3.9534080028533936, 0.6581165790557861, 2.4288506507873535, 1.4878828525543213, 1.681349754333496, 0.7722875475883484, 3.529926300048828, 1.114430546760559, 3.9922797679901123, 2.132542610168457, 3.2142550945281982, 0.7249596118927002, 1.3411952257156372, 1.7204978466033936, 2.403843879699707, 1.899328351020813, 0.7000079154968262, 2.6026065349578857, 1.581026315689087, 0.5429941415786743, 2.395185947418213, 3.366764545440674, 2.0582644939422607, 0.764777421951294, 0.2665860950946808, 3.96688175201416, 1.6662249565124512, 2.45617413520813, 3.972952365875244, 1.3567371368408203, 3.2733066082000732, 2.1815192699432373, 0.895804762840271, 0.5309731364250183, 0.8624393343925476, 3.004432201385498, 0.9638437032699585, 1.7504229545593262, 0.2632268965244293, 1.0291155576705933, 2.892282724380493, 1.2199537754058838, 3.354609251022339, 1.5217983722686768, 2.9932031631469727, 2.7982029914855957, 3.2352020740509033, 2.350456714630127, 3.5928618907928467, 3.7672510147094727, 2.77797532081604, 