{"case": "case57", "dispatch": {"gen": [[2.5343055725097656, 0.6938907504081726, 0.2694073021411896, 0.5605276226997375, 3.7059409618377686, 0.8649786710739136, 1.1581344604492188], [1.0295716524124146, 1.0235852003097534, 1.0075708627700806, 0.9946812987327576, 0.9779732823371887, 0.9653291702270508, 0.9864357709884644]], "load": [[-0.45071694254875183, -0.027812451124191284, -0.34809163212776184, -0.12058573961257935, -0.5462028980255127, -1.2540068626403809, -0.945332944393158, -0.03989601135253906, -3.395590305328369, -0.15978744626045227, -0.09293492138385773, -0.19334296882152557, -0.3572339415550232, -0.32538315653800964, -0.2287169247865677, -0.030426345765590668, -0.020302480086684227, -0.04871532320976257, -0.05069248750805855, -0.07792649418115616, -0.041750553995370865, -0.15547232329845428, -0.030955864116549492, -0.04643472656607628, -0.014112332835793495, -0.030335083603858948, -0.04569895938038826, -0.11615771055221558, -0.05515352636575699, -0.06486403942108154, -0.01508800033479929, -0.10604450106620789, -0.26301687955856323, -0.14205734431743622, -0.16747234761714935, -0.15428121387958527, -0.0394238717854023, -0.15518149733543396, -0.03570559620857239, -0.05542227253317833, -0.06861773133277893, -0.060065608471632004], [-0.13626615703105927, -0.7516754269599915, -0.19055791199207306, -0.03073083981871605, -0.01820695586502552, -0.17872406542301178, -0.22612260282039642, -0.01692013628780842, -0.19228613376617432, -0.019624819979071617, -0.04158773273229599, -0.04175594449043274, -0.025711292400956154, -0.06357171386480331, -0.07670608162879944, -0.005060148425400257, -0.007642780896276236, -0.01578710973262787, -0.02717777155339718, -0.004250100813806057, -0.020055042579770088, -0.023417050018906593, -0.014638790860772133, -0.02513762377202511, -0.006201683543622494, -0.01393603254109621, -0.02367764338850975, -0.05358969420194626, -0.023393774405121803, -0.03665010631084442, -0.007350197061896324, -0.013639658689498901, -0.10709991306066513, -0.07283542305231094, -0.08061195909976959, -0.04726322740316391, -0.01636476442217827, -0.07540995627641678, -0.010016168467700481, -0.027547098696231842, -0.016851676627993584, -0.017311902716755867]]}, "network_state": {"line_states": [[2.4805850982666016, 1.2443658113479614, 1.6112505197525024, 2.060833692550659, 3.8044393062591553, 1.953956961631775, 1.926965594291687, 2.4541592597961426, 3.0438289642333984, 1.6800764799118042, 2.4684860706329346, 2.615298271179199, 0.8778795599937439, 1.3141984939575195, 2.641289710998535, 0.8707439303398132, 4.561836242675781, 1.3695037364959717, 1.1813104152679443, 2.0232112407684326, 2.6965627670288086, 2.0267627239227295, 3.269028902053833, 2.5647013187408447, 2.303856611251831, 2.0265512466430664, 1.4559437036514282, 1.927657961845398, 2.23095703125, 2.0314865112304688, 0.9926761984825134, 1.473337173461914, 2.5605578422546387, 2.577707052230835, 2.6232151985168457, 1.3016562461853027, 2.79361629486084, 2.1358742713928223, 1.0514158010482788, 1.604702353477478, 3.753586769104004, 1.7798616886138916, 3.707115411758423, 1.101670265197754, 2.9752418994903564, 2.6931841373443604, 2.1711056232452393, 2.6945834159851074, 2.3982622623443604, 3.6237952709198, 2.437180757522583, 2.4299988746643066, 2.4513039588928223, 2.586055278778076, 2.280822992324829, 2.2052104473114014, 2.1199185848236084, 2.370789051055908, 2.120760917663574, 3.3340985774993896, 3.641622304916382, 1.41387939453125, 0.38704732060432434, 0.8313199281692505, 2.936194658279419, 0.21177062392234802, 1.7962130308151245, 1.406220555305481, 1.856510877609253, 3.742335796356201, 3.0537827014923096, 3.2383065223693848, 2.6249804496765137, 3.1789214611053467, 1.3601528406143188, 4.0067620277404785, 3.970292568206787, 2.044969320297241, 3.0710043907165527, 2.2798690795898438], [2.9953086376190186, 1.8911200761795044, 2.481025218963623, 1.407195806503296, 4.192279815673828, 1.6670455932617188, 2.774590492248535, 2.8511133193969727, 2.527794122695923, 2.21840763092041, 2.3703877925872803, 2.258704662322998, 0.929892897605896, 1.6508173942565918, 3.7083897590637207, 3.0066168308258057, 1.7634648084640503, 1.3296531438827515, 2.4244930744171143, 0.1804875135421753, 2.8648838996887207, 2.9942378997802734, 0.3552020788192749, 3.3009417057037354, 4.527475357055664, 1.5005388259887695, 2.6599130630493164, 2.5749545097351074, 1.1083166599273682, 3.034475088119507, 2.0844175815582275, 1.4643107652664185, 1.112709879875183, 4.419627666473389, 2.821902275085449, 2.828145980834961, 2.07258677482605, 1.0155521631240845, 2.273496627807617, 2.383186101913452, 1.9567909240722656, 0.46928396821022034, 1.9834051132202148, 0.9212777018547058, 1.6894322633743286, 3.4124135971069336, -0.9080283641815186, 3.843076705932617, 2.242598533630371, 1.1712510585784912, 1.5843703746795654, 3.826965808868408, 2.9311881065368652, 1.411927580833435, 2.4905691146850586, 1.4669407606124878, 1.4516886472702026, 3.887786865234375, 2.7336225509643555, 2.076833724975586, 3.4932212829589844, 2.45296049118042, 0.8842957019805908, 3.1140177249908447, 1.5381191968917847, 3.4209136962890625, 3.943138360977173, 3.3908212184906006, 3.5147504806518555, 1.8622229099273682, 1.3343993425369263, 2.8105969429016113, 2.5366556644439697, 0.7702382206916809, 1.3972527980804443, 2.009389638900757, 1.777510404586792, 1.4146463871002197, 1.5363044738769531, 1.6795990467071533], [3.1696157455444336, 0.5091443061828613, 1.7757843732833862, 2.3773751258850098, 2.1891021728515625, 2.852393627166748, 3.1573479175567627, 2.2921183109283447, 3.129603385925293, 1.7285213470458984, 2.120419502258301, 2.5401718616485596, 2.1095614433288574, 1.736226201057434, 1.6517040729522705, 2.881143808364868, 2.8571672439575195, 3.387789249420166, 2.200824022293091, 2.439371347427368, 2.991284132003784, 0.6980443000793457, 2.4774580001831055, 1.3604344129562378, 1.9875322580337524, 1.8686754703521729, 2.8469157218933105, 1.8572386503219604, 2.912050724029541, 1.4046136140823364, 2.852358102798462, 2.6746721267700195, 1.5859622955322266, 0.9131125807762146, 3.148399829864502, 2.693074941635132, 3.0000579357147217, 1.015541911125183, 1.4984612464904785, 1.7686668634414673, 2.2824084758758545, 2.9956796169281006, 2.5546998977661133, 3.0265355110168457, 1.4693269729614258, 1.9117830991744995, 1.9780734777450562, 0.9150347709655762, 2.1733336448669434, 2.086193561553955, 2.752126932144165, 3.395475149154663, 2.6857757568359375, 2.764944314956665, 4.6565399169921875, 2.5448412895202637, 2.032351016998291, 2.399104595184326, 3.716099500656128, 1.942006230354309, 2.993032693862915, 2.15944504737854, 1.6283210515975952, 1.676162600517273, 2.016948938369751, 2.4280593395233154, 2.383931875228882, 0.4314177334308624, -0.005100964102894068, 3.0039255619049072, 3.1607768535614014, 0.019348038360476494, 2.2223520278930664, 2.300912857055664, 1.2859820127487183, 0.7662138938903809, 3.2083733081817627, 1.65883207321167, 1.9971635341644287, 1.0081971883773804], [1.3446400165557861, 2.6238315105438232, 1.8057619333267212, 2.7040791511535645, 3.9985029697418213, 3.3484609127044678, 1.8001643419265747, 2.970040798187256, 2.4077627658843994, 1.605010747909546, 0.8203624486923218, 2.2929298877716064, 0.3598731458187103, 2.2652716636657715, 0.25917690992355347, 1.9080426692962646, 1.4646841287612915, 2.917383909225464, 3.1199145317077637, 1.243501901626587, 2.0550436973571777, 1.7122563123703003, 0.6361673474311829, 3.8005075454711914, 2.9228932857513428, 2.352759599685669, 2.1247470378875732, 1.391837239265442, 1.2783992290496826, 3.6524059772491455, 2.5947978496551514, 0.7237091064453125, 2.9074840545654297, 1.4219982624053955, 2.025397777557373, 1.8962584733963013, 4.197810649871826, 3.707951307296753, 2.000062942504883, 4.176939010620117, 1.4424952268600464, 0.4346054792404175, 1.407183051109314, 2.4351155757904053, 2.727846384048462, 0.7508576512336731, 2.687530517578125, 2.2203683853149414, 0.585767924785614, 2.612346649169922, 1.6452890634536743, 3.328915596008301, 2.1383020877838135, 