{"case": "case57", "dispatch": {"gen": [[4.870858192443848, 0.8743223547935486, 1.2390193939208984, 0.0017136881360784173, 0.8028039336204529, 0.4270224869251251, 0.5953388214111328], [1.0525083541870117, 1.0407109260559082, 1.0125513076782227, 0.9928414225578308, 1.0159250497817993, 0.9726824760437012, 0.9596444368362427]], "load": [[-0.45086193084716797, -0.0236365869641304, -0.3527400493621826, -0.11919186264276505, -0.5738142132759094, -1.24342679977417, -0.959437906742096, -0.03926576301455498, -3.2185027599334717, -0.15229442715644836, -0.12272079288959503, -0.18888331949710846, -0.3166399300098419, -0.360860675573349, -0.22902904450893402, -0.01775316148996353, -0.012794152833521366, -0.05564013123512268, -0.048705678433179855, -0.05867348611354828, -0.028187554329633713, -0.17088574171066284, -0.021442418918013573, -0.03244168311357498, -0.01334964856505394, -0.02360231988132, -0.04631568863987923, -0.1146816834807396, -0.04579383134841919, -0.055250756442546844, -0.01782921701669693, -0.14369578659534454, -0.20704089105129242, -0.13268493115901947, -0.1890132576227188, -0.14416038990020752, -0.0575655996799469, -0.1755170226097107, -0.03862513601779938, -0.06167657673358917, -0.05071227625012398, -0.07041497528553009], [-0.1374705731868744, -0.7605970501899719, -0.1554524004459381, -0.025508936494588852, -0.024244818836450577, -0.21246406435966492, -0.205083966255188, -0.023451397195458412, -0.1992555856704712, -0.021090300753712654, -0.04560813307762146, -0.034544073045253754, -0.014416184276342392, -0.06924664974212646, -0.08906865119934082, -0.0007263702573254704, -0.008688921108841896, -0.017592953518033028, -0.02191329374909401, 0.012786036357283592, -0.020408883690834045, -0.028484493494033813, -0.01336448360234499, -0.016628291457891464, -0.010849385522305965, -0.004602933768182993, -0.024855246767401695, -0.042488571256399155, -0.03362681344151497, -0.03683798015117645, -0.011913768947124481, -0.012875636108219624, -0.09846619516611099, -0.08844397217035294, -0.09758128970861435, -0.04730886593461037, -0.018691392615437508, -0.10038536041975021, -0.033442456275224686, -0.03443796932697296, -0.01601598411798477, -0.02149113640189171]]}, "network_state": {"line_states": [[1.6483416557312012, 1.0816582441329956, 2.9543967247009277, 1.1374943256378174, -0.1013132631778717, 2.800240993499756, 2.100778341293335, 2.7294344902038574, 3.1130270957946777, -0.2618791162967682, 2.117422580718994, 3.3933191299438477, 2.6195595264434814, 3.1785666942596436, 2.3298909664154053, 3.1787233352661133, 2.683687210083008, 2.4873390197753906, 1.4808889627456665, 3.2537906169891357, 1.2278751134872437, 4.547466278076172, 2.0499632358551025, 2.873856782913208, 2.13735032081604, 3.4766483306884766, 3.8107988834381104, 1.6986432075500488, 2.7724180221557617, 2.389016628265381, 2.2784736156463623, 0.15000376105308533, 3.542062997817993, 1.1907577514648438, 2.262164831161499, 2.971806287765503, 2.0146117210388184, 2.767820119857788, 2.3500101566314697, 1.9142093658447266, 3.9948127269744873, 1.89164400100708, 3.1223788261413574, 2.135643482208252, 4.100801467895508, 1.1076442003250122, 1.8230509757995605, 1.782204031944275, 4.178155899047852, 2.9717538356781006, 3.0701770782470703, 1.7913132905960083, 1.6152360439300537, 4.157632350921631, 2.0115253925323486, 2.3623015880584717, 3.18062424659729, 2.0224685668945312, 0.7043530941009521, 2.5216383934020996, 2.798064708709717, 1.9042010307312012, 1.6322507858276367, 0.5899741053581238, 0.025071367621421814, 2.1263039112091064, 1.7119600772857666, 3.994112968444824, 2.465101957321167, 3.2321600914001465, 1.0976645946502686, 2.1010444164276123, 2.0377590656280518, 1.722835898399353, 2.248666763305664, 2.4774298667907715, 4.359140872955322, 3.6879968643188477, 2.616299867630005, 1.3584134578704834], [2.2818057537078857, 2.916707754135132, 2.686492919921875, 2.016632318496704, 2.0437262058258057, 2.0981833934783936, 2.515009880065918, 1.4997936487197876, 2.759253978729248, 3.554100751876831, 2.4094324111938477, 2.812666416168213, 0.9846195578575134, 4.196412086486816, 1.6400600671768188, 2.6054282188415527, 1.8101845979690552, 3.015897274017334, -0.26556605100631714, 1.3513906002044678, -0.037925176322460175, 1.882369041442871, 2.0731112957000732, 1.84331476688385, 1.9791004657745361, 3.3928849697113037, 2.004284620285034, 1.441881775856018, 0.06928974390029907, 0.44852563738822937, 1.9266908168792725, 2.321932792663574, 2.2106876373291016, 1.4952186346054077, 2.2742366790771484, 1.282012701034546, 1.4638406038284302, 1.557853102684021, 2.2680842876434326, 1.9200928211212158, 3.563352108001709, 1.7622276544570923, 1.1722735166549683, 3.068721055984497, -1.3101599216461182, 2.2229807376861572, 2.220259189605713, 1.1226680278778076, 2.175924062728882, 1.1524649858474731, 1.0246649980545044, 2.6815576553344727, 2.822011947631836, 2.0111403465270996, 2.267427682876587, 4.247079849243164, 2.845120906829834, 3.450198173522949, 1.5352635383605957, 3.822646141052246, 2.6238441467285156, 0.9771270751953125, 2.4909446239471436, 1.8077911138534546, 1.0800647735595703, 0.7917725443840027, 2.354249954223633, 2.520108461380005, 1.731677770614624, 2.012582778930664, 2.8257687091827393, 3.1509640216827393, -0.11042589694261551, 1.8906755447387695, 1.8503724336624146, 2.2490315437316895, 2.4750428199768066, 1.8822113275527954, 4.428323745727539, 2.9429352283477783], [2.9175972938537598, 2.548117160797119, 2.9859824180603027, 1.8531190156936646, 1.3157920837402344, 0.5439873337745667, 4.316573143005371, 2.8117637634277344, 1.8929100036621094, 1.915065050125122, 2.0593013763427734, 3.7797048091888428, 2.579948902130127, 1.1666195392608643, 2.508124589920044, 2.453434705734253, 0.41940343379974365, 1.8824491500854492, 3.7243449687957764, 3.039060354232788, 2.594101905822754, 1.4746241569519043, 1.9476863145828247, 1.7298266887664795, 2.389190435409546, 0.6805715560913086, 1.477441668510437, 2.371060609817505, 1.8434300422668457, 3.5153703689575195, 1.760759711265564, 2.4268198013305664, 1.7191689014434814, 2.9155406951904297, 2.520291328430176, 1.2611404657363892, 1.2359709739685059, 1.8489041328430176, 2.828024387359619, 1.5911777019500732, 2.5868892669677734, 2.3010075092315674, 3.256666421890259, 1.91559898853302, 2.267753839492798, 3.551654815673828, 2.477786064147949, 0.6644675731658936, 2.5377190113067627, 2.9750053882598877, 1.147402286529541, 2.026242971420288, 2.2086308002471924, 1.817017912864685, 1.4810290336608887, 2.884615182876587, 1.0349825620651245, 3.350754976272583, 2.620081901550293, 2.9690308570861816, 1.1373815536499023, 2.7809834480285645, 2.8048765659332275, 3.0233590602874756, 3.1156787872314453, 2.83014178276062, 2.0755293369293213, 0.7744467854499817, 2.1027846336364746, 2.686345338821411, 1.741442084312439, 3.676732063293457, 2.4154956340789795, 2.8036928176879883, 1.5064443349838257, 4.538930416107178, 2.1886067390441895, 0.9682984948158264, 2.4442732334136963, 2.822150468826294], [3.79706072807312, 2.4930574893951416, 2.2964398860931396, 1.6415992975234985, 1.1951857805252075, 1.1056151390075684, 4.737135410308838, 2.9529435634613037, 0.8476333022117615, 1.2513724565505981, 3.4720754623413086, 2.8739044666290283, 1.3175159692764282, 3.0582199096679688, 3.255674362182617, 2.424592971801758, 1.7624926567077637, 1.2675096988677979, 2.4933109283447266, 2.839841842651367, 3.203179121017456, 1.8255610466003418, 0.3220454156398773, 1.5732359886169434, 2.910370349884033, 1.9264709949493408, 2.1647729873657227, 1.9928919076919556, 3.479891777038574, 4.172496795654297, 3.4790287017822266, 1.8167177438735962, 1.8890681266784668, 2.022801399230957, 1.4396718740463257, 4.1875739097595215, 1.4387178421020508, 3.3133039474487305, 1.332308292388916, 1.7049329280853271, 1.3528176546096802, 1.4553914070129395, 1.7445783615112305, 3.0411882400512695, 2.1870617866516113, 1.8455628156661987, 1.6419475078582764, 1.7579209804534912, 4.305151462554932, 1.4945087432861328, 2.914371967315674, 3.302403211593628, 3.108995199203491, 