{"case": "case57", "dispatch": {"gen": [[2.824091911315918, 0.08750972896814346, 0.5652615427970886, 0.44288370013237, 3.071040391921997, 0.879429817199707, 2.4750304222106934], [0.9791449904441833, 0.968468964099884, 0.988247275352478, 0.9949498176574707, 0.9949403405189514, 0.9816008806228638, 1.0060045719146729]], "load": [[-0.4314054846763611, -0.028912123292684555, -0.34361782670021057, -0.10863012820482254, -0.7407963871955872, -1.4283696413040161, -0.8999751210212708, -0.04138824716210365, -3.486238718032837, -0.15992118418216705, -0.08939966559410095, -0.2166285514831543, -0.3727763295173645, -0.4064895212650299, -0.19563190639019012, -0.02407529205083847, -0.016764916479587555, -0.058816954493522644, -0.06087470054626465, -0.08180603384971619, -0.04415019229054451, -0.1293516904115677, -0.03396601229906082, -0.05530994012951851, -0.014609397388994694, -0.032096486538648605, -0.05836666002869606, -0.12576857209205627, -0.046012911945581436, -0.06168108433485031, -0.014522455632686615, -0.11577318608760834, -0.26127177476882935, -0.16237251460552216, -0.166234090924263, -0.13021698594093323, -0.047049131244421005, -0.17614330351352692, -0.03892794996500015, -0.0654420554637909, -0.05520147830247879, -0.05113513767719269], [-0.12669485807418823, -0.8723958134651184, -0.1710738241672516, -0.029217148199677467, -0.014798305928707123, -0.1711404025554657, -0.21793536841869354, -0.018801074475049973, -0.1911449283361435, -0.02112567238509655, -0.04299631342291832, -0.04312621057033539, -0.02190547063946724, -0.07431930303573608, -0.0899704247713089, -0.004284384194761515, -0.007075349800288677, -0.015021749772131443, -0.030083440244197845, -0.003508879104629159, -0.01677350141108036, -0.022175444290041924, -0.012768199667334557, -0.020490139722824097, -0.005611022934317589, -0.01339308824390173, -0.027981095016002655, -0.05379710718989372, -0.028232790529727936, -0.031753070652484894, -0.009220663458108902, -0.017020950093865395, -0.10780747979879379, -0.07575158774852753, -0.08653374016284943, -0.04241027683019638, -0.02085467241704464, -0.07834897190332413, -0.00985970813781023, -0.031272776424884796, -0.020685244351625443, -0.01903395727276802]]}, "network_state": {"line_states": [[2.983863592147827, 1.0987980365753174, 1.908403992652893, 2.0221240520477295, 3.5876729488372803, 1.9245498180389404, 2.0781209468841553, 2.473217010498047, 3.3691561222076416, 1.7408629655838013, 2.3176980018615723, 2.4089624881744385, 0.5600388646125793, 1.3120981454849243, 2.553466558456421, 0.8473501205444336, 4.555033206939697, 1.5365815162658691, 1.0196139812469482, 1.9067903757095337, 2.869658946990967, 2.1484763622283936, 3.5177369117736816, 2.66306734085083, 2.3714261054992676, 2.3537490367889404, 1.308274507522583, 1.7548562288284302, 2.262214422225952, 2.158097267150879, 0.9718109965324402, 1.47089421749115, 2.1370444297790527, 3.025019884109497, 2.646653413772583, 1.4056328535079956, 2.8865890502929688, 2.0873305797576904, 1.255879282951355, 1.3360644578933716, 3.892401933670044, 1.7448866367340088, 3.81728458404541, 1.2081987857818604, 2.770287036895752, 2.3433761596679688, 2.1328859329223633, 2.6802830696105957, 2.6850833892822266, 3.800020694732666, 2.2013485431671143, 2.677001953125, 2.1435976028442383, 2.1728928089141846, 2.276905059814453, 2.265155553817749, 1.9391701221466064, 2.778618335723877, 2.236635684967041, 3.02663516998291, 3.494955062866211, 1.3224380016326904, 0.405190646648407, 0.8244535326957703, 2.5845882892608643, 0.465579628944397, 1.8128249645233154, 1.3265137672424316, 1.8326882123947144, 3.929854393005371, 3.120854377746582, 3.09382700920105, 2.4966087341308594, 3.148555278778076, 1.251943826675415, 4.074418067932129, 3.7073190212249756, 2.2755515575408936, 3.211076021194458, 2.418363571166992], [3.5214762687683105, 1.6058416366577148, 2.489694595336914, 1.3422878980636597, 4.454977989196777, 1.8550046682357788, 2.8612167835235596, 3.0032269954681396, 2.7345969676971436, 2.0430214405059814, 2.078397274017334, 2.147965669631958, 0.7903000116348267, 1.9941587448120117, 3.56992506980896, 2.8101320266723633, 1.698272943496704, 1.0577174425125122, 2.744994878768921, 0.16090773046016693, 2.6697864532470703, 2.921729564666748, 0.11464439332485199, 3.3637213706970215, 4.693521499633789, 0.96279376745224, 2.6647727489471436, 2.71415114402771, 1.3490252494812012, 3.0293164253234863, 2.1383068561553955, 1.3543602228164673, 0.8675563931465149, 4.409217834472656, 2.7316064834594727, 2.34134840965271, 2.076464891433716, 0.942410409450531, 2.3524880409240723, 2.336012125015259, 1.9155397415161133, 0.29134970903396606, 1.8009880781173706, 0.8719170689582825, 1.8659909963607788, 3.4026474952697754, -0.5672551393508911, 3.9405877590179443, 2.2379860877990723, 1.0545481443405151, 1.2214268445968628, 3.7967677116394043, 3.0658693313598633, 1.4411450624465942, 2.652820348739624, 1.3482632637023926, 1.324461817741394, 3.4921693801879883, 2.533444881439209, 2.164389133453369, 3.2347326278686523, 2.716557741165161, 0.8637311458587646, 2.989976167678833, 1.1598323583602905, 3.2896573543548584, 3.7895686626434326, 3.4493260383605957, 3.767848014831543, 2.0688436031341553, 1.5763237476348877, 2.544642210006714, 2.6155378818511963, 0.5162121653556824, 1.3175616264343262, 2.045850992202759, 1.5100771188735962, 1.899172067642212, 1.4044344425201416, 1.5657005310058594], [3.198075294494629, 0.5345805287361145, 1.3720651865005493, 2.4153852462768555, 2.1810739040374756, 2.9545111656188965, 3.5672035217285156, 2.2136049270629883, 3.325270175933838, 1.5746891498565674, 1.6589223146438599, 2.4190778732299805, 2.062215566635132, 1.389735221862793, 1.8061130046844482, 3.03847599029541, 2.797830581665039, 3.369065761566162, 2.1798202991485596, 2.372666835784912, 2.9191551208496094, 0.29576602578163147, 2.697598934173584, 1.4278563261032104, 1.740890622138977, 1.9943242073059082, 3.0542027950286865, 1.703147530555725, 2.79815673828125, 1.760831594467163, 2.9535953998565674, 3.205873489379883, 1.5304975509643555, 1.1318870782852173, 3.5222127437591553, 2.9560134410858154, 3.3029654026031494, 1.2299877405166626, 1.1457951068878174, 1.3642706871032715, 1.8715780973434448, 3.301608085632324, 2.3385326862335205, 2.7562613487243652, 1.3793197870254517, 1.9812039136886597, 1.740628719329834, 0.6778513789176941, 2.113053321838379, 2.0533478260040283, 2.9551215171813965, 3.635883331298828, 2.7468435764312744, 2.915304183959961, 4.749133110046387, 2.505993366241455, 1.9592732191085815, 2.5876381397247314, 3.685995578765869, 1.5185226202011108, 3.106785297393799, 2.4300317764282227, 1.4249212741851807, 1.4519829750061035, 2.106243848800659, 2.3171262741088867, 2.1405715942382812, 0.4389464855194092, 0.11100926995277405, 3.6281211376190186, 3.5444517135620117, 0.3296228349208832, 2.3130338191986084, 2.1672184467315674, 1.485514760017395, 0.7763434648513794, 3.021155595779419, 1.5846527814865112, 1.9835671186447144, 1.2352545261383057], [1.4104262590408325, 2.466142177581787, 1.5535600185394287, 2.7005434036254883, 4.190899848937988, 3.1617794036865234, 1.6919268369674683, 3.0931155681610107, 2.188077688217163, 1.7571545839309692, 0.8639694452285767, 2.427382230758667, 0.4714016020298004, 2.433936834335327, 0.15886372327804565, 1.9847686290740967, 1.7975194454193115, 2.9578323364257812, 3.1191322803497314, 1.5063447952270508, 2.078514337539673, 1.5633302927017212, 0.8188149333000183, 3.8057456016540527, 3.2653427124023438, 2.3639869689941406, 2.224459409713745, 1.5237308740615845, 1.5335763692855835, 3.5597498416900635, 2.899946451187134, 0.5980417728424072, 2.9948811531066895, 1.207612156867981, 2.1850576400756836, 1.7133488655090332, 4.052618503570557, 3.736201763153076, 2.018559217453003, 4.522408485412598, 1.6137868165969849, 0.7890708446502686, 1.5071346759796143, 2.3780250549316406, 2.663546323776245, 0.5615735054016113, 2.4015862941741943, 2.588282823562622, 0.5884630680084229, 2.530024766921997, 1.5685372352600098, 3.6675796508789062, 2.2881181240081787, 3.067854881286621,