{"case": "case57", "dispatch": {"gen": [[1.3894840478897095, 0.6400525569915771, 0.693173885345459, 0.07348287105560303, 4.665101051330566, 0.5478240847587585, 3.9249696731567383], [0.9774975776672363, 0.977959930896759, 0.9931060671806335, 1.0054867267608643, 1.0148437023162842, 0.9887638092041016, 1.0033884048461914]], "load": [[-0.46280670166015625, -0.025458358228206635, -0.3654026985168457, -0.09410537034273148, -0.7168423533439636, -1.4260615110397339, -0.9414229393005371, -0.036771249026060104, -2.7216827869415283, -0.16956937313079834, -0.07574235647916794, -0.18126048147678375, -0.33186495304107666, -0.30000758171081543, -0.21334309875965118, -0.024216555058956146, -0.022103002294898033, -0.06068047881126404, -0.04636374115943909, -0.0691252052783966, -0.04252009838819504, -0.13565842807292938, -0.026976050809025764, -0.04449474811553955, -0.014720403589308262, -0.02775178849697113, -0.04357049614191055, -0.10338396579027176, -0.047152187675237656, -0.058209482580423355, -0.016963813453912735, -0.10661423206329346, -0.2805136740207672, -0.1750379353761673, -0.17085403203964233, -0.14236360788345337, -0.04569278284907341, -0.1930849552154541, -0.03967830911278725, -0.06601956486701965, -0.05928684398531914, -0.058322690427303314], [-0.14889197051525116, -0.8213960528373718, -0.17790108919143677, -0.03402108699083328, -0.014828227460384369, -0.18050871789455414, -0.24457623064517975, -0.01883578486740589, -0.18707384169101715, -0.01971062272787094, -0.05090659484267235, -0.040753550827503204, -0.02219584956765175, -0.05887517333030701, -0.07744627445936203, -0.004441509488970041, -0.007205935660749674, -0.014991779811680317, -0.030872318893671036, -0.004735201131552458, -0.016775017604231834, -0.023693162947893143, -0.01716007851064205, -0.02280735783278942, -0.005795590579509735, -0.01771872118115425, -0.02548467367887497, -0.05184754729270935, -0.021993624046444893, -0.03187951445579529, -0.00874803401529789, -0.01720483973622322, -0.10249264538288116, -0.06668403744697571, -0.07703711837530136, -0.0510890893638134, -0.021029874682426453, -0.08508352935314178, -0.013223977759480476, -0.024892907589673996, -0.016549764201045036, -0.014579208567738533]]}, "network_state": {"line_states": [[2.5245416164398193, 1.803092360496521, 2.6021950244903564, 1.34401535987854, 2.7886650562286377, 1.5998444557189941, 3.103539228439331, 1.9066810607910156, 2.1860854625701904, 2.5225415229797363, 0.7779669165611267, 1.020318627357483, 2.2457685470581055, 1.927631139755249, 1.741228461265564, 2.164478063583374, 2.570673704147339, 2.2883858680725098, 0.8195343613624573, 2.2890243530273438, 1.7700059413909912, 2.7956082820892334, 2.2668895721435547, 1.812069058418274, 1.4419883489608765, 1.5889421701431274, 2.1769285202026367, 1.7933481931686401, 2.6708714962005615, 4.726799964904785, 2.533431053161621, 1.8586950302124023, 2.704662799835205, 2.448904275894165, 1.5462545156478882, 1.7353546619415283, 3.085515260696411, 2.848971128463745, 2.2040913105010986, 2.1554110050201416, 1.8299148082733154, 0.9921994209289551, 2.291165351867676, 1.3327316045761108, 2.17221999168396, 0.9769013524055481, 2.8093149662017822, 1.5441635847091675, 0.3744238018989563, 2.828004837036133, 3.9895002841949463, 2.7734155654907227, 2.925863742828369, 3.0584828853607178, 2.8313567638397217, 2.1645476818084717, 2.543452262878418, 3.0943191051483154, 3.5904605388641357, 2.0995352268218994, 2.5348072052001953, 1.6089863777160645, 1.9119545221328735, 2.0982420444488525, 0.9248487949371338, 1.3428707122802734, 2.807079315185547, 2.414719343185425, 2.114442825317383, 2.2920634746551514, 1.6044622659683228, 1.7093250751495361, 2.38596773147583, 2.4433517456054688, 0.9719645380973816, 1.013802170753479, 1.5370795726776123, 2.031158924102783, 3.665930986404419, 3.502377986907959], [2.2526965141296387, 4.547865867614746, 3.0440540313720703, 2.9891583919525146, 0.23402638733386993, 3.4714012145996094, 2.7427260875701904, 2.8598427772521973, 1.855838656425476, 3.0775465965270996, 1.9580203294754028, 1.1365083456039429, 1.0407986640930176, 2.3538475036621094, 1.8046910762786865, 1.0842533111572266, 0.9893160462379456, 2.984523057937622, 3.368574857711792, 1.6214762926101685, 3.15417218208313, 2.888723134994507, 1.7998312711715698, 2.3340823650360107, 2.6058478355407715, 2.604274034500122, 1.9121413230895996, 2.744110584259033, 1.8516029119491577, 2.6799395084381104, 2.926475763320923, 1.9880571365356445, 1.959024429321289, 1.9636744260787964, 1.502522587776184, 2.7485265731811523, 2.6968467235565186, 1.5015407800674438, 2.8438174724578857, 2.1318864822387695, 1.7988651990890503, 1.12859308719635, 2.3401403427124023, 3.9709112644195557, 2.1739261150360107, 2.8987033367156982, 1.159576654434204, 1.8974207639694214, 2.097301959991455, 2.183318853378296, 2.2992143630981445, 2.54612135887146, 3.563023567199707, 0.9157859086990356, 2.533592939376831, 3.00003981590271, 3.710756540298462, 2.6976356506347656, 1.0252797603607178, 3.924377918243408, 1.939195990562439, 0.0782536044716835, 1.4895880222320557, 2.7849690914154053, 2.6039795875549316, 0.7946122288703918, 2.3924617767333984, 1.8516886234283447, 0.5865986347198486, 2.5363292694091797, 2.2408924102783203, 1.1543201208114624, 2.8112399578094482, 3.0336899757385254, 2.936387062072754, 0.7862411141395569, 1.3884282112121582, 3.0102646350860596, 2.43715238571167, 1.8842285871505737], [1.6611535549163818, 2.9079694747924805, 3.567521333694458, 3.5056254863739014, 1.171200156211853, 1.6223088502883911, 2.9665346145629883, 2.294530153274536, 1.9924510717391968, 2.1158483028411865, 1.6912190914154053, 1.0084573030471802, 1.033143162727356, 2.3545525074005127, 0.09100043773651123, 3.003810167312622, 1.204426884651184, 2.654086112976074, 2.541424512863159, 1.054856300354004, 0.8304252028465271, 2.886225461959839, 1.8281806707382202, 3.0075576305389404, 1.2267524003982544, 1.250221848487854, 3.1268117427825928, 2.0873048305511475, 0.8891302347183228, 2.823303461074829, 3.099552631378174, 3.0011463165283203, 2.628347873687744, 2.291616916656494, 3.6364078521728516, 3.9038772583007812, 3.1057653427124023, 1.9024845361709595, 1.8108584880828857, 2.547771692276001, 1.9134619235992432, 2.0091371536254883, 2.454791784286499, 1.6944156885147095, 4.496130466461182, 2.5163748264312744, 0.7587858438491821, 2.011903762817383, 1.5940254926681519, 1.115673303604126, 1.7815908193588257, 3.692662239074707, 1.9065134525299072, 3.1052358150482178, 2.113907814025879, 4.208518028259277, 1.7726061344146729, 0.6798626184463501, 3.5238280296325684, 0.5692943930625916, 2.5418593883514404, 2.708648920059204, 3.3759493827819824, 2.606369972229004, 2.8683183193206787, 2.4909324645996094, 2.874424695968628, 2.238919973373413, 3.4570224285125732, 2.566255807876587, 1.6130244731903076, 4.613227844238281, 2.313142776489258, 2.9451711177825928, 2.9710781574249268, 3.3427371978759766, 3.1398849487304688, 5.310434818267822, 2.136112928390503, -0.5799474120140076], [4.321945667266846, 1.6402740478515625, 4.072137832641602, 3.6773715019226074, 0.28041690587997437, 2.3297741413116455, 1.617714285850525, 2.4984071254730225, 0.4917859435081482, 2.8642923831939697, 1.512608289718628, 4.0661091804504395, 3.207371950149536, 3.631519317626953, 1.457187533378601, 1.4232006072998047, 2.0102133750915527, 3.108273506164551, 1.495615005493164, 0.7999407052993774, 3.185353994369507, 1.7477020025253296, 1.1788969039916992, 2.1230998039245605, 2.8374459743499756, 2.5735831260681152, 0.7191335558891296, 0.9025009274482727, 4.012528419494629, 1.3345166444778442, 2.2524876594543457, 3.900161027908325, 1.5062587261199951, 2.3203816413879395, 1.1290119886398315, 0.5422837138175964, 1.126392126083374, 0.6701471209526062, 3.291527271270752, 1.0065505504608154, 1.8475842475891113, 1.031457543373108, 0.45034366846084595, 2.1199681758880615, 1.5711487531661987, 3.4084432125091553, 1.811759114265442, 3.3841278553009033, 3.07714581489563, 3.3191356658935547, 2.8669183254241943, 3.8408021926879883, 3.790949583053589, 