{"case": "case57", "dispatch": {"gen": [[2.8179197311401367, 0.07642889022827148, 0.5474059581756592, 0.4161336421966553, 3.064622402191162, 0.8842296600341797, 2.4720966815948486], [0.9853867888450623, 0.9524291753768921, 0.961051344871521, 1.0247762203216553, 0.978736162185669, 0.9732527732849121, 1.0014855861663818]], "load": [[-0.4168672263622284, -0.022836247459053993, -0.34496790170669556, -0.11119023710489273, -0.7368762493133545, -1.410681962966919, -0.9263826608657837, -0.04302091896533966, -3.4946298599243164, -0.14983497560024261, -0.10022594779729843, -0.21572566032409668, -0.3942890465259552, -0.41709619760513306, -0.19334787130355835, -0.02971375174820423, -0.01921001449227333, -0.04449419677257538, -0.05442306771874428, -0.10328985750675201, -0.03239787742495537, -0.1496736705303192, -0.02915690466761589, -0.03335064649581909, -0.015716711059212685, -0.011940422467887402, -0.04337586835026741, -0.11432253569364548, -0.045736610889434814, -0.05226408690214157, -0.019629433751106262, -0.10296086221933365, -0.2964428663253784, -0.14997583627700806, -0.1727374941110611, -0.1331728845834732, -0.04557635262608528, -0.1451483517885208, -0.02337271347641945, -0.06828327476978302, -0.07658663392066956, -0.06162761524319649], [-0.13528642058372498, -0.8878775238990784, -0.14174939692020416, -0.03700766712427139, -0.019025439396500587, -0.19157710671424866, -0.18666549026966095, -0.035880204290151596, -0.19728796184062958, -0.02118130959570408, -0.05332885682582855, -0.037962477654218674, -0.024989916011691093, -0.06824516505002975, -0.10637793689966202, -0.0018147957744076848, -0.008961208164691925, -0.008536811918020248, -0.021421922370791435, 0.003505451837554574, -0.018023498356342316, -0.03138113394379616, -0.007526634261012077, -0.0005785185494460166, 0.014195319265127182, -0.006848175544291735, -0.018968993797898293, -0.06078176945447922, -0.0284652691334486, -0.0375751294195652, -0.016953015699982643, -0.027418427169322968, -0.1083068922162056, -0.08392448723316193, -0.08066970854997635, -0.056482527405023575, -0.018756182864308357, -0.08296001702547073, -0.009095041081309319, -0.02184910885989666, -0.01880643330514431, 0.005943126045167446]]}, "network_state": {"line_states": [[2.6026079654693604, 1.7455028295516968, 1.6754575967788696, 2.050712823867798, 3.8029327392578125, 1.9575856924057007, 1.9125611782073975, 2.511176824569702, 3.052832841873169, 1.7546581029891968, 2.4379661083221436, 2.6087870597839355, 1.004995584487915, 1.3823240995407104, 2.663231611251831, 0.6831772923469543, 4.563146591186523, 1.573569416999817, 1.2222262620925903, 1.9306492805480957, 2.7250759601593018, 2.0485854148864746, 3.241934299468994, 2.5694072246551514, 2.3535494804382324, 2.0586795806884766, 1.4073503017425537, 1.8854944705963135, 2.271468162536621, 2.070925712585449, 0.9919572472572327, 1.4767038822174072, 2.4907398223876953, 2.5430850982666016, 2.6943633556365967, 1.249272346496582, 2.7308435440063477, 2.0815539360046387, 1.0824038982391357, 1.6472567319869995, 3.8327219486236572, 1.8105827569961548, 3.7330923080444336, 1.1272873878479004, 2.932760238647461, 2.6504862308502197, 2.1613829135894775, 2.726116895675659, 2.4358367919921875, 3.5809361934661865, 2.5267980098724365, 2.3427650928497314, 2.4551868438720703, 2.5644776821136475, 2.217019557952881, 2.194133758544922, 2.1363258361816406, 2.294306755065918, 2.0946593284606934, 3.2950501441955566, 3.628422737121582, 1.4380346536636353, 0.3429808020591736, 0.8582798838615417, 2.978576183319092, 0.3836061656475067, 1.7958505153656006, 1.369569182395935, 1.8681919574737549, 3.693117380142212, 3.112299680709839, 3.2627601623535156, 2.645975112915039, 3.110572576522827, 1.2824878692626953, 4.005345344543457, 3.9547383785247803, 2.0983049869537354, 3.048124074935913, 2.2935194969177246], [3.0516955852508545, 2.1104891300201416, 2.511418104171753, 1.4090855121612549, 4.161708831787109, 1.7611125707626343, 2.7865676879882812, 2.87014102935791, 2.5891919136047363, 2.2353708744049072, 2.3730833530426025, 2.254997730255127, 0.9939577579498291, 1.6886769533157349, 3.7416303157806396, 3.0357611179351807, 1.779970645904541, 1.5684696435928345, 2.394043207168579, 0.21552355587482452, 2.8848342895507812, 3.01609468460083, 0.4447750747203827, 3.2862837314605713, 4.541696071624756, 1.506730079650879, 2.6682560443878174, 2.557323932647705, 1.1782618761062622, 3.0268640518188477, 2.074706554412842, 1.3980634212493896, 1.162270426750183, 4.393203258514404, 2.793627977371216, 2.7836363315582275, 2.0827574729919434, 1.0091609954833984, 2.2466320991516113, 2.4104955196380615, 1.9591950178146362, 0.5090115070343018, 1.9902740716934204, 0.9309675097465515, 1.673301339149475, 3.398289442062378, -1.017153263092041, 3.8718748092651367, 2.280963897705078, 1.1411755084991455, 1.6047475337982178, 3.8663060665130615, 2.951636552810669, 1.3846807479858398, 2.5280916690826416, 1.4791322946548462, 1.3805192708969116, 3.918260335922241, 2.6984939575195312, 2.0766563415527344, 3.507422685623169, 2.4742162227630615, 0.8534185290336609, 3.1386911869049072, 1.513615608215332, 3.4525797367095947, 3.9719583988189697, 3.3957858085632324, 3.4679746627807617, 1.9534344673156738, 1.3668514490127563, 2.8004884719848633, 2.557485342025757, 0.818295419216156, 1.4440715312957764, 1.9564764499664307, 1.7370330095291138, 1.4060697555541992, 1.5155274868011475, 1.685056447982788], [3.248786211013794, 1.5418784618377686, 1.7068061828613281, 2.4656550884246826, 2.232088804244995, 2.8447113037109375, 3.1619713306427, 2.2946460247039795, 3.09716534614563, 1.8289309740066528, 2.033524751663208, 2.4911041259765625, 2.077770471572876, 1.8030518293380737, 1.642410397529602, 2.9603922367095947, 2.892533779144287, 3.4030301570892334, 2.115729331970215, 2.3122878074645996, 3.0347137451171875, 0.8484178781509399, 2.502807855606079, 1.3642873764038086, 1.9183663129806519, 1.8674207925796509, 2.907750129699707, 1.8909846544265747, 2.8771462440490723, 1.386962652206421, 2.9029808044433594, 2.6245405673980713, 1.6404638290405273, 0.956390917301178, 3.145540952682495, 2.748629331588745, 2.9644222259521484, 0.9279779195785522, 1.4084415435791016, 1.7777715921401978, 2.19266939163208, 2.9690613746643066, 2.447817325592041, 2.9905121326446533, 1.5209232568740845, 1.859825611114502, 1.902999758720398, 0.9524329900741577, 2.0990359783172607, 2.0594229698181152, 2.713768482208252, 3.345240831375122, 2.6264069080352783, 2.8038811683654785, 4.62545919418335, 2.566392421722412, 2.0442516803741455, 2.3366150856018066, 3.7632813453674316, 1.8948771953582764, 3.0124239921569824, 2.183647394180298, 1.671301007270813, 1.6451858282089233, 2.0153708457946777, 2.399217367172241, 2.4379162788391113, 0.3965573012828827, 0.17734968662261963, 3.0412867069244385, 3.2200891971588135, -0.1415383517742157, 2.164283275604248, 2.3759140968322754, 1.1624462604522705, 0.8514044284820557, 3.1903347969055176, 1.5479665994644165, 1.904122233390808, 1.0283607244491577], [2.1712419986724854, 2.682450771331787, 1.793628215789795, 2.7351455688476562, 4.009387493133545, 3.311950206756592, 1.9323999881744385, 3.0789241790771484, 2.417264223098755, 1.6340361833572388, 0.9793745875358582, 2.377295732498169, 0.558180570602417, 2.282162666320801, 0.5619276165962219, 1.8940274715423584, 1.4831706285476685, 3.0125527381896973, 3.0626747608184814, 1.2616522312164307, 1.9924683570861816, 1.7468962669372559, 0.6713341474533081, 3.8511173725128174, 2.855175256729126, 2.417762517929077, 2.210317850112915, 1.4143471717834473, 1.2690790891647339, 3.74118709564209, 2.565605401992798, 0.7806195020675659, 2.8698959350585938, 1.3897722959518433, 2.081751585006714, 1.9527881145477295, 4.250544548034668, 3.650338649749756, 1.9407503604888916, 4.2879486083984375, 1.3426183462142944, 0.44885385036468506, 1.36430025100708, 2.4080302715301514, 2.7506484985351562, 0.6466466784477234, 2.6169135570526123, 2.1204771995544434, 0.6074273586273193, 2.588569164276123, 1.7060208320617676, 3.3007447719573975, 2.2324764728546143, 