{"case": "case57", "dispatch": {"gen": [[2.8165509700775146, 0.07433420419692993, 0.5394659638404846, 0.41108524799346924, 3.0528645515441895, 0.8867375254631042, 2.4653477668762207], [0.9862613677978516, 0.946185827255249, 0.9595226645469666, 1.031702995300293, 0.9903073906898499, 0.9795446991920471, 0.9981613755226135]], "load": [[-0.41029879450798035, -0.030612118542194366, -0.3488932251930237, -0.09161403775215149, -0.7378420829772949, -1.4115506410598755, -0.9351838231086731, -0.05491301417350769, -3.5201358795166016, -0.14980150759220123, -0.09919071197509766, -0.21407274901866913, -0.3756508231163025, -0.41532695293426514, -0.189787819981575, -0.026640761643648148, -0.023060163483023643, -0.05019260570406914, -0.05115249752998352, -0.08082946389913559, -0.035440292209386826, -0.15093664824962616, -0.036815665662288666, -0.04296097904443741, -6.965972715988755e-05, -0.009210489690303802, -0.047820646315813065, -0.12277783453464508, -0.053214240819215775, -0.04949634149670601, -0.017461789771914482, -0.09955811500549316, -0.2879377603530884, -0.14186127483844757, -0.1632205992937088, -0.13864603638648987, -0.03833357244729996, -0.1436566561460495, -0.0239678006619215, -0.06687657535076141, -0.07301290333271027, -0.04717598110437393], [-0.15022391080856323, -0.8747110962867737, -0.14670535922050476, -0.03291359171271324, -0.015916474163532257, -0.17907623946666718, -0.18184798955917358, -0.021476274356245995, -0.19288673996925354, -0.01195367332547903, -0.04676894471049309, -0.042322345077991486, -0.024526149034500122, -0.0651811733841896, -0.0947972759604454, -0.02111632749438286, -0.0019050021655857563, 0.002310079289600253, -0.01734410785138607, -0.0016475125448778272, -0.014142705127596855, -0.0328134261071682, 0.0015775683568790555, -0.01735501177608967, 0.024140194058418274, 0.0034431754611432552, -0.029193127527832985, -0.0531950406730175, -0.023403504863381386, -0.02857091650366783, -0.010181382298469543, -0.016910657286643982, -0.11890456080436707, -0.06905882060527802, -0.10034805536270142, -0.0508129857480526, -0.01221418846398592, -0.09101859480142593, -0.013150525279343128, -0.020297225564718246, -0.018319906666874886, 0.0010520017240196466]]}, "network_state": {"line_states": [[2.4882283210754395, 1.1905897855758667, 1.5740829706192017, 2.0471036434173584, 3.879523277282715, 1.9342659711837769, 1.9058678150177002, 2.423008441925049, 3.0803956985473633, 1.6577850580215454, 2.4740030765533447, 2.631538152694702, 0.8190976977348328, 1.2526201009750366, 2.656198740005493, 0.7607617378234863, 4.675115585327148, 1.3028441667556763, 1.1228965520858765, 2.0074689388275146, 2.715313196182251, 2.0105998516082764, 3.316188335418701, 2.5770225524902344, 2.2935690879821777, 2.0107216835021973, 1.4029475450515747, 1.901367425918579, 2.2258691787719727, 2.0167174339294434, 0.924362063407898, 1.4299674034118652, 2.5724124908447266, 2.5900421142578125, 2.6385486125946045, 1.2486975193023682, 2.8171024322509766, 2.125032663345337, 0.9823504686355591, 1.5667767524719238, 3.8262500762939453, 1.7523143291473389, 3.777437686920166, 1.039962649345398, 3.007965087890625, 2.7115256786346436, 2.1631808280944824, 2.7132325172424316, 2.401977300643921, 3.689548969268799, 2.443129301071167, 2.434823513031006, 2.4576973915100098, 2.5989959239959717, 2.278425455093384, 2.199092388153076, 2.1095621585845947, 2.372704029083252, 2.109034299850464, 3.385063409805298, 3.7082221508026123, 1.3674688339233398, 0.27880722284317017, 0.7630085945129395, 2.9669864177703857, 0.11542226374149323, 1.765439510345459, 1.3563451766967773, 1.8352077007293701, 3.813720226287842, 3.09084415435791, 3.2845492362976074, 2.639597177505493, 3.2216663360595703, 1.3109318017959595, 4.091860771179199, 4.05333137512207, 2.03127121925354, 3.1088528633117676, 2.2775588035583496], [3.029048442840576, 1.8692196607589722, 2.488952398300171, 1.359697937965393, 4.286722660064697, 1.6336842775344849, 2.7971415519714355, 2.8688552379608154, 2.5390961170196533, 2.21532940864563, 2.3728232383728027, 2.2577686309814453, 0.8639740943908691, 1.614288091659546, 3.778935194015503, 3.0409560203552246, 1.7329062223434448, 1.2711488008499146, 2.4290595054626465, 0.07197167724370956, 2.8921706676483154, 3.027876615524292, 0.22135278582572937, 3.350231409072876, 4.639316558837891, 1.4570906162261963, 2.6764132976531982, 2.586838483810425, 1.0467065572738647, 3.0705196857452393, 2.07218599319458, 1.420130729675293, 1.0515516996383667, 4.525955677032471, 2.8470458984375, 2.8534762859344482, 2.059788227081299, 0.9538368582725525, 2.2708609104156494, 2.38655686378479, 1.9382896423339844, 0.41187584400177, 1.9688048362731934, 0.8497296571731567, 1.6571276187896729, 3.4672303199768066, -0.8808344602584839, 3.9203827381134033, 2.239293098449707, 1.1234374046325684, 1.547074556350708, 3.903355121612549, 2.9621968269348145, 1.3663901090621948, 2.4989631175994873, 1.4239696264266968, 1.4075186252593994, 3.9673023223876953, 2.754040241241455, 2.0653562545776367, 3.552478313446045, 2.459428548812866, 0.8058307766914368, 3.154066324234009, 1.4983338117599487, 3.476726770401001, 4.025386810302734, 3.4447739124298096, 3.575035333633423, 1.8403702974319458, 1.284951090812683, 2.8351075649261475, 2.5469350814819336, 0.6953533887863159, 1.3504822254180908, 1.9926756620407104, 1.749016523361206, 1.3710920810699463, 1.499265432357788, 1.6470752954483032], [3.2125558853149414, 0.43026724457740784, 1.7469781637191772, 2.3799734115600586, 2.181243896484375, 2.878587007522583, 3.1998660564422607, 2.2421481609344482, 3.1706349849700928, 1.7070367336273193, 2.1074953079223633, 2.5527377128601074, 2.099210500717163, 1.6999008655548096, 1.609060287475586, 2.908877372741699, 2.883876085281372, 3.4413580894470215, 2.1938469409942627, 2.4447715282440186, 3.025144100189209, 0.6182639598846436, 2.482741594314575, 1.3133840560913086, 1.9539717435836792, 1.8439909219741821, 2.8730292320251465, 1.826323390007019, 2.9415721893310547, 1.3571511507034302, 2.8791728019714355, 2.6923062801361084, 1.5484497547149658, 0.8414056301116943, 3.18975567817688, 2.7119016647338867, 3.0341241359710693, 0.9405093789100647, 1.4544382095336914, 1.7394437789916992, 2.2800581455230713, 3.0299627780914307, 2.566194772720337, 3.0622193813323975, 1.4259555339813232, 1.8907546997070312, 1.9602738618850708, 0.8432263731956482, 2.165470600128174, 2.0732407569885254, 2.773439884185791, 3.4497299194335938, 2.7039599418640137, 2.7871041297912598, 4.774688720703125, 2.5558650493621826, 2.0171918869018555, 2.402930498123169, 3.7869343757629395, 1.9219703674316406, 3.0268824100494385, 2.1508278846740723, 1.5916789770126343, 1.6441314220428467, 2.00115704536438, 2.4329497814178467, 2.385921001434326, 0.31691133975982666, -0.05611167848110199, 3.0386545658111572, 3.2033073902130127, -0.13100650906562805, 2.2160165309906006, 2.2995388507843018, 1.232883334159851, 0.6801466345787048, 3.253204107284546, 1.6256009340286255, 1.980825662612915, 0.9405501484870911], [1.2938581705093384, 2.6395483016967773, 1.777606725692749, 2.7231359481811523, 4.083189010620117, 3.4004650115966797, 1.7732386589050293, 2.9947500228881836, 2.4140825271606445, 1.5806379318237305, 0.7560523748397827, 2.295793294906616, 0.27477213740348816, 2.2613582611083984, 0.36924779415130615, 1.8914268016815186, 1.427661418914795, 2.9459095001220703, 3.1601035594940186, 1.1896076202392578, 2.0411839485168457, 1.6798871755599976, 0.5153834819793701, 3.8755481243133545, 2.951491594314575, 2.354703187942505, 2.116276264190674, 1.3367985486984253, 1.2234525680541992, 3.7198660373687744, 2.6081337928771973, 0.6423495411872864, 2.9366681575775146, 1.376244306564331, 2.010460138320923, 1.8746414184570312, 4.292698860168457, 3.777876853942871, 1.9831323623657227, 4.271152496337891, 1.396402359008789, 0.3392167389392853, 1.3608530759811401, 2.440791368484497, 2.748324155807495, 0.6720577478408813, 2.7057766914367676, 2.214735746383667, 0.4964347183704376, 2.626573324203491, 1.6109111309051514, 3.379591703414917, 