{"case": "case57", "dispatch": {"gen": [[2.8081321716308594, 0.07769452780485153, 0.5453234910964966, 0.41850507259368896, 3.050495147705078, 0.8817439079284668, 2.4781463146209717], [1.0035665035247803, 0.9828983545303345, 0.9927704930305481, 0.9820694923400879, 0.9671884775161743, 0.9683500528335571, 1.007217526435852]], "load": [[-0.4213676452636719, -0.024666624143719673, -0.3405139148235321, -0.10748610645532608, -0.723890483379364, -1.421473503112793, -0.9230477213859558, -0.04186447337269783, -3.5019772052764893, -0.14787828922271729, -0.09084569662809372, -0.20030991733074188, -0.3800603449344635, -0.39834389090538025, -0.21598009765148163, -0.027988815680146217, -0.018699338659644127, -0.0507960319519043, -0.05531113222241402, -0.082719586789608, -0.0392746701836586, -0.14264187216758728, -0.029724806547164917, -0.04840781167149544, -0.011801470071077347, -0.02906249649822712, -0.04875488206744194, -0.11409565806388855, -0.05324931442737579, -0.05643215402960777, -0.014933692291378975, -0.10160927474498749, -0.27438268065452576, -0.14847390353679657, -0.17255963385105133, -0.14739114046096802, -0.043120209127664566, -0.15937887132167816, -0.03298826888203621, -0.05814749747514725, -0.060026705265045166, -0.054966289550065994], [-0.14496402442455292, -0.8554720878601074, -0.16563808917999268, -0.03342654928565025, -0.016634412109851837, -0.1836981624364853, -0.19917415082454681, -0.015446092933416367, -0.19570404291152954, -0.01756017468869686, -0.045192308723926544, -0.03984512761235237, -0.025043949484825134, -0.06783521920442581, -0.08576815575361252, -0.004224422853440046, -0.007487942930310965, -0.015906866639852524, -0.02389364317059517, -0.003599618561565876, -0.01870710402727127, -0.020106172189116478, -0.012756277807056904, -0.02194959484040737, -0.005706792697310448, -0.013441826216876507, -0.02415173314511776, -0.05684000253677368, -0.023511501029133797, -0.033410780131816864, -0.007099007721990347, -0.014463715255260468, -0.10185059159994125, -0.07072650641202927, -0.08990760892629623, -0.04301201552152634, -0.0167484562844038, -0.08105269074440002, -0.00984475389122963, -0.024398867040872574, -0.016173003241419792, -0.014910222962498665]]}, "network_state": {"line_states": [[2.4731080532073975, 1.3018767833709717, 1.6459554433822632, 2.0737383365631104, 3.732342481613159, 1.971982717514038, 1.9462672472000122, 2.421891450881958, 3.0092344284057617, 1.718837857246399, 2.4610586166381836, 2.6024608612060547, 0.9578230381011963, 1.354735255241394, 2.6248691082000732, 0.9091751575469971, 4.452794551849365, 1.4049893617630005, 1.2367768287658691, 2.0379528999328613, 2.6784934997558594, 2.0406649112701416, 3.222701072692871, 2.553231716156006, 2.2993733882904053, 2.040565252304077, 1.4910197257995605, 1.9426993131637573, 2.235342264175415, 2.045736074447632, 1.0575428009033203, 1.5149149894714355, 2.5491342544555664, 2.5654358863830566, 2.6086838245391846, 1.3509172201156616, 2.7708146572113037, 2.1446003913879395, 1.1102648973464966, 1.639003038406372, 3.6839675903320312, 1.8063411712646484, 3.639768123626709, 1.161502718925476, 2.9435932636260986, 2.675283670425415, 2.1786751747131348, 2.6766180992126465, 2.394702672958374, 3.560486316680908, 2.431767225265503, 2.42492413520813, 2.445220947265625, 2.5733745098114014, 2.2831296920776367, 2.211089849472046, 2.129795551300049, 2.368645191192627, 2.130009412765503, 3.2849271297454834, 3.5774729251861572, 1.4582927227020264, 0.47433772683143616, 0.9095451235771179, 2.906444549560547, 0.3228081166744232, 1.8191975355148315, 1.4493064880371094, 1.8812059164047241, 3.673323392868042, 3.0182993412017822, 3.193734884262085, 2.6102185249328613, 3.1373534202575684, 1.4072215557098389, 3.924795389175415, 3.890113592147827, 2.058877468109131, 3.034709930419922, 2.282162666320801], [2.962726593017578, 1.9133937358856201, 2.473489999771118, 1.4520939588546753, 4.101271629333496, 1.6994705200195312, 2.7527220249176025, 2.817591905593872, 2.5187582969665527, 2.2257089614868164, 2.3685526847839355, 2.264463186264038, 1.0036072731018066, 1.6814974546432495, 3.640960454940796, 2.973172664642334, 1.7888484001159668, 1.374314308166504, 2.419686794281006, 0.2846458852291107, 2.8386166095733643, 2.9616141319274902, 0.4203779399394989, 3.2534823417663574, 4.420098304748535, 1.5394048690795898, 2.643298625946045, 2.5625157356262207, 1.1673272848129272, 2.999934673309326, 2.0962188243865967, 1.5063523054122925, 1.1720633506774902, 4.317533016204834, 2.797783613204956, 2.803722620010376, 2.084958791732788, 1.0802580118179321, 2.276113510131836, 2.380453586578369, 1.974761962890625, 0.5753721594810486, 2.0011658668518066, 0.9899256229400635, 1.7205699682235718, 3.3594746589660645, -0.6728413105010986, 3.769108295440674, 2.2468552589416504, 1.2303690910339355, 1.6205142736434937, 3.7537753582000732, 2.9016947746276855, 1.456940770149231, 2.4826674461364746, 1.5091204643249512, 1.4943140745162964, 3.8116304874420166, 2.7139718532562256, 2.0888023376464844, 3.436307191848755, 2.4468789100646973, 0.9500150084495544, 3.0756664276123047, 1.5768190622329712, 3.3675997257232666, 3.8642616271972656, 3.3388864994049072, 3.4568212032318115, 1.8861432075500488, 1.3829175233840942, 2.7869675159454346, 2.5261545181274414, 0.8480154871940613, 1.4424980878829956, 2.02449107170105, 1.8043171167373657, 1.460780382156372, 1.5754936933517456, 1.7112849950790405], [3.128636121749878, 0.605600893497467, 1.8019460439682007, 2.3747401237487793, 2.195322275161743, 2.8267369270324707, 3.116865873336792, 2.261869430541992, 3.0906732082366943, 1.7644237279891968, 2.1297781467437744, 2.5314459800720215, 2.120968818664551, 1.7616568803787231, 1.6801201105117798, 2.8536322116851807, 2.83099365234375, 3.335888624191284, 2.206908941268921, 2.4338531494140625, 2.958815097808838, 0.7763700485229492, 2.4688222408294678, 1.4108428955078125, 1.9951372146606445, 1.8901668787002563, 2.8212218284606934, 1.8765519857406616, 2.8834261894226074, 1.4491606950759888, 2.826704978942871, 2.657682180404663, 1.6220836639404297, 0.9817310571670532, 3.1082918643951416, 2.675150156021118, 2.967194080352783, 1.0748746395111084, 1.5377720594406128, 1.7953550815582275, 2.284364700317383, 2.9630253314971924, 2.5435304641723633, 2.992387294769287, 1.5111207962036133, 1.9320143461227417, 1.9950623512268066, 0.9837582111358643, 2.1807146072387695, 2.09739089012146, 2.7313578128814697, 3.343327522277832, 2.6682467460632324, 2.743546485900879, 4.542891502380371, 2.534168243408203, 2.046682119369507, 2.3955931663513184, 3.6483254432678223, 1.959767460823059, 2.960496187210083, 2.1677491664886475, 1.6615649461746216, 1.7087959051132202, 2.032027244567871, 2.423236608505249, 2.380457639694214, 0.5122789144515991, 0.15007175505161285, 2.9709925651550293, 3.1200757026672363, 0.1113566905260086, 2.226973295211792, 2.3022265434265137, 1.3367104530334473, 0.8377806544303894, 3.1653575897216797, 1.692147970199585, 2.0131754875183105, 1.0720131397247314], [1.3927953243255615, 2.610072135925293, 1.8296046257019043, 2.6854984760284424, 3.9169249534606934, 3.2986295223236084, 1.8258148431777954, 2.9333128929138184, 2.4049816131591797, 1.6488142013549805, 0.8981006741523743, 2.297586441040039, 0.4650411009788513, 2.2677218914031982, 0.5026717782020569, 1.931412935256958, 1.5109161138534546, 2.887662410736084, 3.081218957901001, 1.296826958656311, 2.0681934356689453, 1.7412010431289673, 0.6906041502952576, 3.7286460399627686, 2.892674446105957, 2.3514137268066406, 2.1352338790893555, 1.4327162504196167, 1.3285328149795532, 3.5877277851104736, 2.5817036628723145, 0.8017752766609192, 2.8791399002075195, 1.4659144878387451, 2.040043830871582, 1.917204737663269, 4.106534481048584, 3.640566825866699, 2.015979290008545, 4.086679935455322, 1.4851073026657104, 0.5261721014976501, 1.4518901109695435, 2.4298086166381836, 2.7082653045654297, 0.8272066712379456, 2.6699137687683105, 2.225529670715332, 0.6694249510765076, 2.5982930660247803, 1.678479790687561, 3.280017137527466, 2.147463798522949, 