{"case": "case57", "dispatch": {"gen": [[0.27386125922203064, 0.1375836879014969, 0.709183931350708, 0.9517911076545715, 3.233520030975342, 0.8457444906234741, 1.6567516326904297], [1.0218439102172852, 1.0081877708435059, 1.0045915842056274, 1.0082693099975586, 0.9995839595794678, 0.9788694381713867, 0.9892299771308899]], "load": [[-0.504518985748291, -0.026311760768294334, -0.36760953068733215, -0.10415732860565186, -0.6622490882873535, -1.0686005353927612, -0.872639536857605, -0.04863813892006874, -3.7519915103912354, -0.12629914283752441, -0.08446497470140457, -0.18822462856769562, -0.4007326364517212, -0.3645358979701996, -0.2233504056930542, -0.020647985860705376, -0.016668209806084633, -0.05474647879600525, -0.046057187020778656, -0.06656675040721893, -0.032992828637361526, -0.133687362074852, -0.03511720150709152, -0.056142669171094894, -0.0114382179453969, -0.03476867452263832, -0.059011612087488174, -0.1100858673453331, -0.049365703016519547, -0.06310703605413437, -0.019596537575125694, -0.08951839059591293, -0.28840070962905884, -0.15422622859477997, -0.16645316779613495, -0.16891704499721527, -0.040764737874269485, -0.19074532389640808, -0.03651561215519905, -0.04957479238510132, -0.05913897231221199, -0.04767927899956703], [-0.14238585531711578, -0.7064844965934753, -0.19692260026931763, -0.028533095493912697, -0.01518146600574255, -0.17867745459079742, -0.24119651317596436, -0.01438227016478777, -0.19705432653427124, -0.021045731380581856, -0.04352173954248428, -0.03633091226220131, -0.029078807681798935, -0.06905463337898254, -0.08854342997074127, -0.004429586697369814, -0.0073579661548137665, -0.015446373261511326, -0.023083485662937164, -0.003698061453178525, -0.016901127994060516, -0.025183727964758873, -0.017642322927713394, -0.02103946916759014, -0.007752209901809692, -0.013936453498899937, -0.022158201783895493, -0.06907162070274353, -0.028996389359235764, -0.04273110628128052, -0.009721008129417896, -0.0215129517018795, -0.09087761491537094, -0.0828888863325119, -0.09986155480146408, -0.04084545001387596, -0.021346116438508034, -0.09726205468177795, -0.011791067197918892, -0.024536123499274254, -0.01851695403456688, -0.019597571343183517]]}, "network_state": {"line_states": [[2.256588935852051, 2.326524496078491, 2.3652963638305664, 2.3176379203796387, 2.1443281173706055, 2.3011181354522705, 2.0641584396362305, 2.190793752670288, 2.3090364933013916, 2.293891668319702, 2.5478720664978027, 2.4256067276000977, 2.437069892883301, 2.2695364952087402, 2.296917200088501, 2.49300479888916, 2.519548177719116, 2.380782127380371, 2.09816837310791, 2.229071855545044, 2.3378498554229736, 2.554938793182373, 2.34999942779541, 2.2174642086029053, 2.1736786365509033, 2.089322090148926, 2.258885145187378, 2.316927194595337, 2.247788190841675, 2.5100409984588623, 2.4295778274536133, 2.307879686355591, 2.481398105621338, 2.3937251567840576, 2.3352668285369873, 2.2721428871154785, 2.263951301574707, 2.3116018772125244, 2.530289888381958, 2.2660129070281982, 2.3511810302734375, 2.524064302444458, 2.382014036178589, 2.494619131088257, 2.403233289718628, 2.338087320327759, 2.116610288619995, 2.4373836517333984, 2.2247602939605713, 2.417328119277954, 2.2740259170532227, 2.2581095695495605, 2.236531972885132, 2.5034983158111572, 2.3801393508911133, 2.323319911956787, 2.3501484394073486, 2.3373053073883057, 2.6058781147003174, 2.2481698989868164, 2.2310380935668945, 2.0577118396759033, 2.3659353256225586, 2.0673742294311523, 2.3919155597686768, 2.337195634841919, 2.6127712726593018, 2.38771915435791, 2.406134843826294, 2.4489431381225586, 2.3626832962036133, 2.2661054134368896, 2.4935057163238525, 2.214693546295166, 2.112945079803467, 2.438422203063965, 2.4793922901153564, 2.5213420391082764, 2.2937238216400146, 2.1703126430511475], [2.2996861934661865, 2.3109047412872314, 2.3758046627044678, 2.4600777626037598, 2.267442464828491, 2.319089651107788, 2.1302106380462646, 2.3930795192718506, 2.3965156078338623, 2.3275680541992188, 2.4611504077911377, 2.3660318851470947, 2.1943142414093018, 2.0746138095855713, 2.434208869934082, 2.0205202102661133, 2.2481513023376465, 2.4449594020843506, 2.4165868759155273, 2.2560837268829346, 2.5860462188720703, 2.4563257694244385, 2.2050628662109375, 2.3889262676239014, 2.259911298751831, 2.3674156665802, 2.1130735874176025, 2.140130043029785, 2.2398948669433594, 2.2745494842529297, 2.038587808609009, 2.3668746948242188, 2.2945151329040527, 2.4012272357940674, 2.321718215942383, 2.297276496887207, 2.381744146347046, 2.3885321617126465, 2.456869125366211, 2.551485776901245, 2.2708792686462402, 2.4726319313049316, 2.2515788078308105, 2.360729455947876, 2.414893388748169, 2.5300514698028564, 2.4404454231262207, 2.1930112838745117, 2.526411771774292, 2.295576810836792, 2.2367818355560303, 2.511979341506958, 2.359008312225342, 2.406200408935547, 1.9744857549667358, 2.2713494300842285, 2.1638541221618652, 2.340358257293701, 2.4787728786468506, 2.359957218170166, 2.487394332885742, 2.047513723373413, 2.5160396099090576, 2.3646557331085205, 2.4035630226135254, 2.4554898738861084, 2.190739393234253, 2.4264607429504395, 2.4546639919281006, 2.243734359741211, 2.164533853530884, 2.1975526809692383, 2.4213128089904785, 2.2523193359375, 2.3912405967712402, 2.3268232345581055, 2.3647358417510986, 2.3319175243377686, 2.158012628555298, 2.295701265335083], [2.542881965637207, 2.3171732425689697, 2.0045390129089355, 2.4558069705963135, 2.4307498931884766, 2.1526217460632324, 2.1868011951446533, 2.601032257080078, 2.443894147872925, 1.9418753385543823, 2.19234561920166, 2.3628146648406982, 2.4009318351745605, 2.3044233322143555, 2.100961208343506, 2.5832865238189697, 2.277045965194702, 2.331792116165161, 2.3435604572296143, 2.3379664421081543, 2.4411354064941406, 2.250028610229492, 2.546072244644165, 2.1352016925811768, 2.2666587829589844, 2.2215449810028076, 2.3144471645355225, 2.3300859928131104, 2.453254222869873, 2.4583051204681396, 2.381037950515747, 2.225287437438965, 2.194505453109741, 2.208832025527954, 2.2895753383636475, 2.3524982929229736, 2.471555709838867, 2.3091323375701904, 1.9447330236434937, 2.4639499187469482, 2.270756959915161, 2.2662928104400635, 2.261242628097534, 2.3724803924560547, 2.3058154582977295, 2.151488780975342, 2.464686870574951, 2.5130510330200195, 2.544858932495117, 2.4089183807373047, 2.302255153656006, 2.3834187984466553, 2.249631404876709, 2.2265625, 2.3007214069366455, 2.185723066329956, 2.4468648433685303, 2.1334078311920166, 2.492061138153076, 2.5400936603546143, 2.4702510833740234, 2.0861077308654785, 2.293063163757324, 2.5227906703948975, 2.2234745025634766, 2.466414451599121, 2.3881804943084717, 2.394376039505005, 2.450124740600586, 2.3670530319213867, 2.1222329139709473, 2.3582520484924316, 2.47357177734375, 2.1292896270751953, 2.365692138671875, 2.2764804363250732, 2.2360544204711914, 2.471297264099121, 2.510629177093506, 2.1649744510650635], [2.3984463214874268, 2.219545841217041, 2.406581401824951, 2.6573660373687744, 2.2987756729125977, 2.159891366958618, 2.2757210731506348, 2.3660495281219482, 2.281991958618164, 2.3391168117523193, 2.204277992248535, 2.0937790870666504, 2.1444928646087646, 2.240593910217285, 2.3285422325134277, 2.3069379329681396, 2.3619813919067383, 2.270879030227661, 2.2855703830718994, 2.2600977420806885, 2.156881809234619, 2.5193347930908203, 2.44158935546875, 2.2267372608184814, 2.303311586380005, 2.4032328128814697, 2.1548609733581543, 2.3336081504821777, 2.3395729064941406, 2.3704495429992676, 2.569326162338257, 2.352614164352417, 2.4018161296844482, 2.641645908355713, 2.2088797092437744, 2.2787952423095703, 2.495159149169922, 2.4778714179992676, 2.292999744415283, 2.274294137954712, 2.449625253677368, 2.348240852355957, 2.3311197757720947, 2.110827684402466, 2.1631693840026855, 2.4323883056640625, 2.0308377742767334, 2.224229097366333, 2.4568827152252197, 2.211498737335205, 2.4295895099639893, 2.1687002182006836, 2.374267339706421, 2.1275861263275146, 