{"case": "case57", "dispatch": {"gen": [[0.8977365493774414, 0.6921812295913696, 1.370511770248413, 0.3891953229904175, 4.009308338165283, 0.616446316242218, 1.1949777603149414], [0.9832249283790588, 0.9887176752090454, 0.9998880624771118, 1.019757866859436, 1.033626914024353, 0.9939671754837036, 0.9819310307502747]], "load": [[-0.5331494808197021, -0.022270936518907547, -0.29131972789764404, -0.1088116392493248, -0.6279449462890625, -1.0976959466934204, -0.9805209040641785, -0.04609321802854538, -3.4223430156707764, -0.16215375065803528, -0.07887791842222214, -0.19818677008152008, -0.3397016227245331, -0.3704428970813751, -0.22702868282794952, -0.02746094949543476, -0.01954401098191738, -0.0474688783288002, -0.06009697541594505, -0.0769575834274292, -0.03422251716256142, -0.14274296164512634, -0.03420080244541168, -0.04318826273083687, -0.015231063589453697, -0.028782272711396217, -0.05733960494399071, -0.12319735437631607, -0.04925623908638954, -0.06794053316116333, -0.015169987455010414, -0.09271516650915146, -0.27284082770347595, -0.13803908228874207, -0.18741807341575623, -0.15212218463420868, -0.040017519146203995, -0.1921539455652237, -0.03890788555145264, -0.050580523908138275, -0.07174083590507507, -0.05638763681054115], [-0.14863519370555878, -0.6586767435073853, -0.18180707097053528, -0.030875099822878838, -0.01514460425823927, -0.20844532549381256, -0.21899603307247162, -0.01889760047197342, -0.19560670852661133, -0.021604890003800392, -0.04004216194152832, -0.044823117554187775, -0.027602052316069603, -0.07114125043153763, -0.07361951470375061, -0.0056117232888937, -0.008656552992761135, -0.0198480486869812, -0.024255484342575073, -0.004744169767946005, -0.01730666309595108, -0.02467307820916176, -0.016945630311965942, -0.02737860195338726, -0.007517562247812748, -0.01429977547377348, -0.02830231562256813, -0.06332973390817642, -0.02475130558013916, -0.032950229942798615, -0.007580512203276157, -0.017787525430321693, -0.09142522513866425, -0.0719674602150917, -0.10090121626853943, -0.04693568870425224, -0.016601117327809334, -0.08489671349525452, -0.010296734049916267, -0.028195498511195183, -0.021206030622124672, -0.015179716050624847]]}, "network_state": {"line_states": [[2.347473621368408, 2.3378994464874268, 2.334869861602783, 2.3305015563964844, 2.349475860595703, 2.339221715927124, 2.303104877471924, 2.3051068782806396, 2.331390380859375, 2.306713342666626, 2.3499655723571777, 2.3606159687042236, 2.3254477977752686, 2.333209753036499, 2.3057398796081543, 2.3184432983398438, 2.2931227684020996, 2.3293797969818115, 2.3159339427948, 2.3147799968719482, 2.339709997177124, 2.353750705718994, 2.323626756668091, 2.340745210647583, 2.3301644325256348, 2.2960691452026367, 2.331070899963379, 2.3155386447906494, 2.340792417526245, 2.317894697189331, 2.3168704509735107, 2.3045601844787598, 2.325052499771118, 2.339254856109619, 2.3108084201812744, 2.290832281112671, 2.3276939392089844, 2.3205618858337402, 2.3496670722961426, 2.3623929023742676, 2.3201355934143066, 2.3133132457733154, 2.3352105617523193, 2.302478790283203, 2.3032824993133545, 2.3217241764068604, 2.3348941802978516, 2.344083786010742, 2.3317668437957764, 2.3227739334106445, 2.3452253341674805, 2.345888376235962, 2.2912423610687256, 2.357226848602295, 2.3355841636657715, 2.31948184967041, 2.3171157836914062, 2.3163764476776123, 2.3464505672454834, 2.3253424167633057, 2.31148099899292, 2.323150873184204, 2.3068957328796387, 2.3402445316314697, 2.2812085151672363, 2.348052740097046, 2.3174242973327637, 2.310275077819824, 2.3006815910339355, 2.3332371711730957, 2.310006856918335, 2.3318474292755127, 2.3136301040649414, 2.3509068489074707, 2.301687717437744, 2.278106689453125, 2.316035747528076, 2.298051357269287, 2.3330061435699463, 2.3111977577209473], [2.332322359085083, 2.344749689102173, 2.335891008377075, 2.3330886363983154, 2.334649085998535, 2.310555934906006, 2.348064661026001, 2.3155629634857178, 2.327455759048462, 2.334602117538452, 2.3270986080169678, 2.312072277069092, 2.3135948181152344, 2.3146536350250244, 2.337162494659424, 2.331148147583008, 2.328972339630127, 2.357659101486206, 2.327162981033325, 2.2959108352661133, 2.320539712905884, 2.3419318199157715, 2.31099271774292, 2.320145606994629, 2.344844341278076, 2.3325212001800537, 2.3217129707336426, 2.35482120513916, 2.313595771789551, 2.32611346244812, 2.3134689331054688, 2.300321102142334, 2.323221206665039, 2.3417816162109375, 2.332756280899048, 2.3325812816619873, 2.3268799781799316, 2.342221736907959, 2.3301191329956055, 2.2907745838165283, 2.361978530883789, 2.3136024475097656, 2.284806966781616, 2.319655179977417, 2.3417601585388184, 2.3375661373138428, 2.304218292236328, 2.287400484085083, 2.296224355697632, 2.29086971282959, 2.305696725845337, 2.309455633163452, 2.32224440574646, 2.302703619003296, 2.340224266052246, 2.3424766063690186, 2.348179817199707, 2.3180136680603027, 2.3219971656799316, 2.3274385929107666, 2.3344674110412598, 2.3120675086975098, 2.339174747467041, 2.31817364692688, 2.3220510482788086, 2.346827268600464, 2.332760810852051, 2.320640802383423, 2.3340725898742676, 2.3315768241882324, 2.336733341217041, 2.330615520477295, 2.3149161338806152, 2.349390745162964, 2.331777811050415, 2.341670036315918, 2.3335258960723877, 2.314053773880005, 2.3119289875030518, 2.3283846378326416], [2.320160388946533, 2.3538613319396973, 2.2941739559173584, 2.3459413051605225, 2.3204894065856934, 2.354213237762451, 2.323060989379883, 2.336488962173462, 2.292982578277588, 2.298924446105957, 2.3281896114349365, 2.3339762687683105, 2.2978906631469727, 2.325993299484253, 2.3069965839385986, 2.29860520362854, 2.3254811763763428, 2.310041666030884, 2.3264243602752686, 2.317117929458618, 2.3121421337127686, 2.336212396621704, 2.3172693252563477, 2.326085329055786, 2.3250386714935303, 2.3047399520874023, 2.3301589488983154, 2.328395128250122, 2.3033523559570312, 2.3495047092437744, 2.3121795654296875, 2.332775831222534, 2.3327667713165283, 2.325303554534912, 2.31711745262146, 2.3345236778259277, 2.3334884643554688, 2.315864324569702, 2.316983461380005, 2.336559534072876, 2.3275389671325684, 2.344146728515625, 2.3172552585601807, 2.313943862915039, 2.345714569091797, 2.3267040252685547, 2.3186938762664795, 2.300920009613037, 2.319993495941162, 2.3565244674682617, 2.296480655670166, 2.3098676204681396, 2.3318498134613037, 2.3181238174438477, 2.3109376430511475, 2.322868585586548, 2.3194684982299805, 2.3188188076019287, 2.357318162918091, 2.3109378814697266, 2.3157477378845215, 2.3166136741638184, 2.3561530113220215, 2.314171552658081, 2.338836908340454, 2.3205645084381104, 2.34273099899292, 2.32525634765625, 2.3554677963256836, 2.318854808807373, 2.2893896102905273, 2.325580358505249, 2.335343599319458, 2.298527717590332, 2.317403793334961, 2.298687696456909, 2.3525989055633545, 2.334441661834717, 2.308786392211914, 2.296966791152954], [2.32734751701355, 2.3176259994506836, 2.363898515701294, 2.3365509510040283, 2.302053451538086, 2.323117256164551, 2.3476407527923584, 2.3268237113952637, 2.331317663192749, 2.3290889263153076, 2.327059030532837, 2.316185474395752, 2.3478190898895264, 2.361652135848999, 2.347101926803589, 2.35730242729187, 2.3497161865234375, 2.3460545539855957, 2.291692018508911, 2.312882900238037, 2.350308656692505, 2.296424388885498, 2.351362705230713, 2.3247578144073486, 2.317747116088867, 2.3240649700164795, 2.3468422889709473, 2.346590280532837, 2.2982990741729736, 2.333298683166504, 2.349982738494873, 2.324331045150757, 2.317172050476074, 2.302027463912964, 2.3334033489227295, 2.3169643878936768, 2.333030939102173, 2.2858386039733887, 2.344054698944092, 2.3390324115753174, 2.3071844577789307, 2.3345420360565186, 2.330463171005249, 2.2949655055999756, 2.352571487426758, 2.3158175945281982, 2.3351571559906006, 2.350248098373413, 2.3333773612976074, 2.3326051235198975, 2.3132131099700928, 2.3510241508483887, 2.317586660385132, 2.314558506011963, 2.335101366043091, 2.2941455841064453, 