{"case": "case57", "dispatch": {"gen": [[1.111041784286499, 0.7090504765510559, 1.1828519105911255, 0.6629263758659363, 3.2683088779449463, 0.3558396100997925, 1.378352165222168], [1.0131688117980957, 1.0109531879425049, 1.0124914646148682, 1.009667158126831, 0.9995691180229187, 0.9730755686759949, 0.9756453633308411]], "load": [[-0.5106110572814941, -0.025379478931427002, -0.3221752643585205, -0.11074903607368469, -0.6326402425765991, -1.0873067378997803, -1.1791032552719116, -0.04422377422451973, -3.113395929336548, -0.15495611727237701, -0.09104230999946594, -0.17778915166854858, -0.35284537076950073, -0.3499445915222168, -0.20911678671836853, -0.027562417089939117, -0.019845327362418175, -0.052320901304483414, -0.05185355618596077, -0.07577668130397797, -0.039092421531677246, -0.13417428731918335, -0.02898321859538555, -0.048956215381622314, -0.013070068322122097, -0.03275357186794281, -0.048255451023578644, -0.11308512836694717, -0.05476931855082512, -0.06180344894528389, -0.017574019730091095, -0.09603594988584518, -0.26567181944847107, -0.15529733896255493, -0.18002250790596008, -0.15604530274868011, -0.04295773431658745, -0.17847399413585663, -0.03582015633583069, -0.06010393053293228, -0.06334877014160156, -0.055569715797901154], [-0.15119868516921997, -0.8518038392066956, -0.18947160243988037, -0.03482474386692047, -0.016746120527386665, -0.18138261139392853, -0.2052476853132248, -0.016632892191410065, -0.21326352655887604, -0.02046417072415352, -0.04715621471405029, -0.04376981779932976, -0.024800419807434082, -0.07026020437479019, -0.0823027566075325, -0.004857179243117571, -0.008209293708205223, -0.01694861613214016, -0.027845332399010658, -0.004029445815831423, -0.020308667793869972, -0.021069146692752838, -0.015002037398517132, -0.025501184165477753, -0.006944907829165459, -0.01577218435704708, -0.02604711800813675, -0.061535317450761795, -0.02591998502612114, -0.038889329880476, -0.008866393938660622, -0.014825624413788319, -0.09914711117744446, -0.06919216364622116, -0.09313269704580307, -0.046945568174123764, -0.018538637086749077, -0.08113566786050797, -0.011543204076588154, -0.02805584855377674, -0.01772255450487137, -0.017261944711208344]]}, "network_state": {"line_states": [[2.32633113861084, 2.3264858722686768, 2.328038454055786, 2.327103614807129, 2.327915906906128, 2.326856851577759, 2.3272407054901123, 2.4081687927246094, 2.3291499614715576, 2.321673631668091, 2.3430886268615723, 2.3230109214782715, 2.3243722915649414, 2.3283231258392334, 2.332911968231201, 2.3280880451202393, 2.3274343013763428, 2.3284666538238525, 2.326368570327759, 2.3263559341430664, 2.326564073562622, 2.3278419971466064, 2.3406782150268555, 2.327765941619873, 2.3529090881347656, 2.326752185821533, 2.3274831771850586, 2.3312642574310303, 2.3269848823547363, 2.3266215324401855, 2.3263254165649414, 2.3263437747955322, 2.3263661861419678, 2.326465606689453, 2.3266215324401855, 2.326615810394287, 2.3264899253845215, 2.3271126747131348, 2.3268096446990967, 2.326751708984375, 2.3271803855895996, 2.3264689445495605, 2.326488733291626, 2.326266288757324, 2.326361656188965, 2.326385021209717, 2.3263707160949707, 2.3263418674468994, 2.326530694961548, 2.3277809619903564, 2.3264591693878174, 2.326422691345215, 2.326361656188965, 2.3264005184173584, 2.326073408126831, 2.326420307159424, 2.3266422748565674, 2.326080322265625, 2.3281009197235107, 2.3269853591918945, 2.326401948928833, 2.3260838985443115, 2.3268821239471436, 2.325579881668091, 2.326423406600952, 2.3264214992523193, 2.3297297954559326, 2.3273563385009766, 2.3239147663116455, 2.3232195377349854, 2.326378345489502, 2.3279147148132324, 2.3276712894439697, 2.326120376586914, 2.3263604640960693, 2.3271877765655518, 2.326270341873169, 2.325655221939087, 2.3259875774383545, 2.326497793197632], [2.326326847076416, 2.3265535831451416, 2.3280715942382812, 2.3271939754486084, 2.3277761936187744, 2.326950788497925, 2.3272008895874023, 2.4094114303588867, 2.3290650844573975, 2.3215653896331787, 2.3431577682495117, 2.32292103767395, 2.324328660964966, 2.3284482955932617, 2.3329837322235107, 2.3281781673431396, 2.3274216651916504, 2.328493595123291, 2.3264665603637695, 2.3263437747955322, 2.3266184329986572, 2.3278839588165283, 2.3407695293426514, 2.3277668952941895, 2.353166341781616, 2.32680082321167, 2.327538013458252, 2.3313517570495605, 2.326969623565674, 2.32653546333313, 2.3263278007507324, 2.326340675354004, 2.326366662979126, 2.32643985748291, 2.3266103267669678, 2.3266756534576416, 2.3264498710632324, 2.327052593231201, 2.326871871948242, 2.326805353164673, 2.327192544937134, 2.326446771621704, 2.326571464538574, 2.326366662979126, 2.326357364654541, 2.3264474868774414, 2.3263092041015625, 2.326388359069824, 2.3266005516052246, 2.3278119564056396, 2.3263955116271973, 2.3264551162719727, 2.3263399600982666, 2.3263511657714844, 2.326071262359619, 2.3264403343200684, 2.3266866207122803, 2.32604718208313, 2.3279812335968018, 2.3270533084869385, 2.326347589492798, 2.3260087966918945, 2.3268542289733887, 2.325565814971924, 2.3264882564544678, 2.326418161392212, 2.329749584197998, 2.3273489475250244, 2.3237929344177246, 2.323197603225708, 2.3264079093933105, 2.327930450439453, 2.3277108669281006, 2.326110363006592, 2.3264336585998535, 2.327179431915283, 2.3262665271759033, 2.325701951980591, 2.325990676879883, 2.326401472091675], [2.3263001441955566, 2.326503038406372, 2.3281381130218506, 2.327228546142578, 2.327831983566284, 2.326878070831299, 2.3272087574005127, 2.408341407775879, 2.329188346862793, 2.321624517440796, 2.343242645263672, 2.323029041290283, 2.3243048191070557, 2.328395128250122, 2.332909107208252, 2.328181505203247, 2.327355146408081, 2.328495502471924, 2.3264286518096924, 2.3262901306152344, 2.326526403427124, 2.327880620956421, 2.340749979019165, 2.3278555870056152, 2.3530712127685547, 2.3267369270324707, 2.327535390853882, 2.331303358078003, 2.326921224594116, 2.3265278339385986, 2.326366662979126, 2.3263912200927734, 2.3263325691223145, 2.3265085220336914, 2.3267195224761963, 2.3266937732696533, 2.3265018463134766, 2.3270673751831055, 2.326808452606201, 2.3267881870269775, 2.3272130489349365, 2.3264763355255127, 2.326526403427124, 2.326291084289551, 2.326425075531006, 2.326467752456665, 2.326296091079712, 2.3263885974884033, 2.3265984058380127, 2.327733039855957, 2.3263912200927734, 2.326507329940796, 2.3263001441955566, 2.326427936553955, 2.3260719776153564, 2.3265256881713867, 2.326636791229248, 2.3259687423706055, 2.328130006790161, 2.326911449432373, 2.3263604640960693, 2.326110601425171, 2.3269407749176025, 2.3256235122680664, 2.326493978500366, 2.3264999389648438, 2.329737663269043, 2.3273396492004395, 2.323901653289795, 2.323218822479248, 2.3263978958129883, 2.3280582427978516, 2.3276777267456055, 2.326133966445923, 2.3264472484588623, 2.3272881507873535, 2.3263297080993652, 2.3258025646209717, 2.3259637355804443, 2.3263471126556396], [2.3264429569244385, 2.326486825942993, 2.3281102180480957, 2.3272290229797363, 2.3277885913848877, 2.326939344406128, 2.3271584510803223, 2.4058876037597656, 2.3292782306671143, 2.321885824203491, 2.3431992530822754, 2.323446273803711, 2.324398994445801, 2.3283138275146484, 2.332740545272827, 2.327890396118164, 2.327286720275879, 2.328380823135376, 2.3263964653015137, 2.32627272605896, 2.3266031742095947, 2.3277881145477295, 2.340543746948242, 2.3278467655181885, 2.3526625633239746, 2.326719284057617, 2.3272900581359863, 2.3310978412628174, 2.3270347118377686, 2.326467752456665, 2.3263144493103027, 2.3264174461364746, 2.3263208866119385, 2.3265156745910645, 2.3265955448150635, 2.3265514373779297, 2.3263723850250244, 2.327011823654175, 2.326843023300171, 2.3266820907592773, 2.327174663543701, 2.3264262676239014, 2.3264408111572266, 2.326310634613037, 2.326322555541992, 2.3264904022216797, 2.3263301849365234, 2.3264315128326416, 2.3266186714172363, 2.3277769088745117, 2.3264074325561523, 2.3264856338500977, 2.326401710510254, 2.3264307975769043, 