{"case": "case57", "dispatch": {"gen": [[1.1112205982208252, 0.7092594504356384, 1.1832700967788696, 0.6631366014480591, 3.268429756164551, 0.3560324013233185, 1.3784689903259277], [1.014742136001587, 1.0123214721679688, 1.013908863067627, 1.0108102560043335, 0.9982671737670898, 0.9712167382240295, 0.9713818430900574]], "load": [[-0.5138505697250366, -0.02527623251080513, -0.3184880316257477, -0.11090779304504395, -0.6326087713241577, -1.0836851596832275, -1.1839627027511597, -0.0456632636487484, -3.113398313522339, -0.15595124661922455, -0.09232228994369507, -0.17404812574386597, -0.3515551686286926, -0.34920164942741394, -0.20206865668296814, -0.02715057134628296, -0.020105421543121338, -0.05133666470646858, -0.05049418658018112, -0.0733569785952568, -0.03908506780862808, -0.12869088351726532, -0.02762327715754509, -0.04868702217936516, -0.012624258175492287, -0.03314957395195961, -0.04604339972138405, -0.10946294665336609, -0.055770035833120346, -0.06297014653682709, -0.0180837232619524, -0.09206467121839523, -0.2690783739089966, -0.15646657347679138, -0.18068307638168335, -0.15759623050689697, -0.044049352407455444, -0.18233436346054077, -0.036654602736234665, -0.061959944665431976, -0.062387220561504364, -0.05448119714856148], [-0.15476231276988983, -0.8572582602500916, -0.19420555233955383, -0.03551999479532242, -0.016527188941836357, -0.1791144609451294, -0.20013007521629333, -0.016347013413906097, -0.21660855412483215, -0.021272337064146996, -0.04890631511807442, -0.04483195021748543, -0.024202998727560043, -0.07200253754854202, -0.08157741278409958, -0.00465416070073843, -0.00796863529831171, -0.016190899536013603, -0.028414718806743622, -0.0038499829825013876, -0.02097184956073761, -0.020194971933960915, -0.014764789491891861, -0.026250220835208893, -0.007092599757015705, -0.015468096360564232, -0.026536600664258003, -0.06316667795181274, -0.02631983533501625, -0.04017525538802147, -0.009228236973285675, -0.014433080330491066, -0.09953933954238892, -0.0668943002820015, -0.09590944647789001, -0.048535220324993134, -0.018424473702907562, -0.07837975770235062, -0.011284351348876953, -0.027403883635997772, -0.016917705535888672, -0.017522256821393967]]}, "network_state": {"line_states": [[2.32443904876709, 2.324371099472046, 2.3238179683685303, 2.3179845809936523, 2.3303091526031494, 2.317965507507324, 2.3334500789642334, 2.2772772312164307, 2.3225011825561523, 2.3345649242401123, 2.3019649982452393, 2.3156373500823975, 2.3288259506225586, 2.3176887035369873, 2.3198297023773193, 2.3222012519836426, 2.3292784690856934, 2.3291053771972656, 2.31842041015625, 2.3282880783081055, 2.322643280029297, 2.3259284496307373, 2.31502628326416, 2.3219594955444336, 2.3032541275024414, 2.321502208709717, 2.325782537460327, 2.322282552719116, 2.327336072921753, 2.3425168991088867, 2.3273019790649414, 2.3263206481933594, 2.3282251358032227, 2.3236663341522217, 2.323514938354492, 2.3244147300720215, 2.334049940109253, 2.331252098083496, 2.323312520980835, 2.3222122192382812, 2.320131540298462, 2.3204245567321777, 2.3227570056915283, 2.3202359676361084, 2.327298641204834, 2.318319082260132, 2.3289098739624023, 2.318720817565918, 2.3133339881896973, 2.327094078063965, 2.3363776206970215, 2.325331211090088, 2.332000255584717, 2.3292627334594727, 2.3278234004974365, 2.3275930881500244, 2.3250153064727783, 2.332846164703369, 2.339366912841797, 2.323772430419922, 2.3307294845581055, 2.3249104022979736, 2.323415994644165, 2.326305389404297, 2.321619749069214, 2.3183155059814453, 2.3258397579193115, 2.3282909393310547, 2.3316586017608643, 2.3272206783294678, 2.322962760925293, 2.3223018646240234, 2.3261184692382812, 2.328359603881836, 2.3189806938171387, 2.3185367584228516, 2.320446491241455, 2.3226077556610107, 2.3283987045288086, 2.3332223892211914], [2.3246071338653564, 2.3369805812835693, 2.3283469676971436, 2.331472396850586, 2.3083407878875732, 2.3318064212799072, 2.326641082763672, 2.2867918014526367, 2.322438955307007, 2.3361709117889404, 2.314274311065674, 2.3242781162261963, 2.3252127170562744, 2.3279294967651367, 2.3195271492004395, 2.322166919708252, 2.3193297386169434, 2.324860095977783, 2.333254814147949, 2.3266336917877197, 2.3304200172424316, 2.330035448074341, 2.316804885864258, 2.326892614364624, 2.312835454940796, 2.324995279312134, 2.3244404792785645, 2.3258538246154785, 2.3237051963806152, 2.3287320137023926, 2.3277177810668945, 2.3262882232666016, 2.328357696533203, 2.3194754123687744, 2.32120680809021, 2.332807779312134, 2.3279061317443848, 2.3204102516174316, 2.331550359725952, 2.329078197479248, 2.3205478191375732, 2.3167226314544678, 2.335263729095459, 2.335646867752075, 2.3266711235046387, 2.32757306098938, 2.3194291591644287, 2.3259410858154297, 2.3234305381774902, 2.329078435897827, 2.3270132541656494, 2.329942464828491, 2.329349994659424, 2.321500539779663, 2.328211545944214, 2.330792188644409, 2.3310282230377197, 2.3279922008514404, 2.322026491165161, 2.331127405166626, 2.321988105773926, 2.3139684200286865, 2.3174657821655273, 2.3261992931365967, 2.331355333328247, 2.319913387298584, 2.3222689628601074, 2.325198173522949, 2.3177807331085205, 2.329836845397949, 2.3274264335632324, 2.321510076522827, 2.3293726444244385, 2.327747344970703, 2.3301730155944824, 2.315511703491211, 2.319512367248535, 2.3309638500213623, 2.329148769378662, 2.3189759254455566], [2.319552421569824, 2.325652837753296, 2.3373312950134277, 2.336210012435913, 2.3159472942352295, 2.3202168941497803, 2.3271024227142334, 2.278343439102173, 2.326606512069702, 2.3321683406829834, 2.312537431716919, 2.322295904159546, 2.320164680480957, 2.3269004821777344, 2.311044454574585, 2.33491849899292, 2.3162143230438232, 2.3291800022125244, 2.3271992206573486, 2.318338632583618, 2.316455364227295, 2.3302762508392334, 2.3124353885650635, 2.3348824977874756, 2.3034956455230713, 2.318920612335205, 2.3327198028564453, 2.320923089981079, 2.3168139457702637, 2.3281264305114746, 2.3334872722625732, 2.3335721492767334, 2.3231844902038574, 2.3299646377563477, 2.338158369064331, 2.3356926441192627, 2.3361587524414062, 2.323561906814575, 2.3225646018981934, 2.327383279800415, 2.324064016342163, 2.3214311599731445, 2.3282225131988525, 2.323915719985962, 2.3372604846954346, 2.3305249214172363, 2.3174514770507812, 2.3261444568634033, 2.3234052658081055, 2.318495273590088, 2.3262743949890137, 2.3381564617156982, 2.3232240676879883, 2.333124876022339, 2.3277175426483154, 2.343473196029663, 2.3239471912384033, 2.3166186809539795, 2.3379106521606445, 2.313657283782959, 2.3251209259033203, 2.3289694786071777, 2.332085371017456, 2.333238363265991, 2.3321642875671387, 2.328345537185669, 2.3243472576141357, 2.32504940032959, 2.332200288772583, 2.330343246459961, 2.3259871006011963, 2.3424363136291504, 2.325894832611084, 2.3307435512542725, 2.3324060440063477, 2.3331518173217773, 2.3291401863098145, 2.345318555831909, 2.3260304927825928, 2.310122489929199], [2.3396096229553223, 2.31870698928833, 2.3349297046661377, 2.3374366760253906, 2.3111937046051025, 2.330650568008423, 2.3210272789001465, 2.2757320404052734, 2.3149290084838867, 2.3363687992095947, 2.3083608150482178, 2.340489387512207, 2.3296353816986084, 2.332937717437744, 2.3153672218322754, 2.3187742233276367, 2.3221616744995117, 2.329291582107544, 2.3228867053985596, 2.3157691955566406, 2.3286664485931396, 2.3216910362243652, 2.308377504348755, 2.3240442276000977, 2.315058469772339, 2.3240537643432617, 2.315591812133789, 2.3152642250061035, 2.337317943572998, 2.3200113773345947, 2.325881242752075, 2.3380491733551025, 2.3213202953338623, 2.3312244415283203, 2.3205482959747314, 2.3152880668640137, 2.3167638778686523, 2.3199429512023926, 2.3304622173309326, 2.3134608268737793, 2.321611166000366, 2.314253330230713, 2.3157527446746826, 2.327242136001587, 2.3214995861053467, 2.3339669704437256, 2.322760820388794, 2.3322222232818604, 2.327432155609131, 2.3306100368499756, 2.328407049179077, 2.335313320159912, 2.3381800651550293, 2.3336901664733887, 