{"case": "case57", "dispatch": {"gen": [[5.569839000701904, 0.5714653134346008, 0.22239598631858826, 0.6483540534973145, 0.7986890077590942, 0.48382124304771423, 3.8531482219696045], [1.0089929103851318, 0.9931299686431885, 0.9927947521209717, 0.981164813041687, 0.9826299548149109, 0.9709042906761169, 1.0065466165542603]], "load": [[-0.4314286410808563, -0.03229576721787453, -0.31763148307800293, -0.10487884283065796, -0.5769461989402771, -1.1686005592346191, -0.9221754670143127, -0.0371001735329628, -3.628575325012207, -0.13218335807323456, -0.12275335937738419, -0.1918485164642334, -0.36897584795951843, -0.34488168358802795, -0.1961538940668106, -0.022347187623381615, -0.01920493319630623, -0.05197228491306305, -0.06350213289260864, -0.06925211101770401, -0.04249701648950577, -0.13073208928108215, -0.033813051879405975, -0.042772915214300156, -0.014709372073411942, -0.03946039825677872, -0.05669080838561058, -0.1129627674818039, -0.05621275305747986, -0.07114241272211075, 0.00019559788051992655, -0.1235019713640213, -0.2590404748916626, -0.17640967667102814, -0.15713858604431152, -0.13649243116378784, -0.03957138583064079, -0.1420535296201706, -0.036700885742902756, -0.07272934168577194, -0.06137076020240784, -0.06826101988554001], [-0.14893899857997894, -0.8021063804626465, -0.17027269303798676, -0.04294821619987488, -0.015322589315474033, -0.1621796041727066, -0.22599603235721588, -0.022549573332071304, -0.20748627185821533, -0.003319757990539074, -0.05193179473280907, -0.05160057544708252, -0.03475867584347725, -0.0780806839466095, -0.06989320367574692, -0.0033319229260087013, -0.011976435780525208, -0.013389425352215767, -0.027835577726364136, -0.006278245709836483, -0.02335093915462494, -0.017596887424588203, -0.022302448749542236, -0.019650161266326904, -0.008382410742342472, -0.010324903763830662, -0.02146095223724842, -0.06829865276813507, -0.018580930307507515, -0.03317013755440712, -0.007616537623107433, -0.010065823793411255, -0.09668814390897751, -0.07429978251457214, -0.07888686656951904, -0.03169553726911545, -0.01912393793463707, -0.10051999241113663, -0.00833090115338564, -0.022176381200551987, -0.015043860301375389, 0.0014215243281796575]]}, "network_state": {"line_states": [[1.8683927059173584, 0.19100937247276306, 1.9469503164291382, 1.476914405822754, 1.1675907373428345, 1.095550537109375, 0.8728736042976379, 2.617894172668457, 0.8437920212745667, 3.4172492027282715, 2.581794023513794, 2.45550799369812, 1.7501384019851685, 1.2769396305084229, 4.237367630004883, 1.5620663166046143, 1.9693642854690552, 1.4627891778945923, 1.5078539848327637, 1.869892954826355, 2.518109083175659, 1.9585031270980835, 1.8434014320373535, 1.1939443349838257, 2.90518856048584, 2.24774432182312, 2.358550548553467, 2.9576401710510254, 1.945647954940796, 1.928830862045288, 1.929970383644104, 2.815608501434326, 2.239348888397217, 2.7391059398651123, 1.3585987091064453, 3.0199153423309326, 3.589925527572632, 1.0604411363601685, 3.848979949951172, 2.5226380825042725, 1.0055651664733887, 2.0162434577941895, 2.6454148292541504, 2.206099033355713, 2.1755549907684326, 1.678966760635376, 2.4490809440612793, 2.950100898742676, 2.504272699356079, 2.211319923400879, 3.434952974319458, 2.4820098876953125, 1.751136064529419, 2.4588639736175537, 3.5460169315338135, 2.854167938232422, 2.041933298110962, 2.366028070449829, 4.198963165283203, 1.7659924030303955, 2.0216879844665527, 3.5601818561553955, 1.2554763555526733, 2.7341794967651367, 3.4204399585723877, 0.41889914870262146, 2.0169711112976074, 1.050744891166687, 1.361845850944519, 2.502924680709839, 3.173283100128174, 2.4445388317108154, 3.856426954269409, 1.4222666025161743, 1.4885739088058472, 4.071878910064697, 1.703959584236145, 1.448403239250183, 3.054187774658203, 3.1068544387817383], [1.319998025894165, 3.2738075256347656, 2.2269127368927, 2.04524827003479, 1.6412129402160645, 2.9942169189453125, 0.12357356399297714, 2.654733180999756, 2.2907280921936035, 3.477905511856079, 2.1971356868743896, 1.870721697807312, 1.6311341524124146, 2.915970802307129, 2.6618881225585938, 2.7664496898651123, 3.3879313468933105, 1.4152942895889282, 4.9229736328125, 1.0819066762924194, 3.860407829284668, 1.9181652069091797, 1.857053279876709, 0.9924191832542419, 4.016757488250732, 2.2989535331726074, 3.120340585708618, 3.380906581878662, 2.9778811931610107, -0.32492953538894653, 2.259660482406616, 2.322758674621582, 1.3188385963439941, 1.1046106815338135, 2.87390398979187, 1.5905659198760986, 2.933243989944458, 3.335783004760742, 0.3312469720840454, 3.0265326499938965, 2.5000839233398438, 3.5580856800079346, 0.7988993525505066, 3.154698133468628, 3.1138293743133545, 3.139331340789795, 1.8436585664749146, 2.143361806869507, 3.056555986404419, 2.3641068935394287, 3.707730293273926, 1.7220958471298218, 2.746513843536377, 2.550163507461548, 3.2922871112823486, 1.4760586023330688, 2.712799549102783, 1.3226491212844849, 3.0361485481262207, 0.8344350457191467, 3.351971387863159, 2.8908116817474365, 2.655317783355713, 1.943337082862854, 1.9378727674484253, 2.296865940093994, 0.3726702332496643, 1.7908084392547607, 2.819300413131714, 3.835679769515991, 3.377490997314453, 0.5919739603996277, 0.4954233169555664, 2.508607864379883, 2.7438416481018066, 1.2466185092926025, 0.8707894086837769, 3.7493810653686523, 3.389512538909912, 2.699639081954956], [4.003915786743164, 1.2157301902770996, 0.36341217160224915, 3.869075298309326, 2.0777132511138916, 1.9764641523361206, 1.9307267665863037, -2.154634475708008, 3.0044901371002197, 2.5921273231506348, 3.433978796005249, 2.6985442638397217, 0.5189774036407471, 0.9495986700057983, 2.435429811477661, 0.40458786487579346, 1.367691159248352, 1.5885676145553589, 4.426693916320801, 1.446688175201416, 4.651092529296875, 2.1867294311523438, 1.7308930158615112, 2.725196599960327, 3.5269157886505127, 3.2101287841796875, 0.7940855026245117, 2.8817920684814453, 2.000009298324585, 3.096430540084839, 3.0803871154785156, 2.3316426277160645, 2.1007330417633057, 0.8243844509124756, 0.19868285953998566, 4.667827606201172, 1.4381483793258667, 2.742841958999634, 0.8019325733184814, 1.4198713302612305, 1.8677330017089844, 2.2468767166137695, 2.1678059101104736, 2.7084879875183105, 2.712674617767334, 2.4703497886657715, 1.5535199642181396, 1.8545680046081543, 3.707000255584717, 2.9326424598693848, 3.2422661781311035, 3.130049228668213, 5.694011688232422, 1.018671989440918, 3.5732109546661377, 1.2460426092147827, 2.264673948287964, 2.0261106491088867, 1.0354623794555664, 2.0277063846588135, 3.522167205810547, 3.0688390731811523, 1.6796166896820068, 2.66800856590271, 1.1838129758834839, 2.1453592777252197, 3.644646406173706, 2.5942013263702393, 5.033019542694092, 2.7186245918273926, 1.6798754930496216, 1.4656826257705688, 3.267324686050415, 1.3957886695861816, 1.7350404262542725, 0.9271675944328308, 1.6049482822418213, 4.005949020385742, 2.076716423034668, 2.6565871238708496], [4.777090072631836, 2.8308639526367188, 2.9411227703094482, 1.8163862228393555, 1.512365698814392, 1.763568639755249, 1.5924004316329956, 1.6384773254394531, 2.506303071975708, 2.6113555431365967, 2.3225183486938477, 2.5413594245910645, 2.1653058528900146, 0.6459179520606995, 2.705220937728882, 2.584292411804199, 2.178467273712158, 1.8491196632385254, 1.1761834621429443, 3.069270610809326, 1.2924814224243164, 3.214308500289917, 3.237018346786499, 3.525313377380371, 2.5157885551452637, 1.4455667734146118, 3.585827589035034, 2.0750656127929688, 3.3449325561523438, 2.7523093223571777, 1.838668942451477, 1.8740988969802856, 3.2792303562164307, 3.978717803955078, 2.0328121185302734, 1.4723739624023438, 2.196685314178467, 0.5524611473083496, 3.8505043983459473, 4.035363674163818, 0.07718389481306076, 0.9758979082107544, 1.6744847297668457, 1.4607702493667603, 2.5651657581329346, 1.5282312631607056, 2.871722459793091, 0.30068641901016235, 2.5404632091522217, 2.4692161083221436, 1.8994386196136475, 1.466145634651184, 1.0729873180389404, 