{"case": "case57", "dispatch": {"gen": [[2.8081326484680176, 0.07762159407138824, 0.5458422303199768, 0.4187517762184143, 3.0503056049346924, 0.883732259273529, 2.4796814918518066], [1.0209872722625732, 1.0015772581100464, 0.9826791286468506, 0.9717015027999878, 0.9601349234580994, 0.9585527777671814, 0.9972044229507446]], "load": [[-0.42136305570602417, -0.024692945182323456, -0.34002184867858887, -0.10722532123327255, -0.7236751317977905, -1.4216749668121338, -0.9211018681526184, -0.04077104106545448, -3.5005156993865967, -0.14681541919708252, -0.08994005620479584, -0.1995205134153366, -0.3790186047554016, -0.3979955315589905, -0.21531535685062408, -0.027199817821383476, -0.01774516887962818, -0.049774639308452606, -0.054169729351997375, -0.08236219733953476, -0.039087019860744476, -0.14255499839782715, -0.028416447341442108, -0.04677063599228859, -0.011219089850783348, -0.027967141941189766, -0.04745323583483696, -0.11296775192022324, -0.05200205743312836, -0.055047836154699326, -0.014090101234614849, -0.10058329999446869, -0.27311813831329346, -0.14724203944206238, -0.17117752134799957, -0.14608052372932434, -0.042661525309085846, -0.15862737596035004, -0.03208524361252785, -0.05693339183926582, -0.05861314386129379, -0.05355355888605118], [-0.14496426284313202, -0.8555043339729309, -0.16434910893440247, -0.03244328871369362, -0.015735842287540436, -0.1836966872215271, -0.19722943007946014, -0.0140467444434762, -0.1938631236553192, -0.01622702181339264, -0.04367291182279587, -0.03842815384268761, -0.02384038455784321, -0.06721511483192444, -0.08445218950510025, -0.004237284883856773, -0.007006134372204542, -0.01488711778074503, -0.022648196667432785, -0.003547126892954111, -0.017852790653705597, -0.019376052543520927, -0.012677991762757301, -0.020505566149950027, -0.005754686426371336, -0.01337418146431446, -0.022294994443655014, -0.055182140320539474, -0.021780207753181458, -0.03158823773264885, -0.00709558604285121, -0.012884720228612423, -0.10014043748378754, -0.06906159967184067, -0.08816732466220856, -0.0413803867995739, -0.015576074831187725, -0.07966835051774979, -0.009906947612762451, -0.02398636005818844, -0.015597554855048656, -0.014198851771652699]]}, "network_state": {"line_states": [[2.4734575748443604, 1.29325270652771, 1.6472113132476807, 2.0741851329803467, 3.7323760986328125, 1.9748165607452393, 1.9476613998413086, 2.4606988430023193, 3.0111477375030518, 1.7341939210891724, 2.4787213802337646, 2.609239339828491, 0.9375936388969421, 1.390188217163086, 2.6303353309631348, 0.9609524011611938, 4.452819347381592, 1.432298183441162, 1.2378954887390137, 2.038088798522949, 2.6785969734191895, 2.0408880710601807, 3.2252235412597656, 2.5578551292419434, 2.327207565307617, 2.0415148735046387, 1.5026475191116333, 1.9567461013793945, 2.2361249923706055, 2.0460705757141113, 1.0580978393554688, 1.5149552822113037, 2.5491209030151367, 2.565392017364502, 2.608835458755493, 1.3527382612228394, 2.770831346511841, 2.145989418029785, 1.1190063953399658, 1.6415181159973145, 3.6839749813079834, 1.8067519664764404, 3.6397769451141357, 1.161008358001709, 2.943593740463257, 2.6752774715423584, 2.1786727905273438, 2.676628351211548, 2.394888401031494, 3.5605804920196533, 2.43180251121521, 2.4249918460845947, 2.445178508758545, 2.57342791557312, 2.282818555831909, 2.211240530014038, 2.1304385662078857, 2.368825912475586, 2.1314074993133545, 3.2850351333618164, 3.577479600906372, 1.4584189653396606, 0.4978124797344208, 0.8946354389190674, 2.9064841270446777, 0.28734925389289856, 1.828233003616333, 1.455001950263977, 1.8749427795410156, 3.6731386184692383, 3.0183162689208984, 3.194033622741699, 2.6109747886657715, 3.1373090744018555, 1.407341480255127, 3.9248287677764893, 3.8901124000549316, 2.0582053661346436, 3.0346505641937256, 2.282134532928467], [2.962946891784668, 1.9123847484588623, 2.473742961883545, 1.4536277055740356, 4.10128927230835, 1.7041631937026978, 2.753047227859497, 2.8374228477478027, 2.5226359367370605, 2.2303030490875244, 2.389922857284546, 2.276522636413574, 0.9897160530090332, 1.7022992372512817, 3.6416914463043213, 2.974050521850586, 1.7950562238693237, 1.4043961763381958, 2.41985821723938, 0.28821778297424316, 2.838686227798462, 2.96169376373291, 0.8209514021873474, 3.2545011043548584, 4.42046594619751, 1.543027400970459, 2.644361734390259, 2.566465377807617, 1.1734764575958252, 2.9999704360961914, 2.096282958984375, 1.5063345432281494, 1.1716976165771484, 4.317529201507568, 2.79785418510437, 2.803783893585205, 2.0850133895874023, 1.0906758308410645, 2.2767786979675293, 2.380920648574829, 1.9750237464904785, 0.570563018321991, 2.0008175373077393, 0.9896948337554932, 1.7205625772476196, 3.3594672679901123, -0.7397783994674683, 3.7691049575805664, 2.2469449043273926, 1.2381699085235596, 1.6207046508789062, 3.753779888153076, 2.9016661643981934, 1.4572681188583374, 2.482386350631714, 1.5096137523651123, 1.4961307048797607, 3.8116331100463867, 2.714322805404663, 2.090160846710205, 3.436317205429077, 2.4466447830200195, 0.968667209148407, 3.0754692554473877, 1.5771970748901367, 3.367555618286133, 3.864396572113037, 3.3390040397644043, 3.4565815925598145, 1.877909541130066, 1.3833119869232178, 2.787543535232544, 2.5271832942962646, 0.8436792492866516, 1.4426826238632202, 2.0263168811798096, 1.8042123317718506, 1.4557753801345825, 1.5734463930130005, 1.7111049890518188], [3.128943920135498, 0.5748826861381531, 1.8035980463027954, 2.3750853538513184, 2.196451425552368, 2.8271384239196777, 3.1169466972351074, 2.32169508934021, 3.0924112796783447, 1.7738527059555054, 2.1641011238098145, 2.538055658340454, 2.1194686889648438, 1.7798837423324585, 1.712829828262329, 2.854682445526123, 2.8316495418548584, 3.3364295959472656, 2.207063674926758, 2.4338996410369873, 2.958894968032837, 0.779735267162323, 2.4803466796875, 1.452616572380066, 2.0489048957824707, 1.8920339345932007, 2.821945905685425, 1.8936876058578491, 2.88364839553833, 1.4505083560943604, 2.826712131500244, 2.6576857566833496, 1.6219944953918457, 0.9800187349319458, 3.1083455085754395, 2.675273895263672, 2.967200994491577, 1.086835503578186, 1.5412236452102661, 1.797134280204773, 2.2847461700439453, 2.9630651473999023, 2.543642520904541, 2.9923739433288574, 1.51114022731781, 1.9319406747817993, 1.9950499534606934, 0.9840686917304993, 2.1810343265533447, 2.0993058681488037, 2.7313714027404785, 3.3433382511138916, 2.668210506439209, 2.7435946464538574, 4.542888164520264, 2.5342648029327393, 2.0468432903289795, 2.395533323287964, 3.6483891010284424, 1.9621237516403198, 2.9605367183685303, 2.167363166809082, 1.6643966436386108, 1.7064226865768433, 2.0322530269622803, 2.4231467247009277, 2.383131980895996, 0.5539699196815491, -0.019763465970754623, 2.9704763889312744, 3.1200926303863525, 0.1909186691045761, 2.2288761138916016, 2.3019802570343018, 1.3367879390716553, 0.8550428152084351, 3.1653494834899902, 1.6898239850997925, 2.0128488540649414, 1.0746592283248901], [1.3917373418807983, 2.60937762260437, 1.830808401107788, 2.685645818710327, 3.9169507026672363, 3.298815965652466, 1.8275903463363647, 2.945835828781128, 2.411017417907715, 1.6636192798614502, 1.1713627576828003, 2.308598041534424, 0.42407673597335815, 2.2729878425598145, 0.700031578540802, 1.937663197517395, 1.5197880268096924, 2.889464855194092, 3.0812411308288574, 1.2970958948135376, 2.0685760974884033, 1.7414944171905518, 0.9696873426437378, 3.729008436203003, 2.901371717453003, 2.3519818782806396, 2.1376662254333496, 1.4642949104309082, 1.3333605527877808, 3.5877397060394287, 2.581721305847168, 0.8018086552619934, 2.879133701324463, 1.4653668403625488, 2.0405046939849854, 1.9177711009979248, 4.106534957885742, 3.640623092651367, 2.017216444015503, 4.086695194244385, 1.486278772354126, 0.5320590734481812, 1.4527965784072876, 2.429766893386841, 2.7082669734954834, 0.8272008895874023, 2.669914722442627, 2.2255539894104004, 0.6757271885871887, 2.5989270210266113, 1.6786370277404785, 3.2800261974334717, 2.147361993789673, 