{"case": "case57", "dispatch": {"gen": [[4.149880409240723, 0.2737249732017517, 1.2857195138931274, 0.7268984913825989, 1.5004559755325317, 0.4476434290409088, 3.0861079692840576], [1.0073736906051636, 0.9857102632522583, 0.9825377464294434, 0.9763810038566589, 0.994056224822998, 0.9757169485092163, 1.0101714134216309]], "load": [[-0.5049084424972534, -0.02724144607782364, -0.3576148450374603, -0.10274709761142731, -0.6374518275260925, -1.4453595876693726, -1.18968665599823, -0.040604230016469955, -2.8957924842834473, -0.1690026968717575, -0.09053032100200653, -0.1711830496788025, -0.3173527121543884, -0.37945762276649475, -0.2427898496389389, -0.026251710951328278, -0.018455862998962402, -0.051760025322437286, -0.053354378789663315, -0.0711086317896843, -0.04142177850008011, -0.14138947427272797, -0.028242921456694603, -0.05411983281373978, -0.012975254096090794, -0.03267601132392883, -0.055651430040597916, -0.10785090178251266, -0.05204074829816818, -0.06572658568620682, -0.017721261829137802, -0.09192025661468506, -0.22676469385623932, -0.1606576144695282, -0.1779175102710724, -0.16192644834518433, -0.03978632017970085, -0.18656104803085327, -0.03611486032605171, -0.06047666817903519, -0.06415905058383942, -0.06216660887002945], [-0.13157911598682404, -0.8503329157829285, -0.18675565719604492, -0.034628067165613174, -0.018063964322209358, -0.1676536351442337, -0.23905807733535767, -0.01679167151451111, -0.19794414937496185, -0.019642474129796028, -0.04801217466592789, -0.04633726552128792, -0.0266891922801733, -0.06332794576883316, -0.08912155032157898, -0.0052548181265592575, -0.008810591883957386, -0.01741202361881733, -0.025313522666692734, -0.004557326901704073, -0.018458997830748558, -0.023885810747742653, -0.01543761882930994, -0.02645302563905716, -0.006565864663571119, -0.014825444668531418, -0.026102229952812195, -0.06098589301109314, -0.025059150531888008, -0.03417760878801346, -0.009231791831552982, -0.014923978596925735, -0.1039636954665184, -0.06983856856822968, -0.09188320487737656, -0.04071953147649765, -0.0182771235704422, -0.08587223291397095, -0.010951686650514603, -0.02817102149128914, -0.018627816811203957, -0.017267275601625443]]}, "network_state": {"line_states": [[2.0563011169433594, 2.0599496364593506, 2.126014232635498, 1.1802064180374146, 3.033351182937622, 0.9011971950531006, 3.4285123348236084, 2.147153615951538, 1.9625989198684692, 2.859126567840576, 0.5184167623519897, 0.1271560937166214, 2.339327812194824, 1.1647108793258667, 1.7281688451766968, 1.749967336654663, 2.774592161178589, 2.779571533203125, 1.1896196603775024, 2.613292932510376, 1.7914146184921265, 2.4158592224121094, 2.032316207885742, 1.7619118690490723, 1.255383849143982, 1.6219136714935303, 2.2527661323547363, 1.7974685430526733, 2.49520206451416, 4.674151420593262, 2.4602267742156982, 2.3218023777008057, 2.599296808242798, 1.9411873817443848, 1.9348430633544922, 2.064476251602173, 3.442920684814453, 3.040018081665039, 1.8894448280334473, 1.7309669256210327, 1.4952588081359863, 1.477583408355713, 1.8152751922607422, 1.4390037059783936, 2.4643044471740723, 1.1685138940811157, 2.6980667114257812, 1.2256712913513184, 0.4803326427936554, 2.607051134109497, 3.783541202545166, 2.189711093902588, 3.1442923545837402, 2.7344002723693848, 2.488903760910034, 2.4992356300354004, 2.163560390472412, 3.2902891635894775, 3.7981796264648438, 2.3055989742279053, 3.045563220977783, 2.0382378101348877, 1.975624442100525, 2.194105386734009, 1.5922006368637085, 0.6154876351356506, 2.5627427101135254, 2.690727710723877, 2.834257125854492, 2.125821828842163, 1.833920955657959, 1.8488692045211792, 2.4599924087524414, 2.577054262161255, 1.2677648067474365, 1.3057584762573242, 1.46544349193573, 1.6843596696853638, 2.719564437866211, 3.3377771377563477], [2.0807018280029297, 3.902682065963745, 2.7808382511138916, 3.132267951965332, -0.24033288657665253, 3.1305787563323975, 2.4219958782196045, 3.2616021633148193, 1.9335944652557373, 3.106029510498047, 2.133923053741455, 1.405942440032959, 1.8099268674850464, 2.6820483207702637, 1.6983121633529663, 1.7472056150436401, 1.3357218503952026, 2.128455638885498, 3.3343796730041504, 2.3741142749786377, 2.917660713195801, 3.0104987621307373, 2.255647659301758, 2.4728946685791016, 2.6130478382110596, 2.130911111831665, 2.055405855178833, 2.3457629680633545, 1.9655401706695557, 2.677048921585083, 2.520413875579834, 2.317091941833496, 2.61860990524292, 1.334132432937622, 1.5995038747787476, 3.2798612117767334, 2.552922487258911, 1.4542365074157715, 3.086442470550537, 2.728592872619629, 1.5547224283218384, 0.940037727355957, 3.6268086433410645, 3.66969633102417, 2.3734731674194336, 2.508931875228882, 1.3256131410598755, 2.270838737487793, 1.9367549419403076, 2.890073299407959, 2.427905797958374, 2.8568506240844727, 2.7608964443206787, 1.6082326173782349, 2.546241044998169, 2.9629576206207275, 3.0331711769104004, 2.5918455123901367, 1.051507592201233, 3.3410990238189697, 1.7912437915802002, 0.442399799823761, 1.1076769828796387, 2.181101083755493, 3.024921417236328, 0.9191537499427795, 2.0409653186798096, 2.2414751052856445, 0.8360502123832703, 2.5131750106811523, 2.4805359840393066, 1.732785701751709, 2.9251708984375, 2.489043712615967, 2.887148857116699, 0.8654564023017883, 1.3304965496063232, 2.8974907398223877, 2.8251960277557373, 1.2681885957717896], [1.3475475311279297, 2.256068706512451, 4.078427791595459, 3.818192481994629, 0.9151400327682495, 1.3408068418502808, 2.494732618331909, 2.3585903644561768, 2.545628070831299, 2.5017197132110596, 1.9341199398040771, 1.0823012590408325, 1.0273410081863403, 2.532386541366577, 0.7638267874717712, 3.6035985946655273, 0.9605687856674194, 2.787618637084961, 2.4583611488342285, 1.179129958152771, 0.9025461673736572, 3.0477519035339355, 1.64686119556427, 3.631239652633667, 1.2702584266662598, 1.2453423738479614, 3.262765645980835, 1.5955084562301636, 0.9587030410766602, 2.5896236896514893, 3.3560280799865723, 3.3715150356292725, 1.8696223497390747, 2.8538897037506104, 4.055837154388428, 3.6978600025177, 3.748213529586792, 1.920087218284607, 1.7818175554275513, 2.4832603931427, 2.0640554428100586, 1.624064326286316, 2.6071553230285645, 1.971358060836792, 3.9064950942993164, 2.936213254928589, 1.0395101308822632, 2.30033278465271, 1.9340072870254517, 1.3768302202224731, 2.321214199066162, 4.045743942260742, 1.8742034435272217, 3.2942769527435303, 2.4731900691986084, 4.800225734710693, 2.0093772411346436, 0.9799585342407227, 3.566472291946411, 0.8895710110664368, 2.2421114444732666, 2.62799334526062, 3.230834722518921, 3.201835870742798, 3.1430368423461914, 2.302145481109619, 2.3496289253234863, 2.2227489948272705, 2.9126155376434326, 2.5795319080352783, 2.2721922397613525, 4.767258167266846, 2.4285244941711426, 2.9227797985076904, 3.210400104522705, 3.4134254455566406, 2.724518060684204, 4.97876501083374, 2.3838515281677246, -0.018461285158991814], [4.251696586608887, 1.2428197860717773, 3.7315993309020996, 3.9957833290100098, 0.2500561773777008, 2.9635376930236816, 1.4930747747421265, 2.047416925430298, 0.8636342883110046, 3.124959707260132, 1.3389239311218262, 3.8097381591796875, 2.4576447010040283, 3.4078290462493896, 1.1717050075531006, 1.2937840223312378, 1.7535507678985596, 2.8100032806396484, 1.8345742225646973, 0.8077660799026489, 2.664318084716797, 1.7766907215118408, 1.0204106569290161, 2.0623841285705566, 2.9920754432678223, 1.9944757223129272, 0.7652037143707275, 0.748842179775238, 3.943779468536377, 1.4128097295761108, 2.2544260025024414, 4.01959753036499, 1.5997189283370972, 3.0363924503326416, 1.50564706325531, 0.7440984845161438, 0.9399501085281372, 1.3936634063720703, 2.929426670074463, 0.4646158516407013, 1.7099014520645142, 0.5854805111885071, 0.801415741443634, 2.453019857406616, 1.624719262123108, 3.434781789779663, 1.8078850507736206, 3.180255651473999, 2.5160865783691406, 3.11313796043396, 2.629753589630127, 3.634336471557617, 4.038918972015381, 3.376326084136963, 