{"case": "case57", "dispatch": {"gen": [[1.1026203632354736, 0.6986395120620728, 1.1502680778503418, 0.6582530736923218, 3.2728729248046875, 0.34877294301986694, 1.3798834085464478], [1.0033807754516602, 1.003010869026184, 1.0118921995162964, 1.0161128044128418, 1.0155564546585083, 0.9785422086715698, 0.9695945978164673]], "load": [[-0.5148178935050964, -0.028009502217173576, -0.3072482943534851, -0.10742335766553879, -0.6140199899673462, -1.0817936658859253, -1.194884181022644, -0.04829636588692665, -3.1065051555633545, -0.1505749225616455, -0.093845434486866, -0.17270226776599884, -0.3522585332393646, -0.3585919439792633, -0.20820625126361847, -0.026123816147446632, -0.021925311535596848, -0.04759130999445915, -0.05395378917455673, -0.07102552801370621, -0.04314863681793213, -0.12576469779014587, -0.026604177430272102, -0.04468502476811409, -0.015158728696405888, -0.03527731075882912, -0.04489801824092865, -0.11027663946151733, -0.04850151762366295, -0.06452018022537231, -0.019199760630726814, -0.08840363472700119, -0.2665919363498688, -0.15222102403640747, -0.18190447986125946, -0.16341657936573029, -0.0394928939640522, -0.17781679332256317, -0.03618495166301727, -0.057011257857084274, -0.060897327959537506, -0.051941514015197754], [-0.1521213799715042, -0.8571970462799072, -0.20339515805244446, -0.03470407426357269, -0.018056562170386314, -0.18113216757774353, -0.21405825018882751, -0.017437731847167015, -0.2195746898651123, -0.022253168746829033, -0.04809153079986572, -0.04037085920572281, -0.02236807718873024, -0.06558424234390259, -0.08187313377857208, -0.004973267205059528, -0.007514417637139559, -0.01605386845767498, -0.0255280751734972, -0.004527671728283167, -0.017810015007853508, -0.025066189467906952, -0.01343168132007122, -0.023357102647423744, -0.007601841818541288, -0.014812083914875984, -0.023575209081172943, -0.06787528842687607, -0.025773176923394203, -0.03707277029752731, -0.0074074761942029, -0.01729685813188553, -0.09692695736885071, -0.062327269464731216, -0.09669067710638046, -0.050634078681468964, -0.01658697798848152, -0.07428911328315735, -0.011952802538871765, -0.03165137395262718, -0.017482399940490723, -0.019160205498337746]]}, "network_state": {"line_states": [[2.154832363128662, 2.47196364402771, 1.8342630863189697, 1.5497742891311646, 2.6167919635772705, 0.759159505367279, 3.260479688644409, 2.460949659347534, 1.6938403844833374, 3.1367244720458984, 0.5899534225463867, 0.3180786967277527, 1.6240735054016113, 1.3655898571014404, 2.2063090801239014, 1.3261346817016602, 2.845574378967285, 3.034252405166626, 1.080417513847351, 2.8318378925323486, 1.4735099077224731, 2.2156100273132324, 1.8172128200531006, 1.6338013410568237, 1.6354929208755493, 1.141708254814148, 2.5148215293884277, 2.1493163108825684, 2.2739202976226807, 4.232090950012207, 2.0202455520629883, 2.571732997894287, 2.582815408706665, 1.8766131401062012, 2.395031213760376, 2.5637338161468506, 3.071032762527466, 2.7347536087036133, 1.6753519773483276, 2.4164505004882812, 1.664300799369812, 1.8825159072875977, 2.2490663528442383, 1.4878079891204834, 2.1336286067962646, 0.8257061243057251, 2.816579580307007, 0.7455739974975586, 0.5632004141807556, 1.909287691116333, 3.965064525604248, 2.482750415802002, 2.9574174880981445, 2.62258243560791, 2.342000961303711, 2.32230281829834, 2.003727674484253, 3.250354528427124, 4.423661231994629, 1.982259750366211, 2.4611454010009766, 2.16109299659729, 1.883366346359253, 2.468921422958374, 1.9613280296325684, 0.8288312554359436, 2.8532588481903076, 2.432631731033325, 3.06453275680542, 2.246417284011841, 1.8094067573547363, 1.272523283958435, 2.2573020458221436, 2.6386098861694336, 1.7312884330749512, 1.0908112525939941, 1.582170844078064, 1.0120699405670166, 2.824446439743042, 3.4199910163879395], [2.172147512435913, 4.0177693367004395, 2.962035894393921, 2.8728551864624023, 0.9016914963722229, 3.4650800228118896, 1.860595464706421, 3.3279497623443604, 2.4334094524383545, 2.999574899673462, 1.9998749494552612, 1.2535837888717651, 1.6890132427215576, 2.627383232116699, 1.5428085327148438, 1.5974797010421753, 1.0295900106430054, 1.9901000261306763, 3.511183738708496, 2.3059043884277344, 2.6571619510650635, 2.732353687286377, 2.9289941787719727, 2.1367218494415283, 2.2275826930999756, 2.346165895462036, 2.1162502765655518, 2.6636598110198975, 1.7396039962768555, 2.9310104846954346, 2.434070348739624, 2.0979862213134766, 2.5934691429138184, 1.413754940032959, 2.0525782108306885, 3.0310142040252686, 2.4578421115875244, 1.774273157119751, 3.460017204284668, 2.774203300476074, 1.4680759906768799, 1.1187999248504639, 3.3143060207366943, 3.232604503631592, 2.8531653881073, 2.6280081272125244, 1.5645657777786255, 2.3959286212921143, 2.192518949508667, 2.405308485031128, 2.631345748901367, 3.193647861480713, 2.618866443634033, 1.6229937076568604, 2.285029411315918, 3.2187654972076416, 3.042168378829956, 2.1400983333587646, 1.0073819160461426, 3.1167972087860107, 2.0559465885162354, 0.5797280073165894, 1.180457353591919, 2.790327548980713, 3.203774929046631, 1.0377389192581177, 1.592137336730957, 1.9305777549743652, 1.1224960088729858, 2.9624266624450684, 2.7118921279907227, 1.3454186916351318, 2.9793295860290527, 3.258847236633301, 3.019456148147583, 0.9113492369651794, 1.6191049814224243, 2.8364109992980957, 2.8372960090637207, 1.750203013420105], [1.3203206062316895, 2.0475056171417236, 3.626884937286377, 3.6079928874969482, 0.5723905563354492, 1.247182011604309, 2.6888887882232666, 2.1433959007263184, 2.316128730773926, 2.8644018173217773, 1.9636129140853882, 1.0795496702194214, 0.876760721206665, 2.6711161136627197, 0.8444151282310486, 3.5478787422180176, 0.5922889113426208, 2.7212369441986084, 2.451793670654297, 1.837739109992981, 0.5134600400924683, 3.225158452987671, 1.7904976606369019, 3.357219934463501, 1.3486266136169434, 1.3851125240325928, 2.8749468326568604, 1.8622877597808838, 1.2013972997665405, 2.45863676071167, 3.685253381729126, 3.341594696044922, 2.015225887298584, 2.482887029647827, 3.973292112350464, 3.568963050842285, 3.2659900188446045, 2.268164873123169, 1.4867804050445557, 2.528839111328125, 2.1613047122955322, 1.780258059501648, 2.7656121253967285, 1.9835420846939087, 3.7598776817321777, 3.065185308456421, 1.0812307596206665, 2.1387805938720703, 1.4338023662567139, 1.0841729640960693, 2.2170217037200928, 4.023316383361816, 1.499159574508667, 3.7313332557678223, 2.3895914554595947, 4.380122661590576, 1.9800071716308594, 1.5223747491836548, 3.55845046043396, 0.808594286441803, 2.8527960777282715, 2.5880372524261475, 2.753467321395874, 3.463994026184082, 3.040642261505127, 2.049177885055542, 2.216520309448242, 1.9382997751235962, 3.2598214149475098, 2.489351272583008, 2.3693957328796387, 5.090656280517578, 2.523322582244873, 3.1643805503845215, 2.7372477054595947, 3.7197420597076416, 2.9064409732818604, 5.226674556732178, 2.520181655883789, 0.46220338344573975], [4.394065856933594, 1.1433969736099243, 3.921253204345703, 3.9561188220977783, 0.5628734827041626, 2.362921953201294, 1.3664547204971313, 1.8406027555465698, 0.8151673674583435, 3.550784111022949, 1.1982861757278442, 3.94144868850708, 2.0265326499938965, 3.2516770362854004, 0.8140891790390015, 1.4313029050827026, 1.7811355590820312, 2.237663984298706, 1.877383828163147, 0.7405534982681274, 2.5496304035186768, 1.5391901731491089, 0.5897437930107117, 2.3735146522521973, 3.378188133239746, 2.0452158451080322, 0.808100163936615, 0.6079093217849731, 4.094461441040039, 1.646486520767212, 2.3974719047546387, 3.964820623397827, 1.4035744667053223, 3.1990127563476562, 2.213730573654175, 0.8650684952735901, 0.44664549827575684, 0.7479261159896851, 3.035937547683716, 0.9089120626449585, 1.6583240032196045, 0.262814462184906, 0.9698499441146851, 2.8317012786865234, 1.37008535861969, 3.4017765522003174, 1.3113818168640137, 2.965153217315674, 2.654083013534546, 3.2706103324890137, 2.3045268058776855, 3.6435396671295166, 3.7993569374084473, 2.808176279067993, 