{"case": "case57", "dispatch": {"gen": [[1.1128058433532715, 0.7219454646110535, 1.1737459897994995, 0.6711148023605347, 3.277392864227295, 0.35284486413002014, 1.3766578435897827], [1.0120468139648438, 1.0104992389678955, 1.012608289718628, 1.0113744735717773, 1.0153518915176392, 0.9758480787277222, 0.9610264897346497]], "load": [[-0.5199020504951477, -0.029135137796401978, -0.3134368658065796, -0.11407947540283203, -0.6194883584976196, -1.0767666101455688, -1.1815681457519531, -0.04870183393359184, -3.124539852142334, -0.14511190354824066, -0.09434526413679123, -0.17544135451316833, -0.3389662206172943, -0.350206196308136, -0.1940266638994217, -0.03209257125854492, -0.022338002920150757, -0.04933423548936844, -0.05326611548662186, -0.06720120459794998, -0.04299718886613846, -0.12250962853431702, -0.026190273463726044, -0.05332110449671745, -0.0155368996784091, -0.03686363622546196, -0.04599716141819954, -0.10129625350236893, -0.054109666496515274, -0.0655512809753418, -0.019431134685873985, -0.08852165192365646, -0.269417941570282, -0.15318436920642853, -0.17728640139102936, -0.1616557538509369, -0.03721391782164574, -0.18847902119159698, -0.03970970958471298, -0.05982258543372154, -0.06032899394631386, -0.05332174897193909], [-0.162555530667305, -0.8582689166069031, -0.20458519458770752, -0.029468126595020294, -0.017492232844233513, -0.18156613409519196, -0.21221478283405304, -0.01615406572818756, -0.21547694504261017, -0.020167192444205284, -0.05181968957185745, -0.04591664299368858, -0.023850226774811745, -0.06980948150157928, -0.08191554248332977, -0.004547067917883396, -0.009367551654577255, -0.018193578347563744, -0.025716103613376617, -0.004714653827250004, -0.016707690432667732, -0.018928028643131256, -0.015475439839065075, -0.027753951027989388, -0.007019288372248411, -0.01387946680188179, -0.028759032487869263, -0.061592549085617065, -0.026504436507821083, -0.042829010635614395, -0.007297019939869642, -0.015085487626492977, -0.1019650474190712, -0.06839469820261002, -0.08393937349319458, -0.052224427461624146, -0.020303208380937576, -0.08004218339920044, -0.010583641938865185, -0.030210332944989204, -0.01619880273938179, -0.017457980662584305]]}, "network_state": {"line_states": [[2.102792739868164, 2.0497775077819824, 1.7967792749404907, 1.5693997144699097, 2.86431622505188, 0.9257306456565857, 3.440661907196045, 2.031771421432495, 1.8910173177719116, 3.155787467956543, 0.564433217048645, 0.24381810426712036, 2.0216305255889893, 1.196744680404663, 2.3653182983398438, 1.229668378829956, 2.7236671447753906, 2.9760499000549316, 0.9693735837936401, 2.870197296142578, 1.7323230504989624, 2.1108291149139404, 1.9366307258605957, 1.817621111869812, 1.350587248802185, 1.3222543001174927, 2.5275795459747314, 2.0167031288146973, 2.430917501449585, 4.403759479522705, 2.314535140991211, 2.5916213989257812, 2.4590694904327393, 1.88591730594635, 2.0544865131378174, 2.3037750720977783, 3.1918108463287354, 2.8204469680786133, 1.9051140546798706, 2.0199692249298096, 1.6131235361099243, 1.670386552810669, 2.282949209213257, 1.5267633199691772, 2.4607551097869873, 1.1925926208496094, 2.571323871612549, 1.1573541164398193, 0.2516409456729889, 2.222651481628418, 3.8818891048431396, 2.5891640186309814, 3.2572593688964844, 2.4959232807159424, 2.147890090942383, 2.077090263366699, 1.9378191232681274, 3.1633377075195312, 4.275390148162842, 2.2248475551605225, 2.736564874649048, 2.0173592567443848, 1.6242958307266235, 2.297118902206421, 2.131704807281494, 0.6137688159942627, 2.737175464630127, 2.516765594482422, 2.86979079246521, 2.5821709632873535, 1.730219841003418, 1.6722972393035889, 2.1210832595825195, 2.7859671115875244, 1.624037504196167, 1.1409099102020264, 1.7817744016647339, 0.9969097971916199, 2.775597095489502, 3.251067638397217], [2.0772600173950195, 3.882107734680176, 2.9068849086761475, 3.1904664039611816, 0.6051536798477173, 3.532559633255005, 2.0509510040283203, 3.535463571548462, 2.368356943130493, 2.8865015506744385, 2.0120599269866943, 1.3535161018371582, 1.635986089706421, 2.648693799972534, 1.6696680784225464, 1.8133182525634766, 1.2172226905822754, 1.8406988382339478, 3.4033048152923584, 2.3206052780151367, 2.7513716220855713, 2.497938632965088, 2.624025583267212, 2.2412760257720947, 2.3820035457611084, 2.061306953430176, 2.1285507678985596, 2.5490095615386963, 1.9991902112960815, 2.919029474258423, 2.482008695602417, 2.070590019226074, 2.487689256668091, 1.5856437683105469, 2.0582056045532227, 3.2785470485687256, 2.401102304458618, 1.5459541082382202, 3.3435964584350586, 2.6463980674743652, 1.422674298286438, 0.8864351511001587, 3.3276565074920654, 3.3166704177856445, 2.292905807495117, 2.699209690093994, 1.5611635446548462, 2.1863434314727783, 1.956321358680725, 2.3942887783050537, 2.255748987197876, 2.9297854900360107, 2.685788869857788, 1.7401043176651, 2.1638126373291016, 2.995565414428711, 2.9656829833984375, 2.4390361309051514, 1.1339468955993652, 3.2608540058135986, 1.9144566059112549, 0.3448115885257721, 0.9022860527038574, 2.6817710399627686, 3.3101861476898193, 0.9223582744598389, 1.7914026975631714, 1.8718650341033936, 1.2498610019683838, 2.9172658920288086, 2.5976154804229736, 1.42771577835083, 2.96091628074646, 3.0131683349609375, 2.830970525741577, 1.0129902362823486, 1.6919046640396118, 2.85599422454834, 2.8882954120635986, 1.3479090929031372], [1.2471365928649902, 2.0511395931243896, 3.7750062942504883, 3.853726625442505, 0.8620734810829163, 1.2982416152954102, 2.8898959159851074, 2.338477373123169, 2.3613696098327637, 2.7111918926239014, 2.1156375408172607, 0.9777581095695496, 0.7212691307067871, 2.7315971851348877, 0.9917539358139038, 3.6220295429229736, 0.6746581196784973, 3.0551674365997314, 2.3874731063842773, 1.5543227195739746, 0.6761464476585388, 3.124464750289917, 1.6731511354446411, 3.569122791290283, 1.4381146430969238, 1.4476251602172852, 3.126631021499634, 1.6195801496505737, 1.0032453536987305, 2.7794251441955566, 3.422180414199829, 3.2774908542633057, 1.79052734375, 2.5061399936676025, 3.981365203857422, 3.3235387802124023, 3.591905355453491, 2.1522769927978516, 1.766491174697876, 2.463728904724121, 2.252999782562256, 1.7367151975631714, 2.938187837600708, 2.0610623359680176, 3.874661445617676, 2.763275384902954, 1.0899943113327026, 2.3537657260894775, 1.5023374557495117, 1.0177327394485474, 2.213674306869507, 4.055928707122803, 1.7522579431533813, 3.585625648498535, 2.5265591144561768, 4.714674472808838, 1.9899832010269165, 1.271996259689331, 3.738457679748535, 0.9190837740898132, 2.408491849899292, 2.6928598880767822, 3.2129836082458496, 3.2465662956237793, 3.0061938762664795, 2.1222681999206543, 2.1434319019317627, 1.932584285736084, 3.212486982345581, 2.548717737197876, 2.632868766784668, 4.766030311584473, 2.680037498474121, 3.225943088531494, 3.1489288806915283, 3.608433485031128, 2.8955163955688477, 5.22882604598999, 2.7597692012786865, 0.29678985476493835], [4.30782413482666, 1.3034178018569946, 3.943293809890747, 4.1166486740112305, 0.2801729440689087, 2.386492967605591, 1.7108980417251587, 2.0356788635253906, 0.7796690464019775, 3.546574592590332, 1.2785145044326782, 3.720980167388916, 2.243820905685425, 3.353072166442871, 0.8663922548294067, 1.513686180114746, 1.9601808786392212, 2.5074076652526855, 1.7448395490646362, 0.6712003350257874, 2.5719847679138184, 1.6741461753845215, 0.8001168966293335, 2.286421298980713, 3.391883373260498, 2.1104135513305664, 0.8281450271606445, 0.7764165997505188, 4.104018688201904, 1.4587196111679077, 2.492410659790039, 4.277241230010986, 1.4544644355773926, 3.540863513946533, 1.9179404973983765, 0.8408398032188416, 0.3693890869617462, 0.8519430756568909, 2.933556318283081, 0.9055802226066589, 1.6143379211425781, 0.2425757199525833, 0.8065667152404785, 2.7410082817077637, 1.4226049184799194, 3.4517388343811035, 1.479447841644287, 3.382079601287842, 2.3743896484375, 3.1897342205047607, 2.7678074836730957, 3.457298517227173, 3.9427342414855957, 3.0424673557281494, 