{"case": "case57", "dispatch": {"gen": [[2.220381021499634, 0.49775707721710205, 0.7555429339408875, 0.7753068804740906, 3.450446367263794, 0.9647451639175415, 0.6607096195220947], [1.0195719003677368, 1.008707046508789, 0.9969266653060913, 0.9978967308998108, 1.0008894205093384, 0.9791532158851624, 0.986816942691803]], "load": [[-0.45681214332580566, -0.029323531314730644, -0.3464227616786957, -0.1130058616399765, -0.586774468421936, -1.3497320413589478, -0.849534809589386, -0.040789078921079636, -3.7473084926605225, -0.13523732125759125, -0.07833583652973175, -0.18016386032104492, -0.41843530535697937, -0.32403507828712463, -0.24400679767131805, -0.0319746769964695, -0.019338350743055344, -0.04548902064561844, -0.05012833699584007, -0.06639305502176285, -0.03626863658428192, -0.16778124868869781, -0.03456815704703331, -0.041486695408821106, -0.011371111497282982, -0.03295085206627846, -0.04667195677757263, -0.11314716190099716, -0.049413956701755524, -0.06160137802362442, -0.01421271450817585, -0.09943156689405441, -0.24594374001026154, -0.16383183002471924, -0.19320164620876312, -0.15137498080730438, -0.03531355410814285, -0.14506539702415466, -0.038932185620069504, -0.053050585091114044, -0.05631372705101967, -0.04905836656689644], [-0.13569685816764832, -0.6556180715560913, -0.14994016289710999, -0.03923146799206734, -0.01858711428940296, -0.1930798888206482, -0.20796704292297363, -0.01405334658920765, -0.19542089104652405, -0.016195222735404968, -0.05097830295562744, -0.04686516523361206, -0.022265177220106125, -0.06162014976143837, -0.08289913833141327, -0.004227973986417055, -0.007977430708706379, -0.019008168950676918, -0.031073713675141335, -0.004627056419849396, -0.01650329679250717, -0.018877189606428146, -0.012816334143280983, -0.0219098050147295, -0.007130216807126999, -0.016184454783797264, -0.02900560572743416, -0.06143052503466606, -0.027899939566850662, -0.03662534058094025, -0.007139379158616066, -0.013303293846547604, -0.10162883251905441, -0.06896527111530304, -0.07581144571304321, -0.043269168585538864, -0.01568751037120819, -0.07906581461429596, -0.0129721499979496, -0.023839328438043594, -0.0167717132717371, -0.018830496817827225]]}, "network_state": {"line_states": [[1.8095073699951172, 0.19939365983009338, 2.072059392929077, 1.4347437620162964, 1.1782033443450928, 0.9290305376052856, 0.9171285629272461, 2.6605234146118164, 0.8274922966957092, 3.345379590988159, 2.5938615798950195, 2.545991897583008, 1.8261570930480957, 1.155286192893982, 4.056875228881836, 1.5403145551681519, 1.8689491748809814, 1.5152997970581055, 1.5687867403030396, 1.9494954347610474, 2.6061112880706787, 1.873471975326538, 1.884260654449463, 1.0310968160629272, 2.880274534225464, 2.3657071590423584, 2.3785533905029297, 2.9056293964385986, 2.091161012649536, 1.9141277074813843, 1.9705506563186646, 2.8253021240234375, 2.1293911933898926, 2.7356953620910645, 1.4392319917678833, 2.9054343700408936, 3.5069334506988525, 1.1645221710205078, 3.7445614337921143, 2.398655652999878, 1.0570224523544312, 1.97648024559021, 2.6853060722351074, 2.1058244705200195, 2.184434652328491, 1.6401118040084839, 2.600273847579956, 2.8699378967285156, 2.4637255668640137, 2.2011444568634033, 3.47210693359375, 2.42111873626709, 1.7007440328598022, 2.5324740409851074, 3.480595350265503, 2.8248965740203857, 1.9747214317321777, 2.3836231231689453, 4.288496971130371, 1.7931218147277832, 1.9585957527160645, 3.588198661804199, 1.3317898511886597, 2.714660167694092, 3.435797691345215, 0.4909059703350067, 2.0179615020751953, 1.0708606243133545, 1.3891425132751465, 2.6207544803619385, 3.16499400138855, 2.4845099449157715, 3.805609941482544, 1.4143189191818237, 1.5506503582000732, 3.8309929370880127, 1.7464361190795898, 1.4987714290618896, 3.032808542251587, 3.018618583679199], [1.1227056980133057, 3.2222402095794678, 2.2004287242889404, 2.1221282482147217, 1.4465371370315552, 3.027129888534546, -0.07385377585887909, 2.4794728755950928, 2.5767934322357178, 3.415799617767334, 2.2889437675476074, 1.843133568763733, 1.7352015972137451, 3.014920473098755, 2.685940742492676, 2.696669578552246, 3.352060079574585, 1.2883824110031128, 5.002071380615234, 0.8936031460762024, 3.795912504196167, 2.023803949356079, 1.9327806234359741, 0.8706703782081604, 4.1510491371154785, 2.351546287536621, 3.1198277473449707, 3.349536418914795, 2.983182430267334, -0.6082909107208252, 2.302598714828491, 2.174917221069336, 1.2879002094268799, 0.9893733859062195, 3.0174479484558105, 1.5825504064559937, 2.9195144176483154, 3.2258987426757812, 0.22921176254749298, 2.9239158630371094, 2.234687089920044, 3.563568115234375, 0.6757726669311523, 3.1485087871551514, 3.1872127056121826, 3.2938830852508545, 1.8193572759628296, 2.2400693893432617, 3.0295445919036865, 2.1714224815368652, 3.9015378952026367, 1.7047876119613647, 2.8179242610931396, 2.627200126647949, 3.3915040493011475, 1.5315256118774414, 2.924738883972168, 1.4373267889022827, 2.8895103931427, 0.601712703704834, 3.290703296661377, 2.8281755447387695, 2.8569750785827637, 1.8275076150894165, 1.9300905466079712, 2.2027106285095215, 0.3434988558292389, 1.8363534212112427, 2.9574317932128906, 3.9102039337158203, 3.186685562133789, 0.5427850484848022, 0.6426283717155457, 2.517625331878662, 2.6664857864379883, 1.100824236869812, 0.7971335649490356, 3.6503167152404785, 3.464617967605591, 2.7810425758361816], [3.7798118591308594, 1.1443222761154175, 0.6870726943016052, 3.8839430809020996, 2.0937211513519287, 2.326152801513672, 1.7751965522766113, 0.4413406550884247, 2.9574456214904785, 2.7666306495666504, 3.4777746200561523, 2.7043230533599854, 0.7358413338661194, 1.4879459142684937, 2.3959856033325195, 0.9671924710273743, 1.1810026168823242, 1.4822359085083008, 4.511164665222168, 1.27472722530365, 4.5208258628845215, 2.403982162475586, 1.6189143657684326, 2.671600818634033, 3.6454906463623047, 3.3133385181427, 1.0849765539169312, 2.467818260192871, 1.830683946609497, 3.0897679328918457, 3.1884779930114746, 2.04915714263916, 2.1800284385681152, 0.9772071838378906, 0.35670143365859985, 4.448594570159912, 1.6233510971069336, 2.7308852672576904, 0.9881261587142944, 1.240418791770935, 1.538238763809204, 2.158205270767212, 2.3341033458709717, 2.5908939838409424, 2.5528218746185303, 2.302985906600952, 1.6956523656845093, 1.930694580078125, 3.578204393386841, 2.8632259368896484, 3.3079798221588135, 3.1972179412841797, 5.40291690826416, 0.989973247051239, 3.540882110595703, 1.5496926307678223, 2.230717658996582, 2.044912576675415, 1.1083256006240845, 2.0388455390930176, 3.5872597694396973, 3.195829391479492, 1.7590625286102295, 2.616751194000244, 1.205312967300415, 2.05094838142395, 3.75984263420105, 2.628941059112549, 4.816976070404053, 2.721416711807251, 1.9826329946517944, 1.4683171510696411, 3.5881247520446777, 0.9063557982444763, 1.806636929512024, 1.1567773818969727, 1.4830371141433716, 3.996506929397583, 2.311868906021118, 2.472588300704956], [4.690450668334961, 2.7111005783081055, 2.817237138748169, 1.981851577758789, 1.6047444343566895, 1.6636054515838623, 1.698944091796875, 1.764928936958313, 2.3896260261535645, 2.559715509414673, 2.351073980331421, 2.498049020767212, 2.1561291217803955, 0.8483759760856628, 2.793653964996338, 2.6009068489074707, 2.2122104167938232, 1.7160098552703857, 1.2258480787277222, 3.0248992443084717, 1.2699288129806519, 3.0003888607025146, 3.1724681854248047, 3.6321120262145996, 2.457862138748169, 1.518554449081421, 3.5300662517547607, 1.949582576751709, 3.2614047527313232, 2.7548916339874268, 1.79734468460083, 1.7819784879684448, 3.2271533012390137, 3.98089599609375, 2.1180686950683594, 1.427049994468689, 2.0786540508270264, 0.8065185546875, 3.7786290645599365, 4.196779727935791, 0.04753122478723526, 1.082369089126587, 1.7254467010498047, 1.5544164180755615, 2.552076816558838, 1.4446568489074707, 2.8660471439361572, 0.311896413564682, 2.4989678859710693, 2.5066962242126465, 1.9036195278167725, 1.5066794157028198, 1.1878124475479126, 