{"case": "case57", "dispatch": {"gen": [[1.1159008741378784, 0.6987453699111938, 1.1730427742004395, 0.6661982536315918, 3.2771975994110107, 0.35761839151382446, 1.377050518989563], [1.014907717704773, 0.9986276626586914, 0.9946126937866211, 1.000004529953003, 1.0101717710494995, 0.9716456532478333, 0.9625937938690186]], "load": [[-0.5065882205963135, -0.02418902888894081, -0.3098069727420807, -0.10126036405563354, -0.6334671378135681, -1.0863479375839233, -1.2065331935882568, -0.04672757536172867, -3.0913517475128174, -0.14249469339847565, -0.0909167006611824, -0.18200643360614777, -0.3472249507904053, -0.35563480854034424, -0.19744816422462463, -0.029018566012382507, -0.02224203571677208, -0.05156518146395683, -0.06383389979600906, -0.06967687606811523, -0.046376924961805344, -0.12189990282058716, -0.0303009282797575, -0.041867394000291824, -0.006944108754396439, -0.037999849766492844, -0.04745861887931824, -0.09282321482896805, -0.04346935451030731, -0.06468695402145386, -0.020449867472052574, -0.08591462671756744, -0.2643032371997833, -0.1596250683069229, -0.1842363178730011, -0.1739446520805359, -0.04169955104589462, -0.1698215901851654, -0.03983406350016594, -0.06851345300674438, -0.06223908066749573, -0.0496768020093441], [-0.16146127879619598, -0.8734204173088074, -0.21157574653625488, -0.04050035402178764, -0.017499687150120735, -0.16815567016601562, -0.19372977316379547, -0.016302885487675667, -0.2000323086977005, -0.014734345488250256, -0.0482790507376194, -0.04176255688071251, -0.029088392853736877, -0.06810596585273743, -0.0735645443201065, -0.0038837091997265816, -0.006759732495993376, -0.019067158922553062, -0.03282487019896507, -0.003866925835609436, -0.016622144728899002, -0.020813113078475, -0.010035264305770397, -0.02024891972541809, -0.007587555795907974, -0.015721876174211502, -0.02790873497724533, -0.06905444711446762, -0.023777073249220848, -0.04739512875676155, -0.006579066626727581, -0.01229920331388712, -0.1011786088347435, -0.054994743317365646, -0.09295975416898727, -0.053337011486291885, -0.0256380345672369, -0.08137047290802002, -0.012727959081530571, -0.03320162743330002, -0.007518252823501825, -0.018194641917943954]]}, "network_state": {"line_states": [[2.2102038860321045, 2.5243287086486816, 1.80934739112854, 1.4845516681671143, 2.589843511581421, 0.8144887685775757, 3.185154438018799, 2.4513802528381348, 1.8167632818222046, 3.020698070526123, 0.5922022461891174, 0.37151801586151123, 1.5998713970184326, 1.344669222831726, 2.1740920543670654, 1.3164771795272827, 2.879328966140747, 2.98602032661438, 1.1007593870162964, 2.7520477771759033, 1.545883059501648, 2.2365660667419434, 1.9258182048797607, 1.6157666444778442, 1.63909113407135, 1.1705876588821411, 2.436002731323242, 2.0458791255950928, 2.283018112182617, 4.305712699890137, 2.043958902359009, 2.6311733722686768, 2.635075569152832, 1.8409610986709595, 2.372281074523926, 2.497084617614746, 3.1418344974517822, 2.758101224899292, 1.6619253158569336, 2.430311918258667, 1.6943933963775635, 1.8678728342056274, 2.1372036933898926, 1.439241647720337, 2.1488914489746094, 0.9033148884773254, 2.7352991104125977, 0.7165351510047913, 0.5582029819488525, 1.923357367515564, 4.037941932678223, 2.4369630813598633, 2.93626070022583, 2.6348283290863037, 2.294025182723999, 2.275754690170288, 2.028740644454956, 3.3173718452453613, 4.3482584953308105, 2.0290908813476562, 2.4282028675079346, 2.1190836429595947, 1.9146029949188232, 2.4955317974090576, 2.0265331268310547, 0.6253825426101685, 2.9234893321990967, 2.3879270553588867, 3.172400951385498, 2.19775390625, 1.7907100915908813, 1.19342839717865, 2.2061519622802734, 2.636303424835205, 1.6718227863311768, 1.0081069469451904, 1.5526387691497803, 1.0328630208969116, 2.8425018787384033, 3.4622020721435547], [2.165964365005493, 4.1394782066345215, 2.9729671478271484, 2.8498308658599854, 0.8071413636207581, 3.4517905712127686, 1.8846023082733154, 3.32924747467041, 2.4588663578033447, 3.030268430709839, 1.9775097370147705, 1.2443914413452148, 1.7342491149902344, 2.6836326122283936, 1.5178383588790894, 1.572180151939392, 0.9223031401634216, 2.051210880279541, 3.571012496948242, 2.2622740268707275, 2.730132579803467, 2.6745893955230713, 2.8614437580108643, 2.181339740753174, 2.1639244556427, 2.3775463104248047, 2.042583465576172, 2.672063112258911, 1.7204176187515259, 2.889039993286133, 2.322340726852417, 2.1552932262420654, 2.608243703842163, 1.5086361169815063, 2.125164031982422, 3.0423319339752197, 2.417982339859009, 1.7794976234436035, 3.337341547012329, 2.692901611328125, 1.4198027849197388, 1.1951303482055664, 3.273477554321289, 3.2381277084350586, 2.841729164123535, 2.6930925846099854, 1.5088777542114258, 2.416733741760254, 2.274415969848633, 2.293292760848999, 2.5563979148864746, 3.027333974838257, 2.595104694366455, 1.5910364389419556, 2.3530380725860596, 3.2143237590789795, 2.9988417625427246, 2.129249095916748, 0.8846027255058289, 3.0136260986328125, 2.0340940952301025, 0.4973239600658417, 1.2260428667068481, 2.7858500480651855, 3.1484501361846924, 0.9766907095909119, 1.6256979703903198, 1.9883863925933838, 1.0711102485656738, 2.895034074783325, 2.7644150257110596, 1.4209169149398804, 3.007476329803467, 3.2573180198669434, 3.079634189605713, 0.7476717829704285, 1.537795901298523, 2.679560899734497, 2.754058361053467, 1.646349549293518], [1.322352647781372, 1.9837335348129272, 3.726336717605591, 3.6423544883728027, 0.5253852605819702, 1.1919506788253784, 2.620290756225586, 2.0113418102264404, 2.294506311416626, 2.924257516860962, 1.9797520637512207, 1.1778465509414673, 0.805983304977417, 2.7014174461364746, 0.7359609603881836, 3.604099750518799, 0.5735130906105042, 2.7427427768707275, 2.462791681289673, 1.8054531812667847, 0.45382726192474365, 3.2118706703186035, 1.7588666677474976, 3.427690029144287, 1.2772196531295776, 1.228564739227295, 2.750117540359497, 1.8537957668304443, 1.2171332836151123, 2.3754241466522217, 3.5175013542175293, 3.3447763919830322, 1.9642847776412964, 2.4219586849212646, 3.8506321907043457, 3.575977325439453, 3.2760367393493652, 2.111433267593384, 1.547802209854126, 2.587501049041748, 2.1033060550689697, 1.7839460372924805, 2.824101209640503, 2.039607524871826, 3.7226412296295166, 3.114745855331421, 0.9241368770599365, 2.1019556522369385, 1.3356759548187256, 1.097364068031311, 2.112896203994751, 3.9601240158081055, 1.5545669794082642, 3.7597625255584717, 2.3616600036621094, 4.499795913696289, 1.9351487159729004, 1.4510183334350586, 3.52128267288208, 0.9775722622871399, 2.7865066528320312, 2.6205716133117676, 2.773845672607422, 3.508605480194092, 3.1641182899475098, 2.1100096702575684, 2.2992208003997803, 2.003667116165161, 3.180912494659424, 2.5230627059936523, 2.353929042816162, 4.982946872711182, 2.502563238143921, 3.1547977924346924, 2.806706428527832, 3.705134391784668, 2.915717601776123, 5.190295696258545, 2.532209634780884, 0.4190971553325653], [4.363476753234863, 1.0568629503250122, 3.9614598751068115, 3.9624876976013184, 0.6210641860961914, 2.481550455093384, 1.4471355676651, 1.7156896591186523, 0.8523210883140564, 3.502156972885132, 1.23214590549469, 3.9426746368408203, 2.0802161693573, 3.244593620300293, 0.8239210247993469, 1.3941855430603027, 1.8109893798828125, 2.399655818939209, 1.8809499740600586, 0.638557493686676, 2.5997695922851562, 1.5825755596160889, 0.5252115726470947, 2.394120454788208, 3.3559486865997314, 2.0570292472839355, 0.7689939141273499, 0.29171791672706604, 3.973296880722046, 1.6699761152267456, 2.4926917552948, 3.9282376766204834, 1.3489104509353638, 3.2396063804626465, 2.152235984802246, 0.9021060466766357, 0.5921697020530701, 0.8956332802772522, 2.9902002811431885, 1.0348619222640991, 1.7529380321502686, 0.3385465145111084, 1.0344871282577515, 2.9237911701202393, 1.2306169271469116, 3.3756065368652344, 1.4942411184310913, 2.9571938514709473, 2.7964248657226562, 3.2341251373291016, 2.3145785331726074, 3.5785391330718994, 3.7257583141326904, 2.7704827785491943, 