{"case": "case57", "dispatch": {"gen": [[4.997623920440674, 0.3895845413208008, 0.15604650974273682, 0.7576818466186523, 0.9116148352622986, 0.8213170766830444, 3.1062514781951904], [1.0169843435287476, 0.9975893497467041, 0.9809125065803528, 0.9783775210380554, 0.98872309923172, 0.9774313569068909, 1.0067038536071777]], "load": [[-0.4105983078479767, -0.029000377282500267, -0.3535781800746918, -0.11134722828865051, -0.6357750296592712, -1.2368779182434082, -1.0139683485031128, -0.04393220692873001, -3.346827268600464, -0.14208681881427765, -0.08043409138917923, -0.1755771040916443, -0.32579493522644043, -0.39735445380210876, -0.19867268204689026, -0.027406401932239532, -0.021046370267868042, -0.059464938938617706, -0.05546806752681732, -0.0683734267950058, -0.034036193042993546, -0.13058021664619446, -0.026334451511502266, -0.0558667853474617, -0.01528024673461914, -0.032585445791482925, -0.04470027610659599, -0.1363258957862854, -0.060044948011636734, -0.05446365848183632, -0.01843065395951271, -0.1009802296757698, -0.2263292819261551, -0.15261220932006836, -0.18377681076526642, -0.15116451680660248, -0.04739496856927872, -0.15794625878334045, -0.037888914346694946, -0.0659097284078598, -0.07374808192253113, -0.0497654527425766], [-0.15588195621967316, -0.6971478462219238, -0.15165606141090393, -0.03664609044790268, -0.019224083051085472, -0.20171040296554565, -0.19958171248435974, -0.0180569626390934, -0.22182999551296234, -0.017684249207377434, -0.03902720659971237, -0.04152670130133629, -0.026503438130021095, -0.058453112840652466, -0.08695648610591888, -0.005539916455745697, -0.007992140017449856, -0.020322149619460106, -0.02769188955426216, -0.003701362293213606, -0.021544359624385834, -0.022775448858737946, -0.013135301880538464, -0.02726578153669834, -0.007096311077475548, -0.016215721145272255, -0.02220010943710804, -0.053614143282175064, -0.026049798354506493, -0.03433492034673691, -0.007516597397625446, -0.015931008383631706, -0.10825582593679428, -0.07275329530239105, -0.07677247375249863, -0.04224144294857979, -0.019525714218616486, -0.08793272823095322, -0.01046696025878191, -0.02603140100836754, -0.017603103071451187, -0.015026525594294071]]}, "network_state": {"line_states": [[2.140129804611206, 2.4418282508850098, 1.845517873764038, 1.5371348857879639, 2.5983457565307617, 0.7511377334594727, 3.2768218517303467, 2.4188313484191895, 1.7247366905212402, 3.12829852104187, 0.6169525384902954, 0.42135339975357056, 1.647199034690857, 1.3337262868881226, 2.214202404022217, 1.3022710084915161, 2.821298122406006, 3.0267748832702637, 1.051626443862915, 2.8202624320983887, 1.4821622371673584, 2.2357401847839355, 1.8250858783721924, 1.609732985496521, 1.5922869443893433, 1.1396608352661133, 2.5267512798309326, 2.149629592895508, 2.2986044883728027, 4.230635643005371, 2.0509774684906006, 2.5807301998138428, 2.57348370552063, 1.8852592706680298, 2.396949291229248, 2.5675387382507324, 3.088804006576538, 2.727454423904419, 1.6749842166900635, 2.426578998565674, 1.6564886569976807, 1.8690025806427002, 2.236931562423706, 1.4840896129608154, 2.1357343196868896, 0.8105770349502563, 2.819413900375366, 0.7192209362983704, 0.5506988167762756, 1.9207334518432617, 3.965269088745117, 2.485563039779663, 2.957313060760498, 2.6113648414611816, 2.3630247116088867, 2.3053178787231445, 2.0104007720947266, 3.258157968521118, 4.414196491241455, 1.9999983310699463, 2.4619195461273193, 2.1811134815216064, 1.8802175521850586, 2.46126389503479, 1.9492853879928589, 0.7351135611534119, 2.8495821952819824, 2.4313204288482666, 3.057067632675171, 2.2423453330993652, 1.799608588218689, 1.2672114372253418, 2.266601800918579, 2.630547046661377, 1.7229554653167725, 1.0537707805633545, 1.5927307605743408, 1.0119454860687256, 2.8299105167388916, 3.416327953338623], [2.172015905380249, 4.017757415771484, 2.9616808891296387, 2.872588634490967, 0.8691768050193787, 3.4650697708129883, 1.8602882623672485, 3.325185537338257, 2.4334514141082764, 2.999645709991455, 1.9946739673614502, 1.2584763765335083, 1.6868324279785156, 2.62549090385437, 1.4946436882019043, 1.582358479499817, 1.0002350807189941, 1.9786549806594849, 3.5111794471740723, 2.305957317352295, 2.6569900512695312, 2.731867790222168, 2.926541805267334, 2.1364800930023193, 2.2181339263916016, 2.344846487045288, 2.112703561782837, 2.6580097675323486, 1.7369182109832764, 2.9309256076812744, 2.434114933013916, 2.0979764461517334, 2.5934507846832275, 1.4101319313049316, 2.0520215034484863, 3.030965805053711, 2.45755672454834, 1.766791820526123, 3.459927797317505, 2.7739078998565674, 1.4640551805496216, 1.1165883541107178, 3.314288854598999, 3.2326083183288574, 2.853160858154297, 2.6279282569885254, 1.564526915550232, 2.3958702087402344, 2.192521810531616, 2.405317783355713, 2.6313490867614746, 3.193650960922241, 2.618860960006714, 1.6217046976089478, 2.2846262454986572, 3.218705654144287, 3.0421245098114014, 2.142127275466919, 0.8326839804649353, 3.11757230758667, 2.0592832565307617, 0.5581350326538086, 1.1820151805877686, 2.789762258529663, 3.2036168575286865, 0.957715630531311, 1.587859034538269, 1.9300864934921265, 1.1293606758117676, 2.9626574516296387, 2.711812973022461, 1.3337481021881104, 2.9793930053710938, 3.2588071823120117, 3.019479274749756, 0.91085284948349, 1.6190599203109741, 2.8362200260162354, 2.838134527206421, 1.7501221895217896], [1.3201502561569214, 2.047431468963623, 3.626826524734497, 3.6079583168029785, 0.5456328392028809, 1.2468152046203613, 2.688781499862671, 2.1434144973754883, 2.315401554107666, 2.8636960983276367, 1.9635186195373535, 1.057312250137329, 0.8531327247619629, 2.6699700355529785, 0.7078707218170166, 3.5475664138793945, 0.5200666189193726, 2.719041109085083, 2.4517836570739746, 1.8379770517349243, 0.5046608448028564, 3.2250304222106934, 1.7864385843276978, 3.3571865558624268, 1.3278141021728516, 1.3766323328018188, 2.8742520809173584, 1.8240619897842407, 1.1927560567855835, 2.4585399627685547, 3.685258388519287, 3.3415942192077637, 2.015178680419922, 2.482428550720215, 3.9732868671417236, 3.568943500518799, 3.2659640312194824, 2.266469955444336, 1.4830968379974365, 2.5284955501556396, 2.16062068939209, 1.7799195051193237, 2.765582323074341, 1.9835622310638428, 3.7598776817321777, 3.0651493072509766, 1.0811432600021362, 2.138751983642578, 1.4342119693756104, 1.089796781539917, 2.217038869857788, 4.023316860198975, 1.49900221824646, 3.731311321258545, 2.3892946243286133, 4.380117416381836, 1.9798734188079834, 1.5318790674209595, 3.557819128036499, 0.9065801501274109, 2.853534460067749, 2.587531805038452, 2.753582239151001, 3.4638631343841553, 3.040379047393799, 2.040452718734741, 2.216508388519287, 1.938291311264038, 3.2598154544830322, 2.4893150329589844, 2.3693137168884277, 5.090645790100098, 2.5236353874206543, 3.1643319129943848, 2.7372708320617676, 3.7197532653808594, 2.9064366817474365, 5.226673126220703, 2.5214271545410156, 0.4636138677597046], [4.385647296905518, 1.1432689428329468, 3.9261419773101807, 3.939772605895996, 0.5339481830596924, 2.3595407009124756, 1.3828972578048706, 1.7749712467193604, 0.7991591691970825, 3.5706632137298584, 1.1791980266571045, 3.969179153442383, 2.023895502090454, 3.2524869441986084, 0.7027778029441833, 1.418675422668457, 1.8018202781677246, 2.277177572250366, 1.8535763025283813, 0.7284222841262817, 2.528829574584961, 1.5297791957855225, 0.5492605566978455, 2.3694493770599365, 3.360363483428955, 2.039625406265259, 0.766808032989502, 0.4234914779663086, 4.096341609954834, 1.6450074911117554, 2.4069058895111084, 3.9220292568206787, 1.4199533462524414, 3.174856662750244, 2.234419107437134, 0.8629607558250427, 0.43105050921440125, 0.737412691116333, 3.022908926010132, 0.933344304561615, 1.6810709238052368, 0.25413617491722107, 0.9523664712905884, 2.8206217288970947, 1.3833067417144775, 3.4168224334716797, 1.3320094347000122, 2.975785493850708, 2.6651506423950195, 3.2654876708984375, 2.326132297515869, 3.6538727283477783, 3.813335418701172, 2.81472110748291, 