{"case": "case57", "dispatch": {"gen": [[0.8995882272720337, 0.6418505907058716, 1.3257733583450317, 0.44189366698265076, 4.007605075836182, 0.6013166904449463, 1.1576796770095825], [0.9855642914772034, 0.9792222380638123, 0.9919337034225464, 1.0128874778747559, 1.0373046398162842, 0.9998981952667236, 0.9990442991256714]], "load": [[-0.5175930857658386, -0.02535303682088852, -0.3061108887195587, -0.10850878059864044, -0.6522270441055298, -1.0888382196426392, -0.9773154258728027, -0.04108118638396263, -3.465062379837036, -0.15992505848407745, -0.09030301123857498, -0.19531629979610443, -0.35768070816993713, -0.3847917914390564, -0.22452150285243988, -0.02913975715637207, -0.02011837437748909, -0.052744846791028976, -0.05422934889793396, -0.08294503390789032, -0.038096833974123, -0.1540612280368805, -0.03117546997964382, -0.047498270869255066, -0.013634308241307735, -0.031984567642211914, -0.05048299580812454, -0.12644825875759125, -0.056047555059194565, -0.05850740522146225, -0.01681721769273281, -0.10790964961051941, -0.2582898437976837, -0.1639726161956787, -0.1884566843509674, -0.15484552085399628, -0.03960256651043892, -0.17270123958587646, -0.03390287235379219, -0.05461014807224274, -0.06406113505363464, -0.057905253022909164], [-0.14518599212169647, -0.6927019953727722, -0.16396580636501312, -0.03419013321399689, -0.017154760658740997, -0.19346772134304047, -0.22947044670581818, -0.016624726355075836, -0.1909048706293106, -0.01950737275183201, -0.0445123016834259, -0.040270235389471054, -0.02628513053059578, -0.07121193408966064, -0.08657075464725494, -0.005320091266185045, -0.00808047503232956, -0.017927104607224464, -0.027430864050984383, -0.0043326979503035545, -0.018873337656259537, -0.0231005996465683, -0.015864770859479904, -0.024409838020801544, -0.0066827330738306046, -0.01661456748843193, -0.025592075660824776, -0.05842030420899391, -0.024117285385727882, -0.03798414021730423, -0.00800892524421215, -0.015659065917134285, -0.09351734071969986, -0.07005568593740463, -0.09153207391500473, -0.04252345860004425, -0.019516905769705772, -0.08351633697748184, -0.012187588028609753, -0.028991783037781715, -0.018339933827519417, -0.016204413026571274]]}, "network_state": {"line_states": [[2.0694174766540527, 2.072918653488159, 2.135577917098999, 1.2352476119995117, 2.9988129138946533, 0.9708667993545532, 3.374729871749878, 2.146787405014038, 1.9818366765975952, 2.833307981491089, 0.6252939105033875, 0.26086971163749695, 2.3384575843811035, 1.2196015119552612, 1.7553212642669678, 1.7770828008651733, 2.752669095993042, 2.757197141647339, 1.2450007200241089, 2.5992982387542725, 1.8174220323562622, 2.411231279373169, 2.046661376953125, 1.7908986806869507, 1.294931173324585, 1.6556172370910645, 2.255972146987915, 1.8202550411224365, 2.486917495727539, 4.5596418380737305, 2.45369553565979, 2.3220407962799072, 2.585984706878662, 1.9598760604858398, 1.9538776874542236, 2.0771939754486084, 3.388460159301758, 3.0051724910736084, 1.910527229309082, 1.759743332862854, 1.5354444980621338, 1.518903374671936, 1.8401654958724976, 1.4822808504104614, 2.457575798034668, 1.2247999906539917, 2.679935932159424, 1.2793159484863281, 0.5706773400306702, 2.5933902263641357, 3.7124695777893066, 2.196373701095581, 3.104397773742676, 2.714484691619873, 2.4809484481811523, 2.4907946586608887, 2.171494722366333, 3.2432973384857178, 3.7263150215148926, 2.3072662353515625, 3.010533094406128, 2.052177906036377, 1.992842674255371, 2.2003464698791504, 1.6275713443756104, 0.6817599534988403, 2.551165819168091, 2.672948122024536, 2.8094964027404785, 2.135664463043213, 1.8579068183898926, 1.8717628717422485, 2.4535138607025146, 2.564810037612915, 1.319431185722351, 1.3557074069976807, 1.5074220895767212, 1.715467929840088, 2.7005138397216797, 3.2884232997894287], [2.091569185256958, 3.8257923126220703, 2.7588706016540527, 3.093160390853882, -0.059540294110774994, 3.091097354888916, 2.4135406017303467, 3.2146735191345215, 1.9536871910095215, 3.068092107772827, 2.14335036277771, 1.4541115760803223, 1.8342937231063843, 2.66432523727417, 1.7245336771011353, 1.772876262664795, 1.3804469108581543, 2.135772705078125, 3.285207748413086, 2.371736526489258, 2.8890602588653564, 2.97629714012146, 2.2582037448883057, 2.4658448696136475, 2.597769021987915, 2.140166997909546, 2.0677974224090576, 2.3431570529937744, 1.9829000234603882, 2.6599295139312744, 2.5109457969665527, 2.317568778991699, 2.6043541431427, 1.382596492767334, 1.6347428560256958, 3.233349561691284, 2.5418646335601807, 1.4971237182617188, 3.049370288848877, 2.7089619636535645, 1.591575026512146, 1.0074381828308105, 3.5633811950683594, 3.6041781902313232, 2.371175527572632, 2.499974250793457, 1.3743515014648438, 2.2735068798065186, 1.955735206604004, 2.862565517425537, 2.4229488372802734, 2.8309783935546875, 2.73970103263855, 1.6430250406265259, 2.53548002243042, 2.9318957328796387, 2.9986891746520996, 2.579031229019165, 1.0873221158981323, 3.291682481765747, 1.8179762363433838, 0.5311941504478455, 1.1669238805770874, 2.188105821609497, 2.9907944202423096, 0.9719346165657043, 2.0545854568481445, 2.245556592941284, 0.9091978669166565, 2.5040767192840576, 2.4729995727539062, 1.7605422735214233, 2.8959665298461914, 2.4810874462127686, 2.8597984313964844, 0.9364338517189026, 1.379040002822876, 2.8696067333221436, 2.80098819732666, 1.3176283836364746], [1.3951444625854492, 2.25935697555542, 3.9929733276367188, 3.7454264163970947, 0.981283962726593, 1.389054536819458, 2.486417293548584, 2.347594738006592, 2.535182476043701, 2.4935758113861084, 1.953445553779602, 1.1514030694961548, 1.0885409116744995, 2.521840810775757, 0.8436645269393921, 3.541269302368164, 1.0231620073318481, 2.764070749282837, 2.451920747756958, 1.2354086637496948, 0.9724960327148438, 3.0124993324279785, 1.6771339178085327, 3.5676162242889404, 1.3034723997116089, 1.2970290184020996, 3.2170515060424805, 1.6239537000656128, 1.0227466821670532, 2.5767533779144287, 3.3058087825775146, 3.320539712905884, 1.8918941020965576, 2.828139543533325, 3.971484422683716, 3.630965232849121, 3.678863286972046, 1.9394567012786865, 1.8080246448516846, 2.4755375385284424, 2.076702117919922, 1.6582351922988892, 2.5934526920318604, 1.9886757135391235, 3.8294262886047363, 2.9064621925354004, 1.102257490158081, 2.30161190032959, 1.9531301259994507, 1.4229073524475098, 2.3214526176452637, 3.9618847370147705, 1.8962593078613281, 3.2470638751983643, 2.466005802154541, 4.679566383361816, 2.0247859954833984, 1.0485639572143555, 3.5058703422546387, 0.9689067006111145, 2.246415376663208, 2.6132400035858154, 3.186706304550171, 3.1591525077819824, 3.10315203666687, 2.302509069442749, 2.348278284072876, 2.2277114391326904, 2.8840572834014893, 2.5672762393951416, 2.2748255729675293, 4.64820671081543, 2.4235291481018066, 2.8936898708343506, 3.1672823429107666, 3.3604021072387695, 2.7050974369049072, 4.849400043487549, 2.381312131881714, 0.10002554953098297], [4.157791614532471, 1.2960236072540283, 3.6630513668060303, 3.914355516433716, 0.3438853621482849, 2.932466745376587, 1.5333961248397827, 2.0454795360565186, 0.9412214159965515, 3.086099147796631, 1.3878607749938965, 3.7374250888824463, 2.451012134552002, 3.3550262451171875, 1.2174174785614014, 1.3386332988739014, 1.780367136001587, 2.7860870361328125, 1.8585333824157715, 0.8819793462753296, 2.647804021835327, 1.802834153175354, 1.0768333673477173, 2.075667142868042, 2.959016799926758, 2.010315418243408, 0.8320983648300171, 0.7946426868438721, 3.86488676071167, 1.4571070671081543, 2.2579360008239746, 3.9370129108428955, 1.635156512260437, 3.0017495155334473, 1.5454070568084717, 0.8204015493392944, 1.0071384906768799, 1.4378024339675903, 2.899975538253784, 0.5505517721176147, 1.7396361827850342, 0.6696511507034302, 0.8753484487533569, 2.4468393325805664, 1.6589365005493164, 3.3807177543640137, 1.8331642150878906, 3.1386055946350098, 2.5068323612213135, 3.074763774871826, 2.6149566173553467, 3.570542335510254, 3.9553916454315186, 3.32511043548584, 