{"trajs": {"trajectories": [[[-0.7552103400230408, -0.6567217111587524], [0.8333924412727356, 0.02728607878088951], [1.0244475603103638, 0.38595476746559143]], [[-0.4353964626789093, -0.30684545636177063], [0.8449879288673401, 0.6643139123916626], [1.0244489908218384, 0.37212541699409485]], [[-0.7598164677619934, -0.4634191691875458], [0.5814860463142395, -0.5606818199157715], [1.0244245529174805, -0.3505346477031708]], [[-0.7517495155334473, -0.3036792576313019], [0.47455599904060364, -0.6735382080078125], [1.0244261026382446, -0.6716462969779968]], [[-0.7540515065193176, -0.09849118441343307], [0.49100083112716675, -0.21106383204460144], [1.0244420766830444, 0.2831311821937561]], [[-0.7500986456871033, 0.2338869571685791], [0.8164710402488708, -0.22357909381389618], [1.0244336128234863, 0.08256294578313828]], [[-0.6869127750396729, 0.631994903087616], [0.7096901535987854, -0.06548178195953369], [1.024425745010376, -0.2565145492553711]], [[-0.7430089116096497, 0.14248473942279816], [-0.2369498908519745, -0.5314887762069702], [1.02442467212677, -0.6678628325462341]], [[-0.7691290378570557, -0.10124357044696808], [0.8381564617156982, 0.20772208273410797], [1.0244483947753906, 0.38918760418891907]], [[-0.6601202487945557, 0.6472126245498657], [-0.23496706783771515, -0.5201811790466309], [1.0244570970535278, 0.5646523237228394]]]}, "best_eps_idx": 2, "time": 10094.150875926949, "n": 10, "T": 3, "width": 3.2, "height": 3.0, "R": 0.5, "max_wind_thrust": 0.5, "duration": 30.0, "dp_mcmc_step_size": 0.001, "ep_mcmc_step_size": 0.001, "num_rounds": 50, "num_mcmc_steps_per_round": 50, "num_chains": 10, "use_gradients": true, "use_stochasticity": false, "repair": true, "predict": false, "quench_rounds": 20, "tempering_schedule": null}