{"trajs": {"trajectories": [[[-0.6646854281425476, -0.5581819415092468], [-0.6779424548149109, 0.8689445853233337], [0.4863051772117615, -0.6491883397102356]], [[-1.0219781398773193, -0.4136733412742615], [-0.796789824962616, 0.8743033409118652], [0.15334239602088928, -0.617165744304657]], [[-1.037500262260437, -0.3297633230686188], [0.42199230194091797, -0.3925904929637909], [0.688053548336029, -0.06957654654979706]], [[-0.6901198625564575, 0.05410416051745415], [-0.6376956701278687, 0.10455213487148285], [0.9382421374320984, -0.4888803958892822]], [[-0.6756964921951294, 0.47264209389686584], [0.38476070761680603, -0.2542354166507721], [0.190658301115036, -0.5991610884666443]]]}, "best_eps_idx": 0, "time": 1207.3691312838346, "n": 5, "T": 3, "width": 3.2, "height": 3.0, "R": 0.5, "max_wind_thrust": 0.5, "duration": 30.0, "dp_mcmc_step_size": 0.001, "ep_mcmc_step_size": 0.001, "num_rounds": 100, "num_mcmc_steps_per_round": 5, "num_chains": 5, "use_gradients": false, "use_stochasticity": true, "repair": true, "predict": true, "quench_rounds": 0, "tempering_schedule": null}