{"trajs": {"trajectories": [[[-0.8690004348754883, -0.6829848885536194], [0.3211355209350586, 0.2806018590927124], [0.366854190826416, -0.5777537226676941]], [[-0.8712067604064941, -0.4623810648918152], [0.25934579968452454, -0.3762013912200928], [0.46308350563049316, 0.09140600264072418]], [[-0.856919527053833, 0.13133424520492554], [-0.0006371380877681077, -0.43956294655799866], [0.42472043633461, -0.2647498846054077]], [[-0.8791027069091797, 0.19115237891674042], [0.49917447566986084, 0.4171166718006134], [0.36143144965171814, 0.2030879110097885]], [[-0.8325480222702026, 0.7583978772163391], [-0.06418318301439285, 0.2830268144607544], [0.3455815017223358, 0.2937527000904083]]]}, "best_eps_idx": 2, "time": 802.0921603757888, "n": 5, "T": 3, "width": 3.2, "height": 3.0, "R": 0.5, "max_wind_thrust": 0.5, "duration": 30.0, "dp_mcmc_step_size": 0.001, "ep_mcmc_step_size": 0.001, "num_rounds": 50, "num_mcmc_steps_per_round": 5, "num_chains": 5, "use_gradients": true, "use_stochasticity": false, "repair": true, "predict": true, "quench_rounds": 5, "tempering_schedule": null}