{"trajs": {"trajectories": [[[-0.8850354552268982, -0.564341127872467], [0.5776805877685547, 0.3773582875728607], [-0.4040803909301758, 0.5977004170417786]], [[-0.9499737024307251, -0.2838119566440582], [0.04618237167596817, -0.11659248173236847], [-0.03359502926468849, 0.5920555591583252]], [[-0.7668365240097046, 0.01990976184606552], [0.41277894377708435, 0.30621838569641113], [0.12016043066978455, -0.40157920122146606]], [[-0.959902286529541, 0.5606628656387329], [0.4054529666900635, -0.5212644934654236], [0.41655999422073364, 0.1169414222240448]], [[-0.6379313468933105, 0.5781333446502686], [-0.44602441787719727, -0.06594699621200562], [0.34994590282440186, 0.47664761543273926]]]}, "best_eps_idx": 2, "time": 802.3620379464701, "n": 5, "T": 3, "width": 3.2, "height": 3.0, "R": 0.5, "max_wind_thrust": 0.5, "duration": 30.0, "dp_mcmc_step_size": 0.001, "ep_mcmc_step_size": 0.001, "num_rounds": 50, "num_mcmc_steps_per_round": 5, "num_chains": 5, "use_gradients": true, "use_stochasticity": true, "repair": true, "predict": true, "quench_rounds": 5, "tempering_schedule": null}