{"trajs": {"trajectories": [[[-0.9707124829292297, -0.9437884092330933], [-1.1588791608810425, 0.4303893744945526], [0.2372835874557495, -0.037593189626932144]], [[-1.1265597343444824, -0.4538061320781708], [0.5561371445655823, 0.4545387327671051], [-0.15007111430168152, -0.296842098236084]], [[-1.0814679861068726, 0.0271195936948061], [0.4597007930278778, -0.5924379825592041], [-0.7599373459815979, 0.19146539270877838]], [[-1.095207691192627, 0.380847305059433], [-0.15990249812602997, 0.668377161026001], [-0.19697347283363342, -0.7858083248138428]], [[-1.1025859117507935, 0.9131994247436523], [-0.3442073166370392, 0.0018966131610795856], [-0.5970718264579773, -0.21692699193954468]]]}, "best_eps_idx": 4, "time": 794.4503525141627, "n": 5, "T": 3, "width": 3.2, "height": 3.0, "R": 0.5, "max_wind_thrust": 0.5, "duration": 30.0, "dp_mcmc_step_size": 0.001, "ep_mcmc_step_size": 0.001, "num_rounds": 50, "num_mcmc_steps_per_round": 5, "num_chains": 5, "use_gradients": true, "use_stochasticity": true, "repair": true, "predict": true, "quench_rounds": 5, "tempering_schedule": null}