{"trajs": {"trajectories": [[[-0.6643415093421936, 0.2928745448589325], [0.1856260895729065, -1.1047524213790894], [1.4722890853881836, -0.9155704379081726]], [[-1.4919161796569824, 0.10425499081611633], [-0.5868590474128723, -0.9163578748703003], [1.2379114627838135, 0.47297778725624084]], [[-0.9684267640113831, -0.010462965816259384], [-0.38288673758506775, -0.8310533165931702], [1.1905204057693481, -0.6246025562286377]], [[-1.1754308938980103, 0.3072148263454437], [0.13441568613052368, -0.2571772634983063], [1.234917163848877, -0.3399781584739685]], [[-1.0947378873825073, 0.7442455887794495], [0.722549319267273, -0.1500774621963501], [1.4972789287567139, -0.009383143857121468]]]}, "best_eps_idx": 3, "time": 4117.512256245129, "n": 5, "T": 3, "width": 3.2, "height": 3.0, "R": 0.5, "max_wind_thrust": 2.0, "duration": 30.0, "dp_mcmc_step_size": 0.001, "ep_mcmc_step_size": 0.001, "num_rounds": 50, "num_mcmc_steps_per_round": 50, "num_chains": 10, "use_gradients": false, "use_stochasticity": true, "repair": true, "predict": true, "quench_rounds": 0, "tempering_schedule": null}