{"trajs": {"trajectories": [[[0.22000756859779358, 0.29434558749198914], [-0.5689462423324585, -0.004060633480548859], [0.5177513957023621, 0.06485059857368469]], [[-0.6186925172805786, 0.0330486074090004], [-0.7519775032997131, -0.28805673122406006], [0.940568208694458, -0.12398938834667206]], [[0.06705066561698914, 0.3636132776737213], [-0.8963872194290161, 0.03098180890083313], [0.9879564046859741, -0.13174304366111755]], [[-0.19703003764152527, 0.013237819075584412], [0.01146402582526207, -0.689380407333374], [0.16011875867843628, 0.49909597635269165]], [[0.502077043056488, 0.017074044793844223], [-0.3708970546722412, -0.6845343112945557], [0.8555023074150085, -0.39917999505996704]]]}, "best_eps_idx": 3, "time": 3586.8193170716986, "n": 5, "T": 3, "width": 3.2, "height": 3.0, "R": 0.5, "max_wind_thrust": 0.5, "duration": 30.0, "dp_mcmc_step_size": 0.001, "ep_mcmc_step_size": 0.001, "num_rounds": 50, "num_mcmc_steps_per_round": 50, "num_chains": 10, "use_gradients": false, "use_stochasticity": true, "repair": true, "predict": true, "quench_rounds": 0, "tempering_schedule": null}