{"trajs": {"trajectories": [[[-0.37471967935562134, -0.20562654733657837], [0.3623768091201782, -0.17402760684490204], [1.3025414943695068, -0.035152368247509]], [[-0.9424323439598083, -0.24405577778816223], [-0.024761078879237175, -0.7006001472473145], [1.2587995529174805, -0.5093439221382141]], [[-0.8108785152435303, 0.20577669143676758], [0.05178556591272354, 0.40661320090293884], [0.8188593983650208, 0.3151535391807556]], [[-0.25265514850616455, 0.32094863057136536], [0.39981627464294434, 0.18647827208042145], [1.3761111497879028, 0.48300600051879883]], [[-1.3213393688201904, 0.0561688169836998], [-0.2952807545661926, -0.07307766377925873], [0.8089704513549805, -0.2684737741947174]]]}, "best_eps_idx": 0, "time": 923.4100911468267, "n": 5, "T": 3, "width": 3.2, "height": 3.0, "R": 0.5, "max_wind_thrust": 1.0, "duration": 30.0, "dp_mcmc_step_size": 0.001, "ep_mcmc_step_size": 0.001, "num_rounds": 50, "num_mcmc_steps_per_round": 50, "num_chains": 5, "use_gradients": true, "use_stochasticity": false, "repair": true, "predict": true, "quench_rounds": 20, "tempering_schedule": null}