{"trajs": {"trajectories": [[[-0.6837587356567383, -0.39695993065834045], [0.14388807117938995, 0.2958328127861023], [1.145270824432373, 0.02171623893082142]], [[-1.1324210166931152, -0.079632468521595], [-1.098897933959961, 0.6794888973236084], [1.0316870212554932, 0.7111644148826599]], [[-0.6665194034576416, 0.11018895357847214], [-0.6333321332931519, 0.15591470897197723], [0.7115893959999084, 0.16940206289291382]], [[0.30829566717147827, 0.014193420298397541], [0.35492417216300964, 0.9151089787483215], [1.7761260271072388, -0.0922393724322319]], [[-0.22679634392261505, -0.15589407086372375], [0.06720156222581863, 0.9591162204742432], [1.4470179080963135, 0.4909698963165283]]]}, "best_eps_idx": 0, "time": 1071.7187513615936, "n": 5, "T": 3, "width": 3.2, "height": 3.0, "R": 0.5, "max_wind_thrust": 1.0, "duration": 30.0, "dp_mcmc_step_size": 0.001, "ep_mcmc_step_size": 0.001, "num_rounds": 50, "num_mcmc_steps_per_round": 50, "num_chains": 5, "use_gradients": true, "use_stochasticity": true, "repair": true, "predict": true, "quench_rounds": 20, "tempering_schedule": null}