{"trajs": {"trajectories": [[[-1.1231470108032227, -0.9338746070861816], [-0.05547993630170822, -0.9235477447509766], [1.1465965509414673, -0.949226975440979]], [[-1.0834238529205322, -0.4385421872138977], [-0.03311847522854805, -0.3859519362449646], [1.1361526250839233, -0.5131097435951233]], [[-0.977306067943573, 0.04802374169230461], [0.09128112345933914, 0.11398769915103912], [1.1211358308792114, -0.04104011505842209]], [[-1.063055396080017, 0.49350956082344055], [-0.05004291236400604, 0.5595046281814575], [1.1059834957122803, 0.46251484751701355]], [[-1.0206867456436157, 0.9993492960929871], [0.02300811931490898, 1.049598217010498], [1.0701711177825928, 0.9741214513778687]]]}, "best_eps_idx": 1, "time": 665.0533661618829, "n": 5, "T": 3, "width": 3.2, "height": 3.0, "R": 0.5, "max_wind_thrust": 1.0, "duration": 30.0, "dp_mcmc_step_size": 0.0001, "ep_mcmc_step_size": 0.0001, "num_rounds": 50, "num_mcmc_steps_per_round": 50, "num_chains": 5, "use_gradients": true, "use_stochasticity": false, "repair": true, "predict": false, "quench_rounds": 20, "tempering_schedule": null}