{"trajs": {"trajectories": [[[-1.124753475189209, 0.08094657212495804], [-0.6084133386611938, 0.07512356340885162], [1.43169105052948, -0.3405393362045288]], [[-0.7903190851211548, 0.227886363863945], [0.009377655573189259, 0.4823026657104492], [1.1956243515014648, 0.08060900121927261]], [[-1.3036149740219116, 0.3898314833641052], [-0.7649641633033752, 0.6359376311302185], [0.9316983222961426, -0.30239495635032654]], [[-0.8115565180778503, 0.5924848318099976], [0.3432333469390869, 1.105387568473816], [1.3597807884216309, 0.4436958432197571]], [[-1.149456262588501, 0.9264909625053406], [-0.19555263221263885, 0.760095477104187], [0.903223991394043, 0.4671953618526459]]]}, "best_eps_idx": 5, "time": 4062.698048112914, "n": 5, "T": 3, "width": 3.2, "height": 3.0, "R": 0.5, "max_wind_thrust": 2.0, "duration": 30.0, "dp_mcmc_step_size": 0.001, "ep_mcmc_step_size": 0.001, "num_rounds": 50, "num_mcmc_steps_per_round": 50, "num_chains": 10, "use_gradients": true, "use_stochasticity": false, "repair": true, "predict": true, "quench_rounds": 20, "tempering_schedule": null}