{"trajs": {"trajectories": [[[-0.7547617554664612, -0.6545907855033875], [-0.7346752285957336, 0.22836574912071228], [0.8444342613220215, 0.6298235058784485]], [[-0.7547749876976013, -0.4671226143836975], [0.3824935853481293, 0.6505295038223267], [0.7989873886108398, -0.45556193590164185]], [[-0.7548354864120483, 0.032000698149204254], [0.7598908543586731, 0.5232772827148438], [0.8447376489639282, -0.4433393180370331]], [[-0.7546849250793457, 0.5454102158546448], [-0.5044414401054382, -0.631560206413269], [0.8326767086982727, 0.30531245470046997]], [[-0.7547272443771362, 0.65310138463974], [-0.16803663969039917, 0.20061643421649933], [0.8417276740074158, -0.0008211823296733201]]]}, "best_eps_idx": 2, "time": 3585.857265564613, "n": 5, "T": 3, "width": 3.2, "height": 3.0, "R": 0.5, "max_wind_thrust": 0.5, "duration": 30.0, "dp_mcmc_step_size": 0.001, "ep_mcmc_step_size": 0.001, "num_rounds": 50, "num_mcmc_steps_per_round": 50, "num_chains": 10, "use_gradients": true, "use_stochasticity": false, "repair": true, "predict": true, "quench_rounds": 20, "tempering_schedule": null}