{"trajs": {"trajectories": [[[-0.9945613741874695, -0.489247590303421], [-0.19764991104602814, -0.7279671430587769], [1.156497597694397, -0.7733388543128967]], [[-0.7767293453216553, -0.04762990400195122], [-0.25495627522468567, -0.3255094587802887], [1.102746844291687, -0.2507005035877228]], [[-0.44782453775405884, 0.30780914425849915], [-0.2877633273601532, 0.22383542358875275], [1.3408327102661133, 0.21248260140419006]], [[-0.9236241579055786, 0.4328300356864929], [-0.8329708576202393, 0.1382775753736496], [0.9683346748352051, 0.21947403252124786]], [[-0.7764104604721069, 0.8457340598106384], [-0.03326829895377159, 0.6226014494895935], [1.1627686023712158, 0.7127083539962769]]]}, "best_eps_idx": 9, "time": 4127.978936110623, "n": 5, "T": 3, "width": 3.2, "height": 3.0, "R": 0.5, "max_wind_thrust": 2.0, "duration": 30.0, "dp_mcmc_step_size": 0.001, "ep_mcmc_step_size": 0.001, "num_rounds": 50, "num_mcmc_steps_per_round": 50, "num_chains": 10, "use_gradients": true, "use_stochasticity": true, "repair": true, "predict": true, "quench_rounds": 20, "tempering_schedule": null}