{"trajs": {"trajectories": [[[0.44169920682907104, -0.4134558439254761], [0.16249971091747284, 0.6849240064620972], [0.8503624796867371, -0.6852588653564453]], [[-0.4494001865386963, -0.49052894115448], [-0.6885116100311279, -0.012936661951243877], [0.8380662798881531, -0.21064461767673492]], [[-0.02999626100063324, -0.567072868347168], [0.09373828023672104, -0.6883718371391296], [0.8563402891159058, 0.38167691230773926]], [[-0.060632236301898956, -0.13674232363700867], [0.09867400676012039, -0.4658161997795105], [0.5270422101020813, 0.2694384455680847]], [[-0.17161418497562408, -0.4995250701904297], [0.10119258612394333, -0.5560010075569153], [0.8586020469665527, 0.07207003235816956]]]}, "best_eps_idx": 9, "time": 3590.4136688178405, "n": 5, "T": 3, "width": 3.2, "height": 3.0, "R": 0.5, "max_wind_thrust": 0.5, "duration": 30.0, "dp_mcmc_step_size": 0.001, "ep_mcmc_step_size": 0.001, "num_rounds": 50, "num_mcmc_steps_per_round": 50, "num_chains": 10, "use_gradients": true, "use_stochasticity": true, "repair": true, "predict": true, "quench_rounds": 20, "tempering_schedule": null}