{"trajs": {"trajectories": [[[-1.1090797185897827, -0.37072664499282837], [0.2668647766113281, -0.9293046593666077], [1.2350825071334839, -0.5039933919906616]], [[-1.2864903211593628, -0.1104072853922844], [-0.27609434723854065, -0.5178801417350769], [1.1903069019317627, -0.1739700436592102]], [[-0.8391439914703369, 0.018620753660798073], [-0.18581251800060272, 0.060065217316150665], [1.3725659847259521, 0.07891076058149338]], [[-1.4259990453720093, 0.23385851085186005], [-0.1029331162571907, 0.5948491096496582], [1.2873718738555908, 0.507988691329956]], [[-1.0282260179519653, 0.5472085475921631], [-0.538384735584259, 1.1657593250274658], [1.1488479375839233, 0.8729079961776733]]]}, "best_eps_idx": 8, "time": 4743.754509396851, "n": 5, "T": 3, "width": 3.2, "height": 3.0, "R": 0.5, "max_wind_thrust": 2.0, "duration": 30.0, "dp_mcmc_step_size": 0.001, "ep_mcmc_step_size": 0.001, "num_rounds": 50, "num_mcmc_steps_per_round": 50, "num_chains": 10, "use_gradients": true, "use_stochasticity": true, "repair": true, "predict": true, "quench_rounds": 20, "tempering_schedule": null}