{"trajs": {"trajectories": [[[-0.9068973660469055, -0.6399296522140503], [0.1309141218662262, -0.06447412073612213], [0.5015755295753479, -0.41945868730545044]], [[-1.0291728973388672, -0.4112296402454376], [0.8528960347175598, 0.8043208718299866], [0.5356289744377136, -0.15337052941322327]], [[-0.9893679022789001, -0.0655423030257225], [-0.4636419117450714, -0.28480738401412964], [0.32005608081817627, -0.5790358185768127]], [[-0.9381046891212463, 0.28402185440063477], [-0.18865932524204254, -0.6136131882667542], [0.8703317046165466, 0.03146454691886902]], [[-1.0070765018463135, 0.5478996634483337], [-0.011646401137113571, -0.09588565677404404], [0.973085343837738, -0.056192874908447266]]]}, "best_eps_idx": 2, "time": 3975.2705378085375, "n": 5, "T": 3, "width": 3.2, "height": 3.0, "R": 0.5, "max_wind_thrust": 0.5, "duration": 30.0, "dp_mcmc_step_size": 0.001, "ep_mcmc_step_size": 0.001, "num_rounds": 50, "num_mcmc_steps_per_round": 50, "num_chains": 10, "use_gradients": true, "use_stochasticity": true, "repair": true, "predict": true, "quench_rounds": 20, "tempering_schedule": null}