{"initial_state": {"ego_state": [-19.99689483642578, -3.7598154544830322, 1.0850930266315117e-05, 2.9923946857452393], "non_ego_states": [[-3.7495198249816895, 9.997322082519531, -1.5707772970199585, 4.505649566650391], [-3.7356598377227783, 19.975736618041992, -1.5708420276641846, 4.506687641143799], [3.7377078533172607, -30.013019561767578, 1.570844054222107, 4.496097564697266]], "shading_light_direction": [-0.11294974386692047, -0.5645596385002136, 0.82944655418396], "non_ego_colors": [[0.7974475622177124, 0.015570759773254395, 0.9038956165313721], [0.47114241123199463, 0.7621179819107056, 0.9575601816177368], [0.45816755294799805, 0.09452557563781738, 0.9759771823883057]]}, "action_trajectory": [[[[[[0.4751313626766205, -9.696273803710938], [1.0969396829605103, -19.07295799255371], [1.4124382734298706, -29.81864356994629], [1.539029836654663, -39.71182632446289], [0.35657915472984314, -51.1512336730957]], [[-1.1781476736068726, -9.534966468811035], [1.0657178163528442, -18.57621192932129], [-2.573939561843872, -29.71792221069336], [-1.2349934577941895, -42.45042037963867], [0.6132369637489319, -50.36231231689453]]]], [[[[1.402493953704834, -10.011326789855957], [-5.271912097930908, -19.965648651123047], [0.8367347121238708, -30.518339157104492], [0.03997058421373367, -38.12691116333008], [-0.8637869954109192, -50.114227294921875]], [[0.2797585129737854, -11.192695617675781], [0.45159339904785156, -18.97508430480957], [0.9966030120849609, -31.55951690673828], [0.38117530941963196, -40.5307731628418], [-0.005612372420728207, -49.10396957397461]]]], [[[[-1.0672085285186768, 8.892178535461426], [0.46544334292411804, 20.37015151977539], [0.4191484749317169, 30.150009155273438], [-1.0637755393981934, 37.468894958496094], [1.1174216270446777, 50.70676803588867]], [[-0.1334276646375656, 10.089984893798828], [-1.8967108726501465, 17.966886520385742], [1.7585327625274658, 30.59539794921875], [0.652009129524231, 40.4874382019043], [-0.1266191303730011, 49.14824295043945]]]]]], "action_trajectory_trace": [[[[[[[0.3207322955131531, -9.683982849121094], [1.096893548965454, -19.034425735473633], [1.4712971448898315, -29.81109046936035], [1.603121042251587, -39.69983673095703], [0.37142857909202576, -51.199180603027344]], [[-1.2075473070144653, -9.530950546264648], [0.9566248059272766, -18.566207885742188], [-2.590677261352539, -29.716047286987305], [-1.2429848909378052, -42.46628189086914], [0.6172046661376953, -50.364662170410156]]], [[[0.3514500856399536, -9.685066223144531], [1.0994473695755005, -19.037609100341797], [1.4662564992904663, -29.811737060546875], [1.5976426601409912, -39.70085906982422], [0.3701592683792114, -51.1950798034668]], [[-1.1597671508789062, -9.536486625671387], [1.0436280965805054, -18.577402114868164], [-2.58813738822937, -29.716337203979492], [-1.2416826486587524, -42.46369934082031], [0.6165580153465271, -50.364280700683594]]], [[[0.39423707127571106, -9.686323165893555], [1.1065144538879395, -19.04115867614746], [1.4613213539123535, -29.8123722076416], [1.5922662019729614, -39.70186233520508], [0.3689136207103729, -51.19105911254883]], [[-1.2072004079818726, -9.53439712524414], [0.9781534075737, -18.57213020324707], [-2.5865588188171387, -29.71649932861328], [-1.2409805059432983, -42.46230697631836], [0.6162095069885254, -50.36407470703125]]], [[[0.4295969009399414, -9.68717098236084], [1.130749225616455, -19.04367446899414], [1.4569114446640015, -29.81293487548828], [1.5874674320220947, -39.702762603759766], [0.3678017556667328, -51.18746566772461]], [[-1.17532479763031, -9.533842086791992], [1.0120667219161987, -18.57042694091797], [-2.5833654403686523, -29.71686363220215], [-1.2394721508026123, -42.45931625366211], [0.6154606342315674, -50.36362838745117]]], [[[0.47895753383636475, -9.688539505004883], [1.143833041191101, -19.048086166381836], [1.4506731033325195, -29.813735961914062], [1.580678105354309, -39.70402908325195], [0.36622878909111023, -51.1823844909668]], [[-1.2606453895568848, -9.531079292297363], [0.9193389415740967, -18.56393814086914], [-2.582172393798828, -29.716978073120117], [-1.2390226125717163, -42.45842361450195], [0.6152374148368835, -50.36349868774414]]], [[[0.5050110816955566, -9.68943977355957], [1.1573071479797363, -19.051382064819336], [1.4451298713684082, -29.814451217651367], [1.5746208429336548, -39.705162048339844], [0.3648253083229065, -51.1778564453125]], [[-1.3486559391021729, -9.52876091003418], [0.8469341397285461, -18.55795669555664], [-2.5772910118103027, -29.717498779296875], [-1.236742615699768, -42.45389938354492], [0.6141054034233093, -50.36283493041992]]], [[[0.4823947250843048, -9.690793991088867], [1.1268420219421387, -19.055631637573242], [1.439387321472168, -29.815183639526367], [1.5683879852294922, -39.70632553100586], [0.36338120698928833, -51.173194885253906]], [[-1.2418889999389648, -9.528118133544922], [0.97368985414505, -18.55767250061035], [-2.576683282852173, -29.717557907104492], [-1.2364585399627686, -42.45333480834961], [0.6139643788337708, -50.36275100708008]]], [[[0.4856572449207306, -9.692150115966797], [1.1152186393737793, -19.060400009155273], [1.4314031600952148, -29.816205978393555], [1.559694528579712, -39.707950592041016], [0.36136701703071594, -51.166690826416016]], [[-1.2359247207641602, -9.527973175048828], [1.0019606351852417, -18.5574893951416], [-2.576059579849243, -29.717622756958008], [-1.2361527681350708, -42.45272445678711], [0.6138125658035278, -50.3626594543457]]], [[[0.48077863454818726, -9.694223403930664], [1.105676531791687, -19.066707611083984], [1.421888828277588, -29.817426681518555], [1.5493277311325073, -39.709896087646484], [0.358965128660202, -51.158935546875]], [[-1.1235016584396362, -9.534562110900879], [1.1256903409957886, -18.572223663330078], [-2.575801372528076, -29.717641830444336], [-1.2360126972198486, -42.45244216918945], [0.6137431263923645, -50.36261749267578]]], [[[0.4751313626766205, -9.696273803710938], [1.0969396829605103, -19.07295799255371], [1.4124382734298706, -29.81864356994629], [1.539029836654663, -39.71182632446289], [0.35657915472984314, -51.1512336730957]], [[-1.1781476736068726, -9.534966468811035], [1.0657178163528442, -18.57621192932129], [-2.573939561843872, -29.71792221069336], [-1.2349934577941895, -42.45042037963867], [0.6132369637489319, -50.36231231689453]]]]], [[[[[1.2236249446868896, -9.97626781463623], [-1.7689825296401978, -19.809202194213867], [1.1011073589324951, -30.538076400756836], [0.04163509979844093, -38.04890441894531], [-0.8997583389282227, -50.11896514892578]], [[0.24562133848667145, -11.28989315032959], [-0.01253674179315567, -19.287763595581055], [0.9107076525688171, -31.568349838256836], [0.3836417496204376, -40.53421401977539], [-0.005648659076541662, -49.09818649291992]]], [[[1.2287107706069946, -9.98213005065918], [-2.3046281337738037, -19.82842254638672], [1.0111273527145386, -30.53555679321289], [0.04149281978607178, -38.05556869506836], [-0.8966835141181946, -50.118560791015625]], [[0.3345942795276642, -11.301691055297852], [0.12892821431159973, -19.336532592773438], [0.8959071040153503, -31.568737030029297], [0.3832397162914276, -40.533653259277344], [-0.005642741918563843, -49.09912872314453]]], [[[1.2340940237045288, -9.992375373840332], [-2.8386032581329346, -19.86793327331543], [0.939452588558197, -30.534141540527344], [0.04135318845510483, -38.062110900878906], [-0.8936660289764404, -50.118167877197266]], [[0.3086828589439392, -11.275168418884277], [-0.17965665459632874, -19.265527725219727], [0.8870437145233154, -31.5697078704834], [0.38302305340766907, -40.533348083496094], [-0.005639550741761923, -49.099639892578125]]], [[[1.2930479049682617, -10.000746726989746], [-3.407343864440918, -19.895116806030273], [0.8972215056419373, -30.532794952392578], [0.041228558868169785, -38.06795120239258], [-0.8909726142883301, -50.11781311035156]], [[0.2257521003484726, -11.26294994354248], [-0.255827933549881, -19.298099517822266], [0.9144507050514221, -31.58130645751953], 