{"initial_state": {"ego_state": [-20.006174087524414, -3.7541916370391846, 3.170327181578614e-05, 2.99574613571167], "non_ego_states": [[-3.7707152366638184, 10.009400367736816, -1.570794939994812, 4.511014938354492], [-3.7651798725128174, 19.98287010192871, -1.570846438407898, 4.4915313720703125], [3.7540032863616943, -30.009660720825195, 1.5707879066467285, 4.50853967666626]], "shading_light_direction": [-0.11669475585222244, -0.5655707120895386, 0.8346090316772461], "non_ego_colors": [[0.48734068870544434, 0.4840853214263916, 0.391965389251709], [0.20146119594573975, 0.5036063194274902, 0.44435012340545654], [0.7608335018157959, 0.07278275489807129, 0.9837572574615479]]}, "action_trajectory": [[[[[[-1.9564568996429443, -11.945412635803223], [2.0265276432037354, -19.86121368408203], [-1.1715537309646606, -28.77277946472168], [-0.7798780798912048, -39.45522689819336], [0.3262006342411041, -48.73172378540039]], [[-0.40054571628570557, -11.068984985351562], [-0.48759889602661133, -18.95965003967285], [-0.4785003960132599, -30.516586303710938], [-1.9184248447418213, -39.7147331237793], [1.8283554315567017, -48.69121170043945]]]], [[[[-0.1953323632478714, -9.581619262695312], [1.966962456703186, -20.270544052124023], [0.8995468020439148, -29.53607940673828], [-0.18512746691703796, -39.21138381958008], [0.6900790929794312, -51.201663970947266]], [[-0.25354254245758057, -9.100323677062988], [-4.124358654022217, -22.048263549804688], [-1.7494333982467651, -30.49276351928711], [0.04302188754081726, -39.13471984863281], [0.07840614765882492, -51.30508041381836]]]], [[[[-1.2058464288711548, 11.862276077270508], [-0.9460712671279907, 18.55076789855957], [0.9251278638839722, 30.77821922302246], [2.5808465480804443, 37.81890106201172], [-1.4003559350967407, 49.26531219482422]], [[1.1707502603530884, 10.366369247436523], [-1.1373565196990967, 19.6694278717041], [-0.24595071375370026, 29.978614807128906], [0.37981799244880676, 40.91453552246094], [2.0350706577301025, 49.986141204833984]]]]]], "action_trajectory_trace": [[[[[[[-2.310155153274536, -11.945502281188965], [1.899939775466919, -19.815536499023438], [-1.180982232093811, -28.763063430786133], [-0.7859899997711182, -39.4509391784668], [0.32875707745552063, -48.721778869628906]], [[-0.7200462222099304, -11.119227409362793], [-0.5105262994766235, -18.9124698638916], [-0.5009123682975769, -30.54072380065918], [-2.008089542388916, -39.70140075683594], [1.9138113260269165, -48.63003921508789]]], [[[-2.1019577980041504, -11.945554733276367], [1.9548918008804321, -19.817218780517578], [-1.1805604696273804, -28.763477325439453], [-0.7857242822647095, -39.45112609863281], [0.3286459147930145, -48.72221374511719]], [[-0.7842059135437012, -11.118654251098633], [-0.5636175870895386, -18.919286727905273], [-0.49980658292770386, -30.539535522460938], [-2.0036609172821045, -39.702064514160156], [1.909590482711792, -48.633056640625]]], [[[-2.1530442237854004, -11.951522827148438], [1.8570727109909058, -19.836669921875], [-1.1799646615982056, -28.764057159423828], [-0.7853484749794006, -39.45138931274414], [0.32848870754241943, -48.72282409667969]], [[-0.8102936148643494, -11.11427116394043], [-0.5640708804130554, -18.92145347595215], [-0.498141348361969, -30.53774070739746], [-1.996994972229004, -39.70304870605469], [1.9032373428344727, -48.63760757446289]]], [[[-2.1752119064331055, -11.944074630737305], [1.8735110759735107, -19.834938049316406], [-1.175455093383789, -28.768680572509766], [-0.7824034690856934, -39.453453063964844], [0.3272569179534912, -48.72761154174805]], [[-0.831126868724823, -11.109955787658691], [-0.5648615956306458, -18.92582130432129], [-0.4961763024330139, -30.535627365112305], [-1.9891384840011597, -39.704219818115234], [1.8957496881484985, -48.642967224121094]]], [[[-2.2035927772521973, -11.942729949951172], [1.8695900440216064, -19.83941650390625], [-1.1742610931396484, -28.770065307617188], [-0.7815528512001038, -39.45405197143555], [0.3269011676311493, -48.72899627685547]], [[-0.819423496723175, -11.105554580688477], [-0.5559913516044617, -18.930002212524414], [-0.4942079186439514, -30.533504486083984], [-1.9812580347061157, -39.70539093017578], [1.8882391452789307, -48.648345947265625]]], [[[-2.0415239334106445, -11.946338653564453], [1.8827307224273682, -19.85344886779785], [-1.1738182306289673, -28.770570755004883], [-0.7812390923500061, -39.45427703857422], [0.32676994800567627, -48.72950744628906]], [[-0.7039015293121338, -11.099230766296387], [-0.5195884704589844, -18.9355525970459], [-0.49143752455711365, -30.530515670776367], [-1.970159888267517, -39.70703887939453], [1.8776618242263794, -48.655921936035156]]], [[[-2.042297601699829, -11.94547176361084], [1.9005216360092163, -19.856477737426758], [-1.1729390621185303, -28.771244049072266], [-0.7808749675750732, -39.454532623291016], [0.32661762833595276, -48.730098724365234]], [[-0.6962024569511414, -11.091839790344238], [-0.5134307742118835, -18.942405700683594], [-0.4881715178489685, -30.52699089050293], [-1.9570647478103638, -39.708984375], [1.8651812076568604, -48.66485595703125]]], [[[-1.989328384399414, -11.94756031036377], [1.9696203470230103, -19.86503028869629], [-1.1724636554718018, -28.77179527282715], [-0.7805171012878418, -39.45478439331055], [0.3264678716659546, -48.730682373046875]], [[-0.6277516484260559, -11.084602355957031], [-0.5212652087211609, -18.949527740478516], [-0.48493218421936035, -30.523488998413086], [-1.944056749343872, -39.71092987060547], [1.8527840375900269, -48.673728942871094]]], [[[-1.9556218385696411, -11.945656776428223], [2.027299165725708, -19.86186981201172], [-1.1715351343154907, -28.77277183532715], [-0.7798822522163391, -39.45522689819336], [0.3262023627758026, -48.731719970703125]], [[-0.5700855255126953, -11.077269554138184], [-0.5079620480537415, -18.955894470214844], [-0.48174047470092773, -30.520044326782227], [-1.9312613010406494, -39.712825775146484], [1.8405892848968506, -48.682456970214844]]], [[[-1.9564568996429443, -11.945412635803223], [2.0265276432037354, -19.86121368408203], [-1.1715537309646606, -28.77277946472168], [-0.7798780798912048, -39.45522689819336], [0.3262006342411041, -48.73172378540039]], [[-0.40054571628570557, -11.068984985351562], [-0.48759889602661133, -18.95965003967285], [-0.4785003960132599, -30.516586303710938], [-1.9184248447418213, -39.7147331237793], [1.8283554315567017, -48.69121170043945]]]]], [[[[[-0.12922349572181702, -9.554633140563965], [1.298000693321228, -20.4185848236084], [0.7482396364212036, -29.578481674194336], [-0.1865781843662262, -39.20519256591797], [0.6954875588417053, -51.21107482910156]], [[-0.2960425913333893, -8.954177856445312], [-1.5121536254882812, -21.63898468017578], [-1.4091224670410156, -30.51259422302246], [0.04503269121050835, -39.094268798828125], [0.0820707455277443, -51.3660774230957]]], [[[-0.13860946893692017, -9.546030044555664], [1.4217854738235474, -20.363658905029297], [0.7551612854003906, -29.57405662536621], [-0.18651512265205383, -39.20545959472656], [0.6952524185180664, -51.210662841796875]], [[-0.27503401041030884, -8.955875396728516], [-1.886392593383789, -21.604393005371094], [-1.467442512512207, -30.50869369506836], [0.04493337497115135, -39.09626770019531], [0.08188973367214203, -51.363067626953125]]], [[[-0.05692348629236221, -9.557258605957031], [1.6390113830566406, -20.371376037597656], [0.7769190669059753, -29.570592880249023], [-0.18642593920230865, -39.20583724975586], [0.6949198842048645, -51.210086822509766]], [[-0.27039700746536255, -8.960627555847168], [-2.404449224472046, -21.605762481689453], [-1.545136570930481, -30.507080078125], [0.04478387534618378, -39.099273681640625], [0.08161728829145432, -51.35853576660156]]], [[[0.01523479912430048, -9.567931175231934], [1.4585342407226562, -20.399457931518555], [0.7705286145210266, -29.572288513183594], [-0.18572686612606049, -39.20881652832031], [0.6923139691352844, -51.20555114746094]], [[-0.2701474130153656, -8.96725082397461], 