{"initial_state": {"ego_state": [-19.971982955932617, -3.740095853805542, 2.4981613023555838e-05, 3.0096492767333984], "non_ego_states": [[-3.7712740898132324, 10.033930778503418, -1.5707566738128662, 4.493288993835449], [-3.768526554107666, 19.994876861572266, -1.570746660232544, 4.506801605224609], [3.730447292327881, -29.99405288696289, 1.5707838535308838, 4.503083229064941]], "shading_light_direction": [-0.10920005291700363, -0.5595178604125977, 0.8192287087440491], "non_ego_colors": [[0.13516128063201904, 0.9914208650588989, 0.16670000553131104], [0.85882568359375, 0.7570493221282959, 0.4359694719314575], [0.25876832008361816, 0.174355149269104, 0.0939035415649414]]}, "action_trajectory": [[[[[[0.2543647885322571, -9.797245979309082], [-0.9920836687088013, -20.175451278686523], [-0.40065494179725647, -29.86515998840332], [1.0702059268951416, -40.15660858154297], [-1.5309392213821411, -48.99692916870117]], [[1.7697335481643677, -10.581462860107422], [0.27570128440856934, -19.903480529785156], [1.603758454322815, -28.657804489135742], [-0.3351532518863678, -39.126373291015625], [0.857952356338501, -51.310733795166016]]]], [[[[0.6111242771148682, -9.371879577636719], [-5.399513244628906, -21.381067276000977], [-0.6854272484779358, -30.61721420288086], [0.9064275026321411, -39.87135696411133], [0.2731876075267792, -51.04624938964844]], [[0.8920019268989563, -9.482787132263184], [1.217997670173645, -20.549455642700195], [-1.0909684896469116, -30.599870681762695], [0.3754723072052002, -41.79981231689453], [0.6916522979736328, -49.88545227050781]]]], [[[[-0.41952571272850037, 10.71947956085205], [1.4729613065719604, 19.824146270751953], [0.4056999087333679, 28.898818969726562], [1.0193512439727783, 40.508304595947266], [-0.4611918032169342, 48.6884651184082]], [[-1.160614252090454, 9.652015686035156], [-1.0291707515716553, 18.51820182800293], [-1.5787352323532104, 29.99205207824707], [-0.8002581000328064, 40.07898712158203], [-1.1345216035842896, 48.900550842285156]]]]]], "action_trajectory_trace": [[[[[[[0.003592595923691988, -9.787399291992188], [-1.0848497152328491, -20.186809539794922], [-0.4214850068092346, -29.858152389526367], [1.1257750988006592, -40.16475296020508], [-1.610431432723999, -48.94484329223633]], [[1.7889680862426758, -10.58871841430664], [0.27532580494880676, -19.90230369567871], [1.6238824129104614, -28.641250610351562], [-0.3392822742462158, -39.1156120300293], [0.8920020461082458, -51.36273956298828]]], [[[0.05146364867687225, -9.788389205932617], [-1.0733623504638672, -20.185909271240234], [-0.41956743597984314, -29.85879898071289], [1.1206552982330322, -40.16400146484375], [-1.6031074523925781, -48.949642181396484]], [[1.7800402641296387, -10.587005615234375], [0.2703428268432617, -19.898778915405273], [1.6227011680603027, -28.642112731933594], [-0.3390677869319916, -39.116172790527344], [0.8914381861686707, -51.36187744140625]]], [[[0.01212330348789692, -9.787833213806152], [-1.0602529048919678, -20.180023193359375], [-0.417122483253479, -29.859621047973633], [1.1141386032104492, -40.16304016113281], [-1.593785285949707, -48.955753326416016]], [[1.7584189176559448, -10.585407257080078], [0.25566986203193665, -19.900798797607422], [1.6165151596069336, -28.647268295288086], [-0.33778145909309387, -39.11952590942383], [0.8880564570426941, -51.356712341308594]]], [[[0.04177851602435112, -9.789011001586914], [-1.0548577308654785, -20.178424835205078], [-0.41447293758392334, -29.86051368713379], [1.1070618629455566, -40.16201400756836], [-1.5836622714996338, -48.96238708496094]], [[1.8059014081954956, -10.584551811218262], [0.3411821126937866, -19.908151626586914], [1.6082298755645752, -28.654203414916992], [-0.3360501229763031, -39.1240348815918], [0.8835046291351318, -51.349761962890625]]], [[[0.11713176965713501, -9.79010009765625], [-1.033630609512329, -20.177642822265625], [-0.41241443157196045, -29.8612117767334], [1.1015515327453613, -40.16121292114258], [-1.575779676437378, -48.967552185058594]], [[1.8053615093231201, -10.585996627807617], [0.29469045996665955, -19.91253662109375], [1.6069855690002441, -28.655357360839844], [-0.3357613980770111, -39.12479019165039], [0.8827455043792725, -51.34860610961914]]], [[[0.08727144449949265, -9.792155265808105], [-1.012573480606079, -20.179290771484375], [-0.41030529141426086, -29.861919403076172], [1.095920443534851, -40.16038513183594], [-1.5677242279052734, -48.97282409667969]], [[1.8053615093231201, -10.585996627807617], [0.29469045996665955, -19.91253662109375], [1.6069855690002441, -28.655357360839844], [-0.3357613980770111, -39.12479019165039], [0.8768782019615173, -51.33964157104492]]], [[[0.0757502093911171, -9.793928146362305], [-0.9924789667129517, -20.18130874633789], [-0.4087717533111572, -29.86243438720703], [1.0918326377868652, -40.159786224365234], [-1.561876654624939, -48.97665786743164]], [[1.8053615093231201, -10.585996627807617], [0.29469045996665955, -19.91253662109375], [1.6069855690002441, -28.655357360839844], [-0.3357613980770111, -39.12479019165039], [0.8710497617721558, -51.33073806762695]]], [[[0.18814852833747864, -9.79452896118164], [-0.9928103685379028, -20.177860260009766], [-0.40603533387184143, -29.86334991455078], [1.0845754146575928, -40.15871810913086], [-1.5514953136444092, -48.98345947265625]], [[1.8053615093231201, -10.585996627807617], [0.29469045996665955, -19.91253662109375], [1.6069855690002441, -28.655357360839844], [-0.3357613980770111, -39.12479019165039], [0.8652600646018982, -51.321895599365234]]], [[[0.2565156817436218, -9.795919418334961], [-0.9992295503616333, -20.17672348022461], [-0.40333640575408936, -29.8642635345459], [1.077366828918457, -40.157649993896484], [-1.5411829948425293, -48.99021911621094]], [[1.8053615093231201, -10.585996627807617], [0.29469045996665955, -19.91253662109375], [1.6069855690002441, -28.655357360839844], [-0.3357613980770111, -39.12479019165039], [0.8595089316368103, -51.313106536865234]]], [[[0.2543647885322571, -9.797245979309082], [-0.9920836687088013, -20.175451278686523], [-0.40065494179725647, -29.86515998840332], [1.0702059268951416, -40.15660858154297], [-1.5309392213821411, -48.99692916870117]], [[1.7697335481643677, -10.581462860107422], [0.27570128440856934, -19.903480529785156], [1.603758454322815, -28.657804489135742], [-0.3351532518863678, -39.126373291015625], [0.857952356338501, -51.310733795166016]]]]], [[[[[0.7162681818008423, -9.173477172851562], [-2.4617230892181396, -20.72591209411621], [-0.5062596797943115, -30.644073486328125], [0.9534927010536194, -39.86465835571289], [0.2873724699020386, -51.1005744934082]], [[0.8561496734619141, -9.410362243652344], [1.6865721940994263, -20.193363189697266], [-1.1243923902511597, -30.584453582763672], [0.3800978660583496, -41.821983337402344], [0.7191028594970703, -49.88090896606445]]], [[[0.7113403677940369, -9.185800552368164], [-2.990501880645752, -20.758596420288086], [-0.5925172567367554, -30.641433715820312], [0.9491564035415649, -39.86528015136719], [0.28606554865837097, -51.0955696105957]], [[0.8790991306304932, -9.430572509765625], [1.4000736474990845, -20.341814041137695], [-1.1555272340774536, -30.594051361083984], [0.3798576295375824, -41.82083511352539], [0.718648374080658, -49.880985260009766]]], [[[0.6421291828155518, -9.222612380981445], [-3.341883659362793, -20.904743194580078], [-0.6348456740379333, -30.640113830566406], [0.9436368942260742, -39.86605453491211], [0.2844020426273346, -51.08919906616211]], [[0.8561050295829773, -9.458460807800293], [1.38021981716156, -20.487743377685547], [-1.1412701606750488, -30.6024227142334], [0.37841662764549255, -41.813926696777344], [0.7159220576286316, -49.881446838378906]]], [[[0.6425566077232361, -9.236713409423828], [-3.8341941833496094, -20.93667984008789], [-0.6791508793830872, -30.636417388916016], [0.9376432299613953, -39.86689758300781], [0.2825956344604492, -51.082279205322266]], [[0.9434514045715332, -9.470647811889648], [1.3743125200271606, -20.532846450805664], 