{"initial_state": {"ego_state": [-19.966312408447266, -3.7429141998291016, -4.927267127641244e-06, 2.992506980895996], "non_ego_states": [[-3.7463884353637695, 10.012744903564453, -1.570779800415039, 4.503525733947754], [-3.722557306289673, 19.97404670715332, -1.570785641670227, 4.509189128875732], [3.7526209354400635, -30.0100154876709, 1.5707703828811646, 4.501787185668945]], "shading_light_direction": [-0.13325583934783936, -0.5566597580909729, 0.8253473043441772], "non_ego_colors": [[0.13442575931549072, 0.32556867599487305, 0.31763994693756104], [0.823142409324646, 0.05100977420806885, 0.5774450302124023], [0.20623230934143066, 0.9675147533416748, 0.7781403064727783]]}, "action_trajectory": [[[[[[-0.7913854122161865, -8.858878135681152], [-1.108953595161438, -19.69488525390625], [0.7984139919281006, -28.47210693359375], [0.9110620617866516, -43.531898498535156], [-1.7970339059829712, -50.363826751708984]], [[-0.5545622706413269, -9.784462928771973], [-0.3516194522380829, -20.46436309814453], [0.05726860836148262, -30.6612606048584], [1.1752699613571167, -40.00578308105469], [0.7900040149688721, -51.14537048339844]]]], [[[[-1.0544466972351074, -8.56326675415039], [0.7473322749137878, -21.887245178222656], [0.6443603038787842, -29.906938552856445], [0.4615629315376282, -40.230247497558594], [-0.8578100204467773, -48.41349411010742]], [[-0.38784924149513245, -9.550914764404297], [-6.8016791343688965, -20.576213836669922], [1.1310783624649048, -30.2672061920166], [1.5893837213516235, -40.07734680175781], [-0.9041267037391663, -49.33715057373047]]]], [[[[-0.43259039521217346, 10.295738220214844], [-1.296255111694336, 18.848670959472656], [-1.9584826231002808, 28.610671997070312], [-1.4754630327224731, 39.264774322509766], [-0.7835447192192078, 50.52397537231445]], [[-0.8170731067657471, 10.18185043334961], [0.5273178219795227, 20.474706649780273], [-0.6698426008224487, 30.571395874023438], [1.1800260543823242, 39.81546401977539], [0.14250753819942474, 50.49806213378906]]]]]], "action_trajectory_trace": [[[[[[[-0.4981897175312042, -8.820501327514648], [-1.1314260959625244, -19.71332359313965], [0.8385767340660095, -28.395509719848633], [0.9567322731018066, -43.708946228027344], [-1.8871158361434937, -50.3820686340332]], [[-0.7604348063468933, -9.77586841583252], [-0.432238906621933, -20.482534408569336], [0.05950353294610977, -30.687471389770508], [1.2218457460403442, -40.00600051879883], [0.8213119506835938, -51.19074249267578]]], [[[-0.35144779086112976, -8.822284698486328], [-1.0822603702545166, -19.709949493408203], [0.8354723453521729, -28.401439666748047], [0.9531970620155334, -43.69524383544922], [-1.8801426887512207, -50.380653381347656]], [[-0.7349171042442322, -9.77663516998291], [-0.4231749176979065, -20.480709075927734], [0.05929309502243996, -30.685014724731445], [1.2174831628799438, -40.005977630615234], [0.8183793425559998, -51.186492919921875]]], [[[-0.5694372653961182, -8.814678192138672], [-1.0733118057250977, -19.685646057128906], [0.8324422836303711, -28.407222747802734], [0.9497485756874084, -43.6818733215332], [-1.8733406066894531, -50.3792839050293]], [[-0.699005663394928, -9.7774658203125], [-0.41306960582733154, -20.479490280151367], [0.05911119282245636, -30.68284797668457], [1.2136377096176147, -40.00596618652344], [0.8157945275306702, -51.182743072509766]]], [[[-0.8134787082672119, -8.813759803771973], [-1.1539417505264282, -19.685382843017578], [0.8309951424598694, -28.409725189208984], [0.9482563138008118, -43.67608642578125], [-1.8703970909118652, -50.378684997558594]], [[-0.6706383228302002, -9.778285026550293], [-0.40145134925842285, -20.478612899780273], [0.05894770845770836, -30.680936813354492], [1.210239291191101, -40.00596237182617], [0.8135102391242981, -51.17943572998047]]], [[[-0.8127191066741943, -8.820549011230469], [-1.1447343826293945, -19.684955596923828], [0.8255059719085693, -28.4202938079834], [0.9419534206390381, -43.65165328979492], [-1.857965350151062, -50.37616729736328]], [[-0.6437757015228271, -9.779004096984863], [-0.38919371366500854, -20.4769344329834], [0.05875307321548462, -30.678682327270508], [1.2062339782714844, -40.005943298339844], [0.8108178973197937, -51.175537109375]]], [[[-0.8082656860351562, -8.828204154968262], [-1.1351666450500488, -19.686643600463867], [0.820024311542511, -28.43079376220703], [0.9356923699378967, -43.627384185791016], [-1.8456159830093384, -50.37366485595703]], [[-0.6225252151489258, -9.780075073242188], [-0.37694793939590454, -20.47483253479004], [0.05848228558897972, -30.67552375793457], [1.200623631477356, -40.005916595458984], [0.8070465326309204, -51.17007064819336]]], [[[-0.8062159419059753, -8.835883140563965], [-1.1281460523605347, -19.688579559326172], [0.8145720958709717, -28.44122314453125], [0.9294729232788086, -43.603271484375], [-1.8333486318588257, -50.371185302734375]], [[-0.59920734167099, -9.781243324279785], [-0.36028653383255005, -20.473630905151367], [0.05826611816883087, -30.672954559326172], [1.1960526704788208, -40.00588607788086], [0.8039739727973938, -51.165618896484375]]], [[[-0.7965676784515381, -8.843704223632812], [-1.119335412979126, -19.690994262695312], [0.8091389536857605, -28.45158576965332], [0.9232950210571289, -43.579322814941406], [-1.8211629390716553, -50.368709564208984]], [[-0.5963534712791443, -9.781801223754883], [-0.374297559261322, -20.468778610229492], [0.0578794963657856, -30.668481826782227], [1.1881028413772583, -40.0058479309082], [0.79863041639328, -51.15787124633789]]], [[[-0.7931933403015137, -8.851277351379395], [-1.1137378215789795, -19.69285011291504], [0.8037570714950562, -28.46187973022461], [0.9171581268310547, -43.5555305480957], [-1.8090581893920898, -50.366268157958984]], [[-0.5884237885475159, -9.782997131347656], [-0.36941859126091003, -20.46639633178711], [0.05758208781480789, -30.66495704650879], [1.181842565536499, -40.005821228027344], [0.7944222092628479, -51.151771545410156]]], [[[-0.7913854122161865, -8.858878135681152], [-1.108953595161438, -19.69488525390625], [0.7984139919281006, -28.47210693359375], [0.9110620617866516, -43.531898498535156], [-1.7970339059829712, -50.363826751708984]], [[-0.5545622706413269, -9.784462928771973], [-0.3516194522380829, -20.46436309814453], [0.05726860836148262, -30.6612606048584], [1.1752699613571167, -40.00578308105469], [0.7900040149688721, -51.14537048339844]]]]], [[[[[-1.1208025217056274, -8.493095397949219], [0.9324494004249573, -21.949298858642578], [0.6847978830337524, -29.89448356628418], [0.48470067977905273, -40.241798400878906], [-0.9008105397224426, -48.33395767211914]], [[-0.9802504777908325, -9.505867958068848], [-2.7387914657592773, -20.640625], [1.3252748250961304, -30.296184539794922], [1.6523725986480713, -40.08043670654297], [-0.9399572014808655, -49.310882568359375]]], [[[-1.0812733173370361, -8.505199432373047], [0.8720314502716064, -21.96169662475586], [0.689673125743866, -29.894927978515625], [0.48290953040122986, -40.24090576171875], [-0.8974818587303162, -48.34011459350586]], [[-0.9607974290847778, -9.518514633178711], [-3.242042303085327, -20.680713653564453], [1.2589095830917358, -30.29546546936035], [1.6464728116989136, -40.08015060424805], [-0.9366010427474976, -49.31334686279297]]], [[[-1.1243277788162231, -8.49779224395752], [0.9922960996627808, -21.92403221130371], [0.6904206275939941, -29.89851188659668], [0.4811623692512512, -40.24003219604492], [-0.8942349553108215, -48.346126556396484]], [[-0.909564197063446, -9.53061580657959], [-3.797133207321167, -20.719263076782227], [1.2201989889144897, -30.294689178466797], [1.6412725448608398, -40.07989501953125], [-0.9336427450180054, -49.31550979614258]]], [[[-1.1007388830184937, -8.502670288085938], [0.8042215704917908, -21.96010398864746], [0.666870653629303, -29.903100967407227], [0.480406254529953, -40.23965072631836], [-0.8928297758102417, -48.34872817993164]], [[-0.8421482443809509, -9.537940979003906], [-4.327938079833984, -20.72968101501465], [1.2153445482254028, 