{"initial_state": {"ego_state": [-19.971982955932617, -3.740095853805542, 2.4981613023555838e-05, 3.0096492767333984], "non_ego_states": [[-3.7712740898132324, 10.033930778503418, -1.5707566738128662, 4.493288993835449], [-3.768526554107666, 19.994876861572266, -1.570746660232544, 4.506801605224609], [3.730447292327881, -29.99405288696289, 1.5707838535308838, 4.503083229064941]], "shading_light_direction": [-0.10920005291700363, -0.5595178604125977, 0.8192287087440491], "non_ego_colors": [[0.13516128063201904, 0.9914208650588989, 0.16670000553131104], [0.85882568359375, 0.7570493221282959, 0.4359694719314575], [0.25876832008361816, 0.174355149269104, 0.0939035415649414]]}, "action_trajectory": [[[[[[2.033047676086426, -10.113276481628418], [-0.42899417877197266, -19.179006576538086], [-0.4421389698982239, -29.76529884338379], [2.2356181144714355, -41.71420669555664], [-1.9879902601242065, -46.99042510986328]], [[2.0630950927734375, -10.351272583007812], [-1.0979582071304321, -20.042461395263672], [1.6634807586669922, -28.650646209716797], [-1.6048551797866821, -41.88644790649414], [1.7782964706420898, -49.32773971557617]]]], [[[[-0.2633708715438843, -8.817285537719727], [-4.861161708831787, -19.926374435424805], [-0.446068674325943, -31.117774963378906], [-0.2198258340358734, -39.11203384399414], [1.0766555070877075, -51.357398986816406]], [[0.8466687798500061, -8.272408485412598], [1.5412765741348267, -20.866106033325195], [-1.1596204042434692, -30.180665969848633], [1.040971279144287, -42.00243377685547], [0.3435959219932556, -48.68562316894531]]]], [[[[-0.3279767632484436, 10.41906452178955], [2.3330814838409424, 19.80585479736328], [-0.45688992738723755, 26.99735450744629], [0.8503868579864502, 41.61442947387695], [-0.3568612337112427, 47.70813751220703]], [[-0.7920910120010376, 11.03005313873291], [-1.9834785461425781, 18.62284278869629], [-0.31422504782676697, 28.566009521484375], [-2.299142599105835, 38.80942916870117], [-0.3389478921890259, 48.691165924072266]]]]]], "action_trajectory_trace": [[[[[[[0.8658499717712402, -10.701300621032715], [-0.4322217106819153, -20.423999786376953], [-1.1054705381393433, -29.162643432617188], [0.5558426976203918, -40.31828689575195], [-2.1833274364471436, -48.667320251464844]], [[1.4738603830337524, -11.159799575805664], [0.01374344527721405, -19.847698211669922], [1.6227728128433228, -28.51152992248535], [-0.2348833978176117, -39.661922454833984], [0.9738494157791138, -51.118614196777344]]], [[[1.3122731447219849, -10.648086547851562], [-0.1820152997970581, -20.382659912109375], [-1.16951322555542, -28.649385452270508], [0.793296754360199, -40.813716888427734], [-2.574915885925293, -48.50105285644531]], [[1.4136985540390015, -10.636487007141113], [-0.18372216820716858, -19.918676376342773], [1.309309720993042, -29.078754425048828], [-0.6296644806861877, -40.273258209228516], [1.154690146446228, -50.646854400634766]]], [[[1.113590955734253, -10.615606307983398], [-0.1204671710729599, -20.36907958984375], [-1.111426830291748, -28.624835968017578], [0.8689205050468445, -40.65771484375], [-2.423781633377075, -48.60209274291992]], [[1.6225125789642334, -10.61740779876709], [-0.5737360715866089, -20.160512924194336], [1.3475754261016846, -28.989974975585938], [-0.8834184408187866, -39.99928665161133], [1.219376564025879, -50.45088577270508]]], [[[1.6356964111328125, -10.124526977539062], [-0.10207831859588623, -19.652732849121094], [-0.6365305185317993, -28.72480583190918], [0.7434574961662292, -40.78123474121094], [-2.158914089202881, -48.706085205078125]], [[1.9087193012237549, -10.557699203491211], [-0.9152536392211914, -19.970746994018555], [1.2337759733200073, -29.028606414794922], [-1.0886311531066895, -40.79190444946289], [1.6131969690322876, -50.27031326293945]]], [[[2.0611836910247803, -10.15665054321289], [0.05633869022130966, -19.99350357055664], [-0.9403674602508545, -29.393869400024414], [0.6510475277900696, -41.00621795654297], [-1.8395729064941406, -48.74374771118164]], [[1.7909033298492432, -10.574504852294922], [-1.0764856338500977, -20.51148796081543], [1.2450511455535889, -29.147117614746094], [-0.8433265089988708, -41.17485809326172], [1.4309762716293335, -49.72554016113281]]], [[[2.5545618534088135, -10.320329666137695], [0.13140544295310974, -19.7158260345459], [-0.3812664747238159, -29.593164443969727], [1.3493558168411255, -40.95713806152344], [-1.3322111368179321, -48.39565658569336]], [[1.8158293962478638, -10.909675598144531], [-0.9205540418624878, -20.731094360351562], [1.5497208833694458, -29.169328689575195], [-0.7643489837646484, -41.16596603393555], [1.4830044507980347, -49.6170654296875]]], [[[2.1476306915283203, -9.794795036315918], [0.6841354966163635, -19.73947525024414], [-1.3170758485794067, -29.498910903930664], [0.9358317852020264, -41.074764251708984], [-1.217851996421814, -47.61869812011719]], [[1.8736464977264404, -11.007140159606934], [-0.8422479033470154, -20.87884521484375], [1.5056544542312622, -29.164133071899414], [-0.8155765533447266, -41.119590759277344], [1.4875922203063965, -49.66861343383789]]], [[[2.3632872104644775, -9.999261856079102], [0.45644646883010864, -19.986858367919922], [-1.1988625526428223, -29.64864730834961], [1.625694751739502, -41.50603103637695], [-1.1972668170928955, -47.69162368774414]], [[1.7685250043869019, -10.873504638671875], [-1.0697648525238037, -20.47090721130371], [1.825947642326355, -28.889558792114258], [-0.925548791885376, -41.35862350463867], [1.2488281726837158, -49.356441497802734]]], [[[2.000507354736328, -10.806034088134766], [0.1789408028125763, -19.544164657592773], [-0.964957058429718, -29.357669830322266], [1.945936679840088, -41.6231803894043], [-1.9926093816757202, -47.263248443603516]], [[1.8348829746246338, -10.749896049499512], [-1.0329744815826416, -20.345468521118164], [1.7313646078109741, -28.95016098022461], [-1.2218072414398193, -41.60800552368164], [1.4162876605987549, -49.43947219848633]]], [[[2.033047676086426, -10.113276481628418], [-0.42899417877197266, -19.179006576538086], [-0.4421389698982239, -29.76529884338379], [2.2356181144714355, -41.71420669555664], [-1.9879902601242065, -46.99042510986328]], [[2.0630950927734375, -10.351272583007812], [-1.0979582071304321, -20.042461395263672], [1.6634807586669922, -28.650646209716797], [-1.6048551797866821, -41.88644790649414], [1.7782964706420898, -49.32773971557617]]]]], [[[[[0.958066463470459, -8.652814865112305], [-2.2310194969177246, -20.72509765625], [-1.0191502571105957, -30.204458236694336], [0.7856981158256531, -39.762779235839844], [0.4732275605201721, -51.253143310546875]], [[1.1474825143814087, -9.162031173706055], [1.8714603185653687, -20.3671817779541], [-1.1076627969741821, -30.45708465576172], [0.5056821703910828, -42.09344482421875], [0.7635782361030579, -49.87971496582031]]], [[[0.5219688415527344, -9.331232070922852], [-2.922583818435669, -20.549503326416016], [-0.9507907032966614, -30.116039276123047], [0.9505046606063843, -39.49087905883789], [0.5992004871368408, -51.092288970947266]], [[1.4861598014831543, -8.841997146606445], [2.062378406524658, -20.592439651489258], [-1.5279881954193115, -30.492881774902344], [0.41762760281562805, -41.987918853759766], [0.5134533047676086, -49.96434020996094]]], [[[0.5683439373970032, -9.224539756774902], [-3.0091745853424072, -20.547344207763672], [-1.1354953050613403, -30.254985809326172], [0.9077014923095703, -39.425662994384766], [0.42905840277671814, -51.08741760253906]], [[1.3120849132537842, -9.488962173461914], [2.1474876403808594, -20.92228889465332], [-1.6984381675720215, -30.826871871948242], [0.5021710395812988, -41.7537727355957], [0.5249861478805542, -50.18265151977539]]], [[[-0.21039500832557678, -9.358871459960938], [-3.611431360244751, -21.034284591674805], [-1.018837809562683, -30.196306228637695], [1.054192304611206, -39.50720977783203], [0.27937692403793335, -51.244361877441406]], [[1.2575311660766602, -9.32358455657959], [2.175267219543457, -21.081201553344727], 