{"initial_state": {"ego_state": [-19.966312408447266, -3.7429141998291016, -4.927267127641244e-06, 2.992506980895996], "non_ego_states": [[-3.7463884353637695, 10.012744903564453, -1.570779800415039, 4.503525733947754], [-3.722557306289673, 19.97404670715332, -1.570785641670227, 4.509189128875732], [3.7526209354400635, -30.0100154876709, 1.5707703828811646, 4.501787185668945]], "shading_light_direction": [-0.13325583934783936, -0.5566597580909729, 0.8253473043441772], "non_ego_colors": [[0.13442575931549072, 0.32556867599487305, 0.31763994693756104], [0.823142409324646, 0.05100977420806885, 0.5774450302124023], [0.20623230934143066, 0.9675147533416748, 0.7781403064727783]]}, "action_trajectory": [[[[[[0.7298961877822876, -9.576754570007324], [-0.6307125091552734, -19.6920108795166], [0.25452208518981934, -27.870973587036133], [1.6807223558425903, -44.25556182861328], [-1.0677865743637085, -50.12748336791992]], [[-2.2757015228271484, -8.822171211242676], [-1.4230729341506958, -23.008573532104492], [1.7656718492507935, -31.329492568969727], [1.9334707260131836, -39.10081481933594], [1.508499264717102, -52.6098518371582]]]], [[[[-1.063688039779663, -7.853641986846924], [0.8920415043830872, -22.40583038330078], [0.5038610100746155, -30.213146209716797], [0.6444196701049805, -39.52494812011719], [-1.4722332954406738, -49.81898498535156]], [[0.07185307145118713, -8.713871002197266], [-4.246222972869873, -21.147315979003906], [-1.24160635471344, -30.142353057861328], [1.131024718284607, -41.69382858276367], [-0.8025979995727539, -48.8405647277832]]]], [[[[-0.23600175976753235, 10.465949058532715], [-1.749828577041626, 17.94879722595215], [-1.074920892715454, 28.448143005371094], [0.5485382676124573, 38.440242767333984], [0.7510872483253479, 52.163536071777344]], [[-2.048107147216797, 9.321219444274902], [-0.20322515070438385, 19.560306549072266], [-1.626820683479309, 31.88522720336914], [0.8434044122695923, 41.040103912353516], [2.9044113159179688, 49.49160385131836]]]]]], "action_trajectory_trace": [[[[[[[-0.48175162076950073, -9.066134452819824], [-1.0270215272903442, -19.91170310974121], [0.4918384552001953, -28.314571380615234], [0.6998738646507263, -43.758052825927734], [-1.5236629247665405, -50.10196304321289]], [[-0.8644603490829468, -9.285131454467773], [-0.1951688975095749, -20.316211700439453], [0.2833715081214905, -31.12242889404297], [1.0509250164031982, -39.96013259887695], [0.8815923929214478, -51.327423095703125]]], [[[-0.0764513909816742, -9.399518013000488], [-0.9890567064285278, -19.48343849182129], [-0.3040352463722229, -27.43280601501465], [0.5859756469726562, -43.753143310546875], [-1.574318528175354, -49.61551284790039]], [[-1.4412434101104736, -9.056977272033691], [-0.16709940135478973, -20.279935836791992], [-0.15614211559295654, -30.895214080810547], [1.497991919517517, -40.275474548339844], [0.6708227396011353, -51.08605194091797]]], [[[0.5057541728019714, -8.854215621948242], [-1.0389139652252197, -19.297643661499023], [0.5698129534721375, -28.12750816345215], [1.0660892724990845, -43.4880485534668], [-0.9448611736297607, -49.327186584472656]], [[-2.1251399517059326, -8.52888298034668], [-0.6658710837364197, -20.285472869873047], [0.3903900384902954, -30.879793167114258], [1.849613904953003, -40.11616897583008], [0.7059707641601562, -51.34416580200195]]], [[[0.8006373047828674, -8.722482681274414], [-1.0275042057037354, -19.343687057495117], [0.5526583790779114, -28.22641944885254], [1.2550573348999023, -43.5576286315918], [-1.0379606485366821, -49.4121208190918]], [[-1.4047991037368774, -8.665200233459473], [-0.7940388917922974, -20.323150634765625], [1.1145817041397095, -30.749792098999023], [2.3965067863464355, -40.29781723022461], [1.1852017641067505, -51.96755599975586]]], [[[0.46093353629112244, -8.759444236755371], [-1.2466843128204346, -19.5128173828125], [1.0096074342727661, -28.313018798828125], [1.3693392276763916, -43.689090728759766], [-1.1923161745071411, -49.55148696899414]], [[-1.469549298286438, -8.65214729309082], [-0.8370843529701233, -21.163070678710938], [1.291865348815918, -30.98631477355957], [2.2670462131500244, -40.568450927734375], [1.3340415954589844, -51.96290588378906]]], [[[0.454545795917511, -9.290437698364258], [-0.9737926721572876, -19.81985092163086], [1.2328072786331177, -27.968219757080078], [1.4234880208969116, -43.84666061401367], [-0.7922965884208679, -49.381893157958984]], [[-1.7983994483947754, -8.084872245788574], [-1.2933743000030518, -21.80030059814453], [1.8395776748657227, -31.229145050048828], [2.1961958408355713, -39.84510803222656], [1.053306221961975, -52.048988342285156]]], [[[0.379582017660141, -9.32655143737793], [-0.9567624926567078, -19.682144165039062], [1.3135534524917603, -28.117780685424805], [1.4726308584213257, -43.938690185546875], [-1.2528640031814575, -49.779296875]], [[-2.031635046005249, -8.215291023254395], [-1.501400113105774, -21.949575424194336], [2.0096218585968018, -31.51649284362793], [2.0210039615631104, -39.78125762939453], [1.1442397832870483, -52.49723815917969]]], [[[0.3306910991668701, -9.336295127868652], [-0.4752066731452942, -19.592134475708008], [0.9687978029251099, -27.746366500854492], [1.5071083307266235, -43.959617614746094], [-1.1241559982299805, -49.55180740356445]], [[-2.1638667583465576, -8.372945785522461], [-1.5046781301498413, -22.20819664001465], [2.482219934463501, -31.670190811157227], [2.130521774291992, -39.560264587402344], [0.8385815024375916, -52.37340545654297]]], [[[0.4023441672325134, -9.858162879943848], [-0.5739191770553589, -19.591041564941406], [0.572471559047699, -28.047863006591797], [1.667837381362915, -44.517147064208984], [-0.9929275512695312, -49.74544906616211]], [[-2.520399332046509, -8.418486595153809], [-0.8855329751968384, -22.687135696411133], [2.4058477878570557, -31.514257431030273], [1.7098912000656128, -39.48197937011719], [1.2687413692474365, -52.39946746826172]]], [[[0.7298961877822876, -9.576754570007324], [-0.6307125091552734, -19.6920108795166], [0.25452208518981934, -27.870973587036133], [1.6807223558425903, -44.25556182861328], [-1.0677865743637085, -50.12748336791992]], [[-2.2757015228271484, -8.822171211242676], [-1.4230729341506958, -23.008573532104492], [1.7656718492507935, -31.329492568969727], [1.9334707260131836, -39.10081481933594], [1.508499264717102, -52.6098518371582]]]]], [[[[[-1.0837832689285278, -8.489331245422363], [0.8457648754119873, -22.048858642578125], [0.7868537902832031, -30.199430465698242], [0.7338194847106934, -40.41558837890625], [-1.202123999595642, -48.100746154785156]], [[0.0921529084444046, -9.249124526977539], [-2.642091751098633, -20.457826614379883], [0.7778379917144775, -30.31652069091797], [1.941007375717163, -41.007503509521484], [-0.5428327918052673, -49.135162353515625]]], [[[-1.5772525072097778, -8.797806739807129], [0.6792853474617004, -22.4259033203125], [0.7008658051490784, -30.28248405456543], [0.9845866560935974, -40.378211975097656], [-1.189292550086975, -47.8679084777832]], [[0.025650352239608765, -8.900165557861328], [-3.0010032653808594, -20.545812606811523], [0.5657175779342651, -29.868873596191406], [2.036466598510742, -41.059471130371094], [-0.10056811571121216, -49.217918395996094]]], [[[-1.8471683263778687, -8.485101699829102], [0.9532634019851685, -22.409198760986328], [0.5366085767745972, -30.566204071044922], [1.2499572038650513, -40.1925048828125], [-0.9610773324966431, -48.08243179321289]], [[0.4076794981956482, -8.765519142150879], [-3.166714668273926, -20.55912208557129], [-0.11885988712310791, -30.681713104248047], [1.7955405712127686, -41.303443908691406], [0.029567901045084, -48.7728157043457]]], [[[-1.9629578590393066, -8.55703067779541], [0.8702951073646545, -22.496103286743164], [0.6859800815582275, -30.42231559753418], [1.0810530185699463, -40.3577995300293], [-1.1242482662200928, -48.2353515625]], [[0.906252920627594, -8.798355102539062], [-3.722778797149658, -20.336734771728516], [-0.6015658378601074, -30.590391159057617], 