{"initial_state": {"ego_state": [-20.006174087524414, -3.7541916370391846, 3.170327181578614e-05, 2.99574613571167], "non_ego_states": [[-3.7707152366638184, 10.009400367736816, -1.570794939994812, 4.511014938354492], [-3.7651798725128174, 19.98287010192871, -1.570846438407898, 4.4915313720703125], [3.7540032863616943, -30.009660720825195, 1.5707879066467285, 4.50853967666626]], "shading_light_direction": [-0.11669475585222244, -0.5655707120895386, 0.8346090316772461], "non_ego_colors": [[0.48734068870544434, 0.4840853214263916, 0.391965389251709], [0.20146119594573975, 0.5036063194274902, 0.44435012340545654], [0.7608335018157959, 0.07278275489807129, 0.9837572574615479]]}, "action_trajectory": [[[[[[0.3226245045661926, -11.117598533630371], [2.4872682094573975, -20.831302642822266], [-0.5703168511390686, -27.010711669921875], [-1.1790132522583008, -40.89023208618164], [1.2712397575378418, -49.94239807128906]], [[0.8305109739303589, -11.479211807250977], [-1.819896936416626, -19.12872886657715], [-1.5933345556259155, -31.956539154052734], [-3.1272754669189453, -39.81769943237305], [1.2696638107299805, -48.421871185302734]]]], [[[[0.40907391905784607, -13.148868560791016], [1.3638808727264404, -21.107635498046875], [0.37866997718811035, -29.837709426879883], [-0.6278647780418396, -38.1612434387207], [-0.8370486497879028, -51.21406555175781]], [[-0.6514720916748047, -9.500873565673828], [-1.5727367401123047, -20.77662467956543], [-3.919447183609009, -30.473630905151367], [-0.8429060578346252, -41.43861389160156], [-1.8054654598236084, -50.557064056396484]]]], [[[[-0.22447167336940765, 11.96968936920166], [-4.045351982116699, 17.835351943969727], [-0.3079700171947479, 32.07678985595703], [1.7617377042770386, 37.42683029174805], [-0.8879019618034363, 50.85059356689453]], [[0.9987232089042664, 10.346382141113281], [-2.124216079711914, 19.731760025024414], [0.20443595945835114, 30.526418685913086], [0.9118639230728149, 41.586402893066406], [1.5024666786193848, 50.319271087646484]]]]]], "action_trajectory_trace": [[[[[[[-2.828313112258911, -11.34375286102295], [1.9415487051010132, -19.908645629882812], [-0.3552245497703552, -28.682361602783203], [-1.1549042463302612, -39.819393157958984], [0.3400885760784149, -48.527549743652344]], [[-0.5708854794502258, -11.4854736328125], [-0.661408543586731, -19.082386016845703], [-0.5824117660522461, -30.149206161499023], [-2.2499351501464844, -39.63848876953125], [1.379976749420166, -48.68971633911133]]], [[[-2.65568208694458, -11.281305313110352], [1.7247099876403809, -19.993064880371094], [-0.5662042498588562, -28.80453872680664], [-1.0681390762329102, -40.20083236694336], [0.19453269243240356, -48.633975982666016]], [[-0.9223302602767944, -11.475502014160156], [-1.0013500452041626, -19.302927017211914], [-0.7847538590431213, -30.353221893310547], [-2.3483901023864746, -39.982513427734375], [0.9098300337791443, -48.225223541259766]]], [[[-2.836059808731079, -11.299178123474121], [1.4802004098892212, -19.96773910522461], [-0.4684091806411743, -28.2613525390625], [-1.3660573959350586, -40.36347198486328], [0.10695948451757431, -49.0380744934082]], [[-0.8333067893981934, -11.451837539672852], [-1.2475950717926025, -19.497114181518555], [-0.8759878277778625, -30.398344039916992], [-2.4225311279296875, -39.71744155883789], [1.0230571031570435, -48.179443359375]]], [[[-2.303948402404785, -11.596704483032227], [1.7140001058578491, -19.955333709716797], [-0.18107883632183075, -27.86648178100586], [-1.6509898900985718, -40.918277740478516], [0.1994016021490097, -49.397682189941406]], [[-0.8333067893981934, -11.451837539672852], [-1.2475950717926025, -19.497114181518555], [-0.8759878277778625, -30.398344039916992], [-2.4225311279296875, -39.71744155883789], [1.0230571031570435, -48.179443359375]]], [[[-1.749222755432129, -11.120597839355469], [2.484511375427246, -20.462373733520508], [-0.135585755109787, -27.477060317993164], [-1.611217737197876, -40.91705322265625], [0.13315144181251526, -49.82139205932617]], [[-0.9692816734313965, -12.211808204650879], [-1.4213021993637085, -19.432861328125], [-0.36179473996162415, -30.371700286865234], [-2.387686252593994, -40.03071594238281], [1.3580840826034546, -47.73101806640625]]], [[[-1.3519675731658936, -11.309475898742676], [2.671861410140991, -20.25166893005371], [-0.25285613536834717, -26.846025466918945], [-1.7996554374694824, -40.683876037597656], [0.5727249383926392, -49.274192810058594]], [[-0.5266412496566772, -12.491982460021973], [-1.308183193206787, -19.466310501098633], [0.038834065198898315, -31.114442825317383], [-2.68316650390625, -39.730140686035156], [1.5290261507034302, -48.11542510986328]]], [[[-0.8311501741409302, -11.578887939453125], [2.326204776763916, -20.190540313720703], [-0.021807372570037842, -26.97380828857422], [-1.89604651927948, -40.72434997558594], [0.8266704678535461, -49.679725646972656]], [[0.0976203978061676, -12.464579582214355], [-1.8442237377166748, -19.88669776916504], [-0.10008421540260315, -32.2226676940918], [-2.6104726791381836, -39.7714729309082], [1.2168437242507935, -48.61917495727539]]], [[[-0.8106626272201538, -11.696769714355469], [2.9411556720733643, -20.924793243408203], [-0.5131199955940247, -27.253915786743164], [-1.8877792358398438, -40.520992279052734], [0.4126458764076233, -49.26314163208008]], [[0.584060549736023, -12.323589324951172], [-1.7765055894851685, -19.616601943969727], [-1.2387011051177979, -32.443355560302734], [-2.985006093978882, -40.0023307800293], [1.4676692485809326, -48.30820846557617]]], [[[-0.38837942481040955, -11.411954879760742], [2.1840744018554688, -21.049060821533203], [-0.7931113243103027, -27.07013702392578], [-1.671372890472412, -40.99657440185547], [0.527562141418457, -49.825496673583984]], [[0.7077834606170654, -11.756359100341797], [-1.7749223709106445, -19.22383689880371], [-1.5266040563583374, -32.03425979614258], [-2.8629801273345947, -39.76789093017578], [1.5862473249435425, -48.329307556152344]]], [[[0.3226245045661926, -11.117598533630371], [2.4872682094573975, -20.831302642822266], [-0.5703168511390686, -27.010711669921875], [-1.1790132522583008, -40.89023208618164], [1.2712397575378418, -49.94239807128906]], [[0.8305109739303589, -11.479211807250977], [-1.819896936416626, -19.12872886657715], [-1.5933345556259155, -31.956539154052734], [-3.1272754669189453, -39.81769943237305], [1.2696638107299805, -48.421871185302734]]]]], [[[[[0.1031930223107338, -9.942995071411133], [1.7971404790878296, -20.248205184936523], [0.7652702331542969, -29.64255714416504], [-0.3082832992076874, -38.75075912475586], [0.46395227313041687, -51.672420501708984]], [[-0.4755103290081024, -9.257883071899414], [-0.9474079608917236, -21.501447677612305], [-1.1522008180618286, -30.35968780517578], [-0.004092425107955933, -38.901817321777344], [0.06385030597448349, -51.26417922973633]]], [[[-0.028835482895374298, -10.0596342086792], [1.882485270500183, -20.206615447998047], [0.7262270450592041, -29.903200149536133], [-0.38593989610671997, -38.54589080810547], [0.36296582221984863, -51.45701217651367]], [[-0.2096407413482666, -9.079026222229004], [-0.9683361053466797, -21.39441680908203], [-1.8065037727355957, -30.5075740814209], [-0.09369690716266632, -39.34878921508789], [-0.15982872247695923, -50.94637680053711]]], [[[0.07434840500354767, -10.592203140258789], [2.201599359512329, -19.938074111938477], [0.18921813368797302, -29.9576416015625], [-0.6018552780151367, -38.95705032348633], [0.010546654462814331, -50.95841979980469]], [[-0.3271207809448242, -9.288518905639648], [-0.5329157710075378, -21.24930763244629], [-2.0645785331726074, -30.380929946899414], [0.17955155670642853, -39.54805374145508], [-0.4313642978668213, -51.16606903076172]]], [[[-0.31013020873069763, -11.769291877746582], [1.8090261220932007, -20.05231285095215], [-0.14713524281978607, -29.866300582885742], [-0.24522194266319275, -39.35127258300781], [-0.3021271228790283, -50.9849967956543]], [[-0.3271207809448242, -9.288518905639648], 