{"initial_state": {"ego_state": [-19.99689483642578, -3.7598154544830322, 1.0850930266315117e-05, 2.9923946857452393], "non_ego_states": [[-3.7495198249816895, 9.997322082519531, -1.5707772970199585, 4.505649566650391], [-3.7356598377227783, 19.975736618041992, -1.5708420276641846, 4.506687641143799], [3.7377078533172607, -30.013019561767578, 1.570844054222107, 4.496097564697266]], "shading_light_direction": [-0.11294974386692047, -0.5645596385002136, 0.82944655418396], "non_ego_colors": [[0.7974475622177124, 0.015570759773254395, 0.9038956165313721], [0.47114241123199463, 0.7621179819107056, 0.9575601816177368], [0.45816755294799805, 0.09452557563781738, 0.9759771823883057]]}, "action_trajectory": [[[[[[2.660327196121216, -9.959953308105469], [-1.1431318521499634, -19.790300369262695], [2.3240621089935303, -28.86015510559082], [2.246918201446533, -40.33591079711914], [0.5501489639282227, -50.925289154052734]], [[-1.6163502931594849, -9.547102928161621], [1.509178638458252, -16.606958389282227], [-1.8265630006790161, -31.297046661376953], [-2.0646862983703613, -42.848941802978516], [0.5555528998374939, -50.53679275512695]]]], [[[[1.522347092628479, -9.917933464050293], [-3.6306862831115723, -17.770423889160156], [1.771897554397583, -29.880277633666992], [-0.2814745306968689, -38.016849517822266], [-1.991705060005188, -50.745208740234375]], [[-0.2743355929851532, -11.831668853759766], [0.4527413249015808, -19.16520881652832], [1.3482569456100464, -31.734188079833984], [0.1711786687374115, -41.4476203918457], [-0.44362664222717285, -49.43437576293945]]]], [[[[-2.1606640815734863, 10.255433082580566], [1.764394998550415, 20.680212020874023], [-0.42862528562545776, 31.809356689453125], [-0.689618706703186, 36.50821304321289], [2.1230151653289795, 52.7212028503418]], [[-0.469417929649353, 9.685617446899414], [-0.3906227946281433, 17.458696365356445], [0.26632317900657654, 28.686656951904297], [0.5738820433616638, 40.00011444091797], [-0.6685565710067749, 49.355655670166016]]]]]], "action_trajectory_trace": [[[[[[[1.3129386901855469, -9.982422828674316], [1.1221081018447876, -18.676761627197266], [1.6362295150756836, -29.936777114868164], [1.7337361574172974, -39.60686492919922], [0.359761506319046, -51.208038330078125]], [[-1.369309902191162, -9.540732383728027], [0.7040186524391174, -18.35886001586914], [-2.5906245708465576, -29.786096572875977], [-1.277140498161316, -42.62487030029297], [0.27267858386039734, -50.45014572143555]]], [[[1.1110484600067139, -9.708043098449707], [0.4036572575569153, -18.601816177368164], [1.6226208209991455, -29.922231674194336], [1.5012359619140625, -39.00107955932617], [-0.3286498785018921, -51.733001708984375]], [[-1.4773880243301392, -9.201698303222656], [0.8548924922943115, -17.807165145874023], [-2.425959825515747, -30.095535278320312], [-1.3357996940612793, -42.690155029296875], [0.04922992363572121, -50.23406219482422]]], [[[1.2660562992095947, -9.701225280761719], [0.22252818942070007, -19.288311004638672], [1.137403964996338, -30.131610870361328], [1.7671754360198975, -39.24542236328125], [-0.011021233163774014, -51.17780685424805]], [[-1.6398440599441528, -9.335658073425293], [0.9185775518417358, -17.940143585205078], [-2.5780513286590576, -30.29932975769043], [-1.3733155727386475, -42.138946533203125], [-0.114901602268219, -50.55128479003906]]], [[[1.285819411277771, -9.495132446289062], [-0.46597179770469666, -19.577083587646484], [1.818097472190857, -29.71988868713379], [2.318578004837036, -39.704254150390625], [-0.2591552138328552, -51.36688232421875]], [[-1.448883056640625, -9.547616004943848], [1.1537423133850098, -17.609413146972656], [-2.3344922065734863, -30.39242172241211], [-1.519075632095337, -42.23881149291992], [-0.5096777677536011, -50.26080322265625]]], [[[1.760738730430603, -9.49453353881836], [-0.7684417366981506, -19.968944549560547], [1.8928457498550415, -29.771976470947266], [2.2745909690856934, -39.58023452758789], [-0.02944222092628479, -50.65234375]], [[-2.0434601306915283, -9.51177978515625], [1.1191809177398682, -17.30388069152832], [-2.341653347015381, -30.20188331604004], [-1.5238168239593506, -42.37868118286133], [-0.5561663508415222, -50.354312896728516]]], [[[2.35611629486084, -9.595282554626465], [-0.9121553897857666, -19.90787124633789], [1.715936541557312, -29.607837677001953], [1.9887183904647827, -39.67658615112305], [0.42637571692466736, -50.59051513671875]], [[-1.654721736907959, -9.397543907165527], [1.0781819820404053, -16.940444946289062], [-2.2533907890319824, -30.227827072143555], [-1.616018295288086, -42.418758392333984], [-0.2772490382194519, -50.271629333496094]]], [[[2.4934422969818115, -9.948342323303223], [-1.054391622543335, -20.273544311523438], [1.7435495853424072, -29.35861587524414], [2.150287628173828, -39.69316482543945], [0.35865214467048645, -50.85957336425781]], [[-1.379679560661316, -9.454934120178223], [1.352007269859314, -17.024045944213867], [-2.5261120796203613, -30.318147659301758], [-1.7421789169311523, -42.78556823730469], [-0.4513409435749054, -50.80288314819336]]], [[[3.115959882736206, -10.00399112701416], [-1.091285228729248, -20.33132553100586], [2.0859062671661377, -29.29594612121582], [2.0672786235809326, -39.8681526184082], [0.4348287582397461, -51.445220947265625]], [[-1.6520566940307617, -9.623167037963867], [1.1992472410202026, -17.72524642944336], [-2.3949453830718994, -30.197614669799805], [-1.7995331287384033, -42.4789924621582], [-0.27488863468170166, -50.756736755371094]]], [[[3.0667314529418945, -9.862188339233398], [-1.0717647075653076, -20.21630096435547], [2.296147346496582, -29.189441680908203], [2.388866901397705, -40.67765808105469], [0.29090070724487305, -51.263309478759766]], [[-1.964797854423523, -9.343438148498535], [1.0023870468139648, -17.160985946655273], [-2.5311548709869385, -30.46030616760254], [-1.7272958755493164, -42.186492919921875], [-0.11573907732963562, -50.8629264831543]]], [[[2.660327196121216, -9.959953308105469], [-1.1431318521499634, -19.790300369262695], [2.3240621089935303, -28.86015510559082], [2.246918201446533, -40.33591079711914], [0.5501489639282227, -50.925289154052734]], [[-1.6163502931594849, -9.547102928161621], [1.509178638458252, -16.606958389282227], [-1.8265630006790161, -31.297046661376953], [-2.0646862983703613, -42.848941802978516], [0.5555528998374939, -50.53679275512695]]]]], [[[[[0.9066429138183594, -10.339836120605469], [-2.350316047668457, -19.56182861328125], [0.5860010385513306, -30.821584701538086], [0.17043283581733704, -38.281795501708984], [-0.7929514646530151, -50.18230438232422]], [[0.3771125376224518, -10.962406158447266], [-0.4819047451019287, -19.359548568725586], [1.1774617433547974, -31.640518188476562], [0.15763476490974426, -40.57737731933594], [0.12354444712400436, -49.12737274169922]]], [[[1.3624614477157593, -10.45199203491211], [-2.689948558807373, -19.214433670043945], [0.7854734659194946, -31.35489273071289], [0.655023455619812, -38.729766845703125], [-0.3331475853919983, -50.27149200439453]], [[0.6529549956321716, -10.954211235046387], [-1.2149295806884766, -19.545671463012695], [1.3201009035110474, -32.033714294433594], [0.44235512614250183, -40.31833267211914], [0.2753702998161316, -49.257652282714844]]], [[[1.694324016571045, -10.443111419677734], [-2.47421932220459, -19.00442123413086], [1.084877371788025, -30.613304138183594], [0.5209061503410339, -38.3758659362793], [-0.8391468524932861, -50.375370025634766]], [[0.8822153806686401, -11.315505981445312], [-1.3468542098999023, -19.40680694580078], [1.533036231994629, -32.06224060058594], [0.04482239484786987, -40.48478317260742], [-0.009433966130018234, -49.48394775390625]]], [[[1.2596176862716675, -10.291058540344238], [-2.6445794105529785, -18.551912307739258], [1.4158066511154175, -30.71302604675293], [-0.022150270640850067, -37.90342330932617], [-1.1795096397399902, -50.156436920166016]], [[0.6666301488876343, -11.781455993652344], [-1.1965452432632446, -18.95633316040039], [1.3196991682052612, 