{"initial_state": {"ego_state": [-20.006174087524414, -3.7541916370391846, 3.170327181578614e-05, 2.99574613571167], "non_ego_states": [[-3.7707152366638184, 10.009400367736816, -1.570794939994812, 4.511014938354492], [-3.7651798725128174, 19.98287010192871, -1.570846438407898, 4.4915313720703125], [3.7540032863616943, -30.009660720825195, 1.5707879066467285, 4.50853967666626]], "shading_light_direction": [-0.11669475585222244, -0.5655707120895386, 0.8346090316772461], "non_ego_colors": [[0.48734068870544434, 0.4840853214263916, 0.391965389251709], [0.20146119594573975, 0.5036063194274902, 0.44435012340545654], [0.7608335018157959, 0.07278275489807129, 0.9837572574615479]]}, "action_trajectory": [[[[[[-2.1405937671661377, -11.788013458251953], [1.7279093265533447, -19.958576202392578], [-1.2018030881881714, -28.887794494628906], [-0.8207044005393982, -39.433387756347656], [0.26071155071258545, -48.91659927368164]], [[-0.5233460068702698, -11.10194206237793], [-0.46079662442207336, -19.044069290161133], [-0.37116801738739014, -30.624357223510742], [-1.8560559749603271, -39.728694915771484], [1.8044884204864502, -48.639461517333984]]]], [[[[-0.017490465193986893, -9.687697410583496], [1.3329436779022217, -20.28331756591797], [0.7102907299995422, -29.596134185791016], [-0.2694288492202759, -39.27151107788086], [0.8328320980072021, -51.161930084228516]], [[-0.2964291274547577, -8.930939674377441], [-1.030896782875061, -21.62692642211914], [-1.321195363998413, -30.618877410888672], [0.28085771203041077, -39.19706344604492], [-0.03796744346618652, -51.28366470336914]]]], [[[[-1.1059681177139282, 11.875581741333008], [-2.0666770935058594, 19.111553192138672], [0.17510314285755157, 31.166234970092773], [2.3977324962615967, 37.94208908081055], [-1.4442963600158691, 49.24263000488281]], [[0.9918106198310852, 10.24050521850586], [-1.1419503688812256, 19.550861358642578], [-0.03221239894628525, 29.986888885498047], [0.3528086543083191, 41.08112335205078], [1.9476971626281738, 49.919002532958984]]]]]], "action_trajectory_trace": [[[[[[[-2.375588893890381, -11.874931335449219], [1.9124685525894165, -19.860647201538086], [-1.1920260190963745, -28.740673065185547], [-0.7765970230102539, -39.450382232666016], [0.2988206744194031, -48.795467376708984]], [[-0.718192994594574, -11.088478088378906], [-0.49637141823768616, -18.898210525512695], [-0.46814730763435364, -30.51697540283203], [-2.007885217666626, -39.67975997924805], [1.90907621383667, -48.6183967590332]]], [[[-2.3390355110168457, -11.901208877563477], [1.837647557258606, -19.892900466918945], [-1.1806899309158325, -28.71596336364746], [-0.8037355542182922, -39.44087600708008], [0.31837448477745056, -48.807830810546875]], [[-0.711313009262085, -11.078482627868652], [-0.4748257100582123, -18.926986694335938], [-0.47105467319488525, -30.526723861694336], [-1.9948272705078125, -39.670841217041016], [1.9199602603912354, -48.61359405517578]]], [[[-2.2729456424713135, -11.892874717712402], [1.8078010082244873, -19.891355514526367], [-1.1781337261199951, -28.734935760498047], [-0.7958618998527527, -39.43608474731445], [0.3072580099105835, -48.84370803833008]], [[-0.6894271969795227, -11.096635818481445], [-0.45877617597579956, -18.923160552978516], [-0.4741487503051758, -30.5474910736084], [-1.9655150175094604, -39.69462585449219], [1.8720530271530151, -48.573211669921875]]], [[[-2.218254327774048, -11.89379596710205], [1.832871913909912, -19.92860221862793], [-1.2519769668579102, -28.736562728881836], [-0.8554353713989258, -39.382781982421875], [0.2976635992527008, -48.941368103027344]], [[-0.6316526532173157, -11.072297096252441], [-0.4003508687019348, -18.893163681030273], [-0.49201908707618713, -30.648897171020508], [-1.9273974895477295, -39.793724060058594], [1.855654001235962, -48.540771484375]]], [[[-2.215298652648926, -11.884870529174805], [1.8046447038650513, -19.89137077331543], [-1.244355320930481, -28.744848251342773], [-0.8325124979019165, -39.41301345825195], [0.2738598883152008, -48.948638916015625]], [[-0.5254479646682739, -11.09294319152832], [-0.40344110131263733, -18.92099952697754], [-0.45916029810905457, -30.663192749023438], [-1.8549038171768188, -39.737815856933594], [1.9125698804855347, -48.53982925415039]]], [[[-2.2754745483398438, -11.877105712890625], [1.7412455081939697, -19.95612144470215], [-1.2487304210662842, -28.780229568481445], [-0.8028597235679626, -39.397830963134766], [0.26494550704956055, -48.93833923339844]], [[-0.5500519871711731, -11.126526832580566], [-0.3858620822429657, -18.928483963012695], [-0.4162196218967438, -30.655527114868164], [-1.872450828552246, -39.77521514892578], [1.8776086568832397, -48.555294036865234]]], [[[-2.281731128692627, -11.889513969421387], [1.7001219987869263, -19.969907760620117], [-1.232370138168335, -28.823684692382812], [-0.832944929599762, -39.3355712890625], [0.26297587156295776, -48.9442138671875]], [[-0.5888196229934692, -11.110026359558105], [-0.3906446397304535, -18.906999588012695], [-0.40245571732521057, -30.67154312133789], [-1.8788411617279053, -39.7479133605957], [1.8814078569412231, -48.58430862426758]]], [[[-2.2026169300079346, -11.82919692993164], [1.702627420425415, -19.98656463623047], [-1.167899250984192, -28.860010147094727], [-0.8080311417579651, -39.324214935302734], [0.23981018364429474, -48.934593200683594]], [[-0.5425381660461426, -11.081853866577148], [-0.43105751276016235, -18.96928596496582], [-0.4364638328552246, -30.606548309326172], [-1.8703088760375977, -39.819664001464844], [1.8519855737686157, -48.621395111083984]]], [[[-2.1625330448150635, -11.80388355255127], [1.7373034954071045, -19.963712692260742], [-1.1945792436599731, -28.877750396728516], [-0.8093554973602295, -39.34992980957031], [0.23897166550159454, -48.92686080932617]], [[-0.5185287594795227, -11.103939056396484], [-0.4557400047779083, -18.976367950439453], [-0.4365888833999634, -30.620283126831055], [-1.8322067260742188, -39.81147384643555], [1.8064987659454346, -48.64159393310547]]], [[[-2.1405937671661377, -11.788013458251953], [1.7279093265533447, -19.958576202392578], [-1.2018030881881714, -28.887794494628906], [-0.8207044005393982, -39.433387756347656], [0.26071155071258545, -48.91659927368164]], [[-0.5233460068702698, -11.10194206237793], [-0.46079662442207336, -19.044069290161133], [-0.37116801738739014, -30.624357223510742], [-1.8560559749603271, -39.728694915771484], [1.8044884204864502, -48.639461517333984]]]]], [[[[[-0.04193495213985443, -9.560994148254395], [1.395076036453247, -20.372732162475586], [0.7579683661460876, -29.60755729675293], [-0.14878377318382263, -39.200042724609375], [0.7029957175254822, -51.1903190612793]], [[-0.24815694987773895, -8.955652236938477], [-0.9441219568252563, -21.66329574584961], [-1.313790202140808, -30.526395797729492], [0.02667454443871975, -39.095252990722656], [0.09696817398071289, -51.36376953125]]], [[[-0.03907214477658272, -9.608543395996094], [1.363767147064209, -20.35430145263672], [0.7616168260574341, -29.563825607299805], [-0.14347034692764282, -39.18357849121094], [0.7100429534912109, -51.20109939575195]], [[-0.25972750782966614, -8.959059715270996], [-0.9317421317100525, -21.6683406829834], [-1.2989550828933716, -30.53600311279297], [0.02119033969938755, -39.06755828857422], [0.0822172686457634, -51.35500717163086]]], [[[-0.03131326287984848, -9.588199615478516], [1.369133710861206, -20.305667877197266], [0.7067410349845886, -29.553630828857422], [-0.15560275316238403, -39.19394302368164], [0.7363420724868774, -51.18537902832031]], [[-0.24628563225269318, -8.968738555908203], [-0.9622774124145508, -21.615215301513672], [-1.305237889289856, -30.494918823242188], [0.016742916777729988, -39.04326248168945], [0.0846419483423233, -51.30788803100586]]], [[[0.06737463176250458, -9.638224601745605], [1.337205410003662, -20.27928924560547], [0.7576010823249817, -29.531211853027344], [-0.19297292828559875, -39.21005630493164], [0.8297398090362549, -51.20975112915039]], [[-0.2411448061466217, 