{"initial_state": {"ego_state": [-19.99689483642578, -3.7598154544830322, 1.0850930266315117e-05, 2.9923946857452393], "non_ego_states": [[-3.7495198249816895, 9.997322082519531, -1.5707772970199585, 4.505649566650391], [-3.7356598377227783, 19.975736618041992, -1.5708420276641846, 4.506687641143799], [3.7377078533172607, -30.013019561767578, 1.570844054222107, 4.496097564697266]], "shading_light_direction": [-0.11294974386692047, -0.5645596385002136, 0.82944655418396], "non_ego_colors": [[0.7974475622177124, 0.015570759773254395, 0.9038956165313721], [0.47114241123199463, 0.7621179819107056, 0.9575601816177368], [0.45816755294799805, 0.09452557563781738, 0.9759771823883057]]}, "action_trajectory": [[[[[[0.20027677714824677, -9.721782684326172], [1.0512685775756836, -19.075876235961914], [1.3929802179336548, -29.74669075012207], [1.488615870475769, -39.70752716064453], [0.41798773407936096, -51.0686149597168]], [[-1.0790804624557495, -9.45567512512207], [0.9311425685882568, -18.639324188232422], [-2.49173903465271, -29.71371078491211], [-1.2809710502624512, -42.19138717651367], [0.5587863326072693, -50.365089416503906]]]], [[[[0.9679948687553406, -9.979708671569824], [-1.570513129234314, -19.85387420654297], [1.2410627603530884, -30.530879974365234], [0.028251320123672485, -38.13718032836914], [-0.7836266160011292, -50.19770812988281]], [[0.10276267677545547, -11.250732421875], [-0.45448100566864014, -19.360912322998047], [0.7660363912582397, -31.536304473876953], [0.36271217465400696, -40.4621467590332], [-0.03772110119462013, -49.39463424682617]]]], [[[[-1.0638161897659302, 8.960819244384766], [0.5521884560585022, 20.466833114624023], [0.35259148478507996, 30.256425857543945], [-1.049780249595642, 37.30343246459961], [1.1992998123168945, 50.67262649536133]], [[0.02711692452430725, 9.997147560119629], [-2.0429317951202393, 18.27535629272461], [1.5280086994171143, 30.477449417114258], [0.6425718069076538, 40.52741622924805], [0.032258644700050354, 49.17502975463867]]]]]], "action_trajectory_trace": [[[[[[[0.28068411350250244, -9.685049057006836], [1.1037729978561401, -19.0455322265625], [1.503731608390808, -29.795244216918945], [1.5734282732009888, -39.69524002075195], [0.4125473201274872, -51.203548431396484]], [[-1.334036946296692, -9.527426719665527], [0.8060314655303955, -18.55144500732422], [-2.5936200618743896, -29.674257278442383], [-1.240170955657959, -42.4569091796875], [0.5887421369552612, -50.374088287353516]]], [[[0.27921366691589355, -9.67542552947998], [1.0947837829589844, -19.056657791137695], [1.4820640087127686, -29.795591354370117], [1.5869972705841064, -39.687591552734375], [0.42521142959594727, -51.18720245361328]], [[-1.3446247577667236, -9.525235176086426], [0.7984418869018555, -18.557281494140625], [-2.5816285610198975, -29.67557144165039], [-1.2427692413330078, -42.45683670043945], [0.585152268409729, -50.354183197021484]]], [[[0.22521533071994781, -9.65377140045166], [1.0953961610794067, -19.135217666625977], [1.4536818265914917, -29.774831771850586], [1.5561233758926392, -39.711753845214844], [0.43366795778274536, -51.189170837402344]], [[-1.3140701055526733, -9.498246192932129], [0.8213515281677246, -18.53295135498047], [-2.5784246921539307, -29.6652774810791], [-1.26259183883667, -42.48739242553711], [0.5994135141372681, -50.35681915283203]]], [[[0.2729182839393616, -9.664764404296875], [1.1134027242660522, -19.110187530517578], [1.4675922393798828, -29.770103454589844], [1.5410993099212646, -39.699867248535156], [0.4777921438217163, -51.17784118652344]], [[-1.2854584455490112, -9.457097053527832], [0.8645063638687134, -18.54945182800293], [-2.5532357692718506, -29.726459503173828], [-1.1841635704040527, -42.47380065917969], [0.6118612289428711, -50.36579513549805]]], [[[0.21817538142204285, -9.682779312133789], [1.1022186279296875, -19.107088088989258], [1.4584157466888428, -29.779844284057617], [1.5473700761795044, -39.70441818237305], [0.47384652495384216, -51.18973922729492]], [[-1.2671092748641968, -9.496007919311523], [0.9183015823364258, -18.567548751831055], [-2.508497714996338, -29.73805046081543], [-1.1751081943511963, -42.47857666015625], [0.6008976101875305, -50.37099838256836]]], [[[0.1950082778930664, -9.722281455993652], [1.140874981880188, -19.074125289916992], [1.4322885274887085, -29.74094581604004], [1.5358600616455078, -39.684024810791016], [0.45007941126823425, -51.145973205566406]], [[-1.2617262601852417, -9.478561401367188], [0.9026152491569519, -18.546627044677734], [-2.4907519817352295, -29.739416122436523], [-1.1874505281448364, -42.43946075439453], [0.5658988356590271, -50.362815856933594]]], [[[0.14711853861808777, -9.728006362915039], [1.1684757471084595, -19.0815372467041], [1.4608086347579956, -29.756757736206055], [1.566063642501831, -39.68046951293945], [0.4376072585582733, -51.101436614990234]], [[-1.2193031311035156, -9.512040138244629], [0.8247693181037903, -18.625301361083984], [-2.513654947280884, -29.73826026916504], [-1.2003036737442017, -42.517616271972656], [0.5545995831489563, -50.33429718017578]]], [[[0.1868894249200821, -9.727011680603027], [1.1199288368225098, -19.079120635986328], [1.4259943962097168, -29.786104202270508], [1.512243390083313, -39.658687591552734], [0.3955196738243103, -51.05668258666992]], [[-1.1888755559921265, -9.532062530517578], [0.8360863327980042, -18.65935516357422], [-2.502267360687256, -29.75545310974121], [-1.1855778694152832, -42.43719482421875], [0.5840795636177063, -50.42101287841797]]], [[[0.1767827719449997, -9.716758728027344], [1.086629033088684, -19.07573890686035], [1.4134924411773682, -29.743282318115234], [1.514151930809021, -39.65267562866211], [0.4004419147968292, -51.04590606689453]], [[-1.136169672012329, -9.563227653503418], [0.8295524716377258, -18.682571411132812], [-2.506082534790039, -29.717838287353516], [-1.221630573272705, -42.317596435546875], [0.5846990942955017, -50.4581413269043]]], [[[0.20027677714824677, -9.721782684326172], [1.0512685775756836, -19.075876235961914], [1.3929802179336548, -29.74669075012207], [1.488615870475769, -39.70752716064453], [0.41798773407936096, -51.0686149597168]], [[-1.0790804624557495, -9.45567512512207], [0.9311425685882568, -18.639324188232422], [-2.49173903465271, -29.71371078491211], [-1.2809710502624512, -42.19138717651367], [0.5587863326072693, -50.365089416503906]]]]], [[[[[1.144749402999878, -10.001331329345703], [-1.622514247894287, -19.8154239654541], [1.1566365957260132, -30.54136848449707], [0.06333968043327332, -38.03823471069336], [-0.9003793597221375, -50.10149383544922]], [[0.16715291142463684, -11.27849006652832], [-0.43787527084350586, -19.348886489868164], [0.9296981692314148, -31.57430076599121], [0.4329914152622223, -40.51863098144531], [0.0183391235768795, -49.10664749145508]]], [[[1.120865821838379, -10.001099586486816], [-1.6255170106887817, -19.82550621032715], [1.1820316314697266, -30.545333862304688], [0.08615792542695999, -38.04856491088867], [-0.8926936388015747, -50.128074645996094]], [[0.17007118463516235, -11.281797409057617], [-0.429639995098114, -19.314624786376953], [0.9309874176979065, -31.575422286987305], [0.45035484433174133, -40.495323181152344], [0.022568054497241974, -49.11946487426758]]], [[[1.0905919075012207, -9.976046562194824], [-1.617565393447876, -19.813779830932617], [1.1820974349975586, -30.532421112060547], [0.12327604740858078, -38.07094192504883], [-0.8450697064399719, -50.11729049682617]], [[0.18537521362304688, -11.24862003326416], [-0.48898428678512573, -19.286848068237305], [0.9525262713432312, -31.58854866027832], [0.46924299001693726, -40.45363998413086], [0.042914774268865585, -49.12742614746094]]], [[[1.096368670463562, -9.966811180114746], [-1.564470887184143, -19.796632766723633], [1.200250267982483, -30.54186248779297], [0.096002496778965, -38.074466705322266], [-0.8316852450370789, -50.10664367675781]], [[0.15701648592948914, -11.247260093688965], [-0.5034017562866211, -19.290607452392578], [0.9196887612342834, -31.5654296875],