{"initial_state": {"ego_state": [-19.971982955932617, -3.740095853805542, 2.4981613023555838e-05, 3.0096492767333984], "non_ego_states": [[-3.7712740898132324, 10.033930778503418, -1.5707566738128662, 4.493288993835449], [-3.768526554107666, 19.994876861572266, -1.570746660232544, 4.506801605224609], [3.730447292327881, -29.99405288696289, 1.5707838535308838, 4.503083229064941]], "shading_light_direction": [-0.10920005291700363, -0.5595178604125977, 0.8192287087440491], "non_ego_colors": [[0.13516128063201904, 0.9914208650588989, 0.16670000553131104], [0.85882568359375, 0.7570493221282959, 0.4359694719314575], [0.25876832008361816, 0.174355149269104, 0.0939035415649414]]}, "action_trajectory": [[[[[[-0.08491456508636475, -9.562339782714844], [-1.0204740762710571, -20.808916091918945], [-0.8849288821220398, -29.360721588134766], [1.0489773750305176, -40.39305114746094], [-1.1929652690887451, -49.231849670410156]], [[1.294463872909546, -11.245203971862793], [1.9833085536956787, -18.791667938232422], [1.8600680828094482, -27.289093017578125], [-0.8006153702735901, -39.68717956542969], [-0.10274219512939453, -51.535282135009766]]]], [[[[0.6929314136505127, -8.756776809692383], [-1.7475643157958984, -20.341670989990234], [-0.8886154890060425, -29.97208595275879], [0.7851030230522156, -40.20611572265625], [0.0020249485969543457, -50.5869255065918]], [[0.5702933073043823, -9.567078590393066], [0.8679096102714539, -20.726903915405273], [-2.6432113647460938, -30.29834747314453], [0.09285801649093628, -43.25733184814453], [1.5594213008880615, -49.2804069519043]]]], [[[[-0.24222838878631592, 11.422167778015137], [1.6305391788482666, 20.385984420776367], [0.29702767729759216, 29.302305221557617], [0.9597927927970886, 40.38648223876953], [-0.9816528558731079, 48.04747009277344]], [[-1.4206492900848389, 10.68186092376709], [1.4086027145385742, 18.48303985595703], [-0.6706030368804932, 28.721492767333984], [-1.9197357892990112, 39.67848205566406], [-1.6466797590255737, 47.982337951660156]]]]]], "action_trajectory_trace": [[[[[[[-0.04097897931933403, -9.779552459716797], [-1.0886591672897339, -20.208648681640625], [-0.4220542013645172, -29.845224380493164], [1.1077487468719482, -40.118709564208984], [-1.6021307706832886, -48.97502899169922]], [[1.7969911098480225, -10.600279808044434], [0.26822900772094727, -19.905080795288086], [1.6248656511306763, -28.647539138793945], [-0.3342817723751068, -39.1029167175293], [0.8501852750778198, -51.328433990478516]]], [[[-0.04217080771923065, -9.714430809020996], [-1.0983598232269287, -20.21776580810547], [-0.45341894030570984, -29.795650482177734], [1.0577203035354614, -40.05513381958008], [-1.5310277938842773, -49.04977035522461]], [[1.8307682275772095, -10.590348243713379], [0.28645721077919006, -19.875123977661133], [1.6459044218063354, -28.54364776611328], [-0.2983013987541199, -39.13264846801758], [0.8574069738388062, -51.36906433105469]]], [[[-0.057220447808504105, -9.69698715209961], [-1.0809179544448853, -20.205720901489258], [-0.40007248520851135, -29.82035255432129], [1.0619946718215942, -40.079010009765625], [-1.4844228029251099, -49.01758575439453]], [[1.8472013473510742, -10.530156135559082], [0.2127397656440735, -19.85380744934082], [1.5682146549224854, -28.5476131439209], [-0.3539329767227173, -39.207679748535156], [0.8490110039710999, -51.321475982666016]]], [[[-0.01902252994477749, -9.697830200195312], [-1.0777537822723389, -20.211925506591797], [-0.4285641312599182, -29.81788444519043], [1.0008199214935303, -40.12849426269531], [-1.454608678817749, -48.96220016479492]], [[1.8027472496032715, -10.51215934753418], [0.280132532119751, -19.895938873291016], [1.5573301315307617, -28.559200286865234], [-0.32323750853538513, -39.18584442138672], [0.852119505405426, -51.303924560546875]]], [[[-0.013009237125515938, -9.730132102966309], [-1.0853344202041626, -20.20819091796875], [-0.417627215385437, -29.842403411865234], [1.004239559173584, -40.09497833251953], [-1.4507582187652588, -48.991416931152344]], [[1.8039703369140625, -10.500829696655273], [0.2750442624092102, -19.879657745361328], [1.548145055770874, -28.542587280273438], [-0.33310917019844055, -39.1661376953125], [0.8634294271469116, -51.32218551635742]]], [[[0.10244931280612946, -9.659921646118164], [-1.4022488594055176, -20.453250885009766], [-0.28858938813209534, -29.69459342956543], [1.0430705547332764, -40.22901153564453], [-1.5767399072647095, -48.935970306396484]], [[1.6076339483261108, -10.514068603515625], [0.43550512194633484, -19.842870712280273], [1.6698551177978516, -28.948577880859375], [-0.1439850628376007, -39.13417053222656], [0.7349404692649841, -51.54616928100586]]], [[[0.004096921533346176, -9.60101318359375], [-1.3037184476852417, -20.60980987548828], [-0.4690064787864685, -29.436628341674805], [1.0339223146438599, -40.31722640991211], [-1.4165303707122803, -49.129817962646484]], [[1.6439961194992065, -10.226770401000977], [0.9608399868011475, -20.0266056060791], [1.651496171951294, -28.46042823791504], [-0.1386210173368454, -39.38058090209961], [0.6446691751480103, -51.33254623413086]]], [[[-0.11587405204772949, -9.5741548538208], [-1.1665613651275635, -20.628950119018555], [-0.5686845779418945, -29.514991760253906], [0.8299452066421509, -40.3609504699707], [-1.3439325094223022, -49.15566635131836]], [[1.5963929891586304, -10.201725006103516], [0.9602230787277222, -20.049684524536133], [1.6315762996673584, -28.53276252746582], [-0.12955503165721893, -39.41503143310547], [0.6459984183311462, -51.33436584472656]]], [[[-0.11708541214466095, -9.544832229614258], [-1.1820088624954224, -20.634042739868164], [-0.5782626867294312, -29.517532348632812], [0.8204725384712219, -40.30309295654297], [-1.2707418203353882, -49.191593170166016]], [[1.0028581619262695, -10.42329216003418], [1.6414377689361572, -19.113676071166992], [1.1862528324127197, -28.230825424194336], [-0.5166745185852051, -39.44498062133789], [0.39724966883659363, -51.18561553955078]]], [[[-0.08491456508636475, -9.562339782714844], [-1.0204740762710571, -20.808916091918945], [-0.8849288821220398, -29.360721588134766], [1.0489773750305176, -40.39305114746094], [-1.1929652690887451, -49.231849670410156]], [[1.294463872909546, -11.245203971862793], [1.9833085536956787, -18.791667938232422], [1.8600680828094482, -27.289093017578125], [-0.8006153702735901, -39.68717956542969], [-0.10274219512939453, -51.535282135009766]]]]], [[[[[0.7447823882102966, -9.203264236450195], [-1.9309817552566528, -20.72714614868164], [-0.4480825960636139, -30.685327529907227], [0.9554991722106934, -39.868526458740234], [0.3040481507778168, -51.08330154418945]], [[0.8576487302780151, -9.420486450195312], [1.6182243824005127, -20.179054260253906], [-1.1175346374511719, -30.592445373535156], [0.4034714102745056, -41.800567626953125], [0.7112087607383728, -49.886924743652344]]], [[[0.7030580639839172, -9.16060733795166], [-1.870033621788025, -20.709009170532227], [-0.4853798449039459, -30.72450065612793], [0.8564156293869019, -39.846736907958984], [0.29940924048423767, -51.02287292480469]], [[0.8454938530921936, -9.40977668762207], [1.5927199125289917, -20.131359100341797], [-1.1124261617660522, -30.66649055480957], [0.41199395060539246, -41.77345275878906], [0.7200398445129395, -49.8079833984375]]], [[[0.6934565305709839, -9.209067344665527], [-1.9222233295440674, -20.704702377319336], [-0.440358430147171, -30.68049430847168], [0.8853325843811035, -39.847042083740234], [0.3663974404335022, -51.00896072387695]], [[0.8427282571792603, -9.397347450256348], [1.5490442514419556, -20.229413986206055], [-1.1010929346084595, -30.657085418701172], [0.38470011949539185, -41.76364517211914], [0.6971163749694824, -49.852294921875]]], [[[0.58846116065979, -9.344722747802734], [-1.9471216201782227, -20.787445068359375], [-0.39168909192085266, -30.66507911682129], [0.8436210751533508, -39.83857345581055], [0.33043545484542847, -50.924556732177734]], [[0.848189115524292, -9.39842700958252], [1.5506941080093384, 