{"initial_state": {"ego_state": [-19.966312408447266, -3.7429141998291016, -4.927267127641244e-06, 2.992506980895996], "non_ego_states": [[-3.7463884353637695, 10.012744903564453, -1.570779800415039, 4.503525733947754], [-3.722557306289673, 19.97404670715332, -1.570785641670227, 4.509189128875732], [3.7526209354400635, -30.0100154876709, 1.5707703828811646, 4.501787185668945]], "shading_light_direction": [-0.13325583934783936, -0.5566597580909729, 0.8253473043441772], "non_ego_colors": [[0.13442575931549072, 0.32556867599487305, 0.31763994693756104], [0.823142409324646, 0.05100977420806885, 0.5774450302124023], [0.20623230934143066, 0.9675147533416748, 0.7781403064727783]]}, "action_trajectory": [[[[[[-0.4624386727809906, -8.856861114501953], [-1.075161337852478, -19.899446487426758], [0.6863272190093994, -28.77067756652832], [1.043654441833496, -43.695003509521484], [-1.5804498195648193, -50.0424690246582]], [[-0.6393671631813049, -9.802910804748535], [-0.18194591999053955, -20.43695068359375], [0.09838128089904785, -30.751083374023438], [1.1852339506149292, -40.082332611083984], [0.9129566550254822, -51.18070983886719]]]], [[[[-1.4467675685882568, -8.56965160369873], [0.4525808095932007, -21.91799545288086], [1.000611662864685, -29.76068115234375], [0.6171414256095886, -40.352638244628906], [-0.6823026537895203, -48.234962463378906]], [[-1.0679205656051636, -9.535202026367188], [-2.0758073329925537, -20.431669235229492], [1.1494863033294678, -30.32498550415039], [1.3719500303268433, -40.165802001953125], [-0.9480001926422119, -49.38954162597656]]]], [[[[-0.22293013334274292, 10.424225807189941], [-1.3929671049118042, 18.81379508972168], [-1.6834497451782227, 28.909217834472656], [-1.1431691646575928, 39.23628616333008], [-0.8503252863883972, 50.84099578857422]], [[-0.6690073609352112, 10.224382400512695], [0.6299477815628052, 20.560680389404297], [-0.6863114237785339, 30.78217315673828], [1.1043919324874878, 39.879913330078125], [0.07892824709415436, 50.408416748046875]]]]]], "action_trajectory_trace": [[[[[[[-0.47577255964279175, -8.611370086669922], [-1.136572241783142, -19.85529899597168], [0.8301928639411926, -28.54291343688965], [0.8941730260848999, -43.853939056396484], [-1.6711606979370117, -50.22699737548828]], [[-0.7267316579818726, -9.803118705749512], [-0.35947751998901367, -20.489994049072266], [0.03087007626891136, -30.688146591186523], [1.2060599327087402, -40.07344436645508], [0.8404571413993835, -51.163124084472656]]], [[[-0.45862632989883423, -8.644062995910645], [-1.136662244796753, -19.87996482849121], [0.8120005130767822, -28.5861873626709], [0.9025596380233765, -43.822025299072266], [-1.6619408130645752, -50.201595306396484]], [[-0.7335288524627686, -9.749805450439453], [-0.3283788859844208, -20.419626235961914], [-0.0012838225811719894, -30.728248596191406], [1.1840628385543823, -40.11915588378906], [0.8521607518196106, -51.144004821777344]]], [[[-0.4860244691371918, -8.631864547729492], [-1.1248807907104492, -19.895553588867188], [0.7881550788879395, -28.610122680664062], [0.9441179633140564, -43.82161331176758], [-1.655617117881775, -50.1894416809082]], [[-0.7030459046363831, -9.7320556640625], [-0.3124009072780609, -20.391969680786133], [0.014090809039771557, -30.680400848388672], [1.201168417930603, -40.101078033447266], [0.873221218585968, -51.126869201660156]]], [[[-0.45124638080596924, -8.666784286499023], [-1.1175051927566528, -19.9288387298584], [0.7454466819763184, -28.626129150390625], [0.9535444974899292, -43.786582946777344], [-1.6378614902496338, -50.1995735168457]], [[-0.6538638472557068, -9.72203540802002], [-0.2751481533050537, -20.412410736083984], [0.058314502239227295, -30.702350616455078], [1.2116256952285767, -40.1063117980957], [0.9086297750473022, -51.130863189697266]]], [[[-0.4709629416465759, -8.693288803100586], [-1.1109923124313354, -19.914323806762695], [0.7055656909942627, -28.63022804260254], [0.9656241536140442, -43.726016998291016], [-1.6019716262817383, -50.209251403808594]], [[-0.6421457529067993, -9.756736755371094], [-0.2774594724178314, -20.422901153564453], [0.07535059005022049, -30.709278106689453], [1.1987645626068115, -40.094329833984375], [0.9343486428260803, -51.141319274902344]]], [[[-0.44774529337882996, -8.705564498901367], [-1.0756118297576904, -19.928030014038086], [0.6796950697898865, -28.678754806518555], [1.0000885725021362, -43.74175262451172], [-1.6360018253326416, -50.19157028198242]], [[-0.6497731804847717, -9.790602684020996], [-0.26172611117362976, -20.413475036621094], [0.06883887201547623, -30.725358963012695], [1.216577410697937, -40.082733154296875], [0.9087827801704407, -51.132938385009766]]], [[[-0.4251458942890167, -8.777321815490723], [-1.039076566696167, -19.87838363647461], [0.6828721165657043, -28.69046401977539], [0.9466243982315063, -43.7490348815918], [-1.5210449695587158, -50.110008239746094]], [[-0.6593291759490967, -9.776365280151367], [-0.2137904167175293, -20.4489803314209], [0.0926734209060669, -30.732885360717773], [1.2185869216918945, -40.09746551513672], [0.9141615629196167, -51.15142822265625]]], [[[-0.4362037777900696, -8.840782165527344], [-1.0505690574645996, -19.90374183654785], [0.6702979803085327, -28.729570388793945], [0.9944444894790649, -43.707828521728516], [-1.5440614223480225, -50.112281799316406]], [[-0.6861103177070618, -9.80283260345459], [-0.16307295858860016, -20.44213104248047], [0.10304960608482361, -30.686851501464844], [1.2169151306152344, -40.09282302856445], [0.9020702242851257, -51.16473388671875]]], [[[-0.4535534977912903, -8.849120140075684], [-1.0675370693206787, -19.9110107421875], [0.6581225395202637, -28.78565788269043], [1.0462970733642578, -43.67697525024414], [-1.569480299949646, -50.09203338623047]], [[-0.6808899641036987, -9.787439346313477], [-0.13837340474128723, -20.470691680908203], [0.09471497684717178, -30.73795509338379], [1.1825079917907715, -40.110904693603516], [0.9353681206703186, -51.17414093017578]]], [[[-0.4624386727809906, -8.856861114501953], [-1.075161337852478, -19.899446487426758], [0.6863272190093994, -28.77067756652832], [1.043654441833496, -43.695003509521484], [-1.5804498195648193, -50.0424690246582]], [[-0.6393671631813049, -9.802910804748535], [-0.18194591999053955, -20.43695068359375], [0.09838128089904785, -30.751083374023438], [1.1852339506149292, -40.082332611083984], [0.9129566550254822, -51.18070983886719]]]]], [[[[[-1.3286858797073364, -8.371978759765625], [0.5005844831466675, -22.0463924407959], [0.8713101744651794, -29.785539627075195], [0.5549318790435791, -40.31562423706055], [-0.8558863401412964, -48.16276931762695]], [[-0.9931928515434265, -9.471765518188477], [-2.2194976806640625, -20.554811477661133], [1.2399150133132935, -30.329814910888672], [1.584970235824585, -40.1350212097168], [-0.9535077810287476, -49.35744857788086]]], [[[-1.3417061567306519, -8.404823303222656], [0.4843602180480957, -22.03714370727539], [0.8613787889480591, -29.79745864868164], [0.556323766708374, -40.30105972290039], [-0.853453516960144, -48.17461013793945]], [[-1.015777349472046, -9.483773231506348], [-2.1750497817993164, -20.509929656982422], [1.2490794658660889, -30.308576583862305], [1.5486981868743896, -40.182220458984375], [-0.9877442121505737, -49.34190368652344]]], [[[-1.371458888053894, -8.382678031921387], [0.45548558235168457, -22.04597282409668], [0.8818405270576477, -29.809673309326172], [0.565936803817749, -40.30507278442383], [-0.8229256272315979, -48.19529342651367]], [[-0.9530415534973145, -9.472975730895996], [-2.183523416519165, -20.574556350708008], [1.2332459688186646, -30.32734489440918], [1.5510919094085693, -40.24745178222656], [-0.9914142489433289, -49.35801315307617]]], [[[-1.3144057989120483, -8.392721176147461], [0.5008695125579834, -22.051902770996094], [0.9074321389198303, -29.80970573425293], [0.5918722152709961, -40.28107452392578], [-0.8065813183784485, -48.15581512451172]], [[-0.9948402047157288, -9.493313789367676], [-2.140326499938965, -20.530776977539062], 