{"initial_state": {"ego_state": [-19.971982955932617, -3.740095853805542, 2.4981613023555838e-05, 3.0096492767333984], "non_ego_states": [[-3.7712740898132324, 10.033930778503418, -1.5707566738128662, 4.493288993835449], [-3.768526554107666, 19.994876861572266, -1.570746660232544, 4.506801605224609], [3.730447292327881, -29.99405288696289, 1.5707838535308838, 4.503083229064941]], "shading_light_direction": [-0.10920005291700363, -0.5595178604125977, 0.8192287087440491], "non_ego_colors": [[0.13516128063201904, 0.9914208650588989, 0.16670000553131104], [0.85882568359375, 0.7570493221282959, 0.4359694719314575], [0.25876832008361816, 0.174355149269104, 0.0939035415649414]]}, "action_trajectory": [[[[[[2.32519268989563, -9.792007446289062], [-0.37509721517562866, -18.91790008544922], [1.044445514678955, -30.672210693359375], [1.4187862873077393, -39.21271514892578], [-2.016036033630371, -47.7864990234375]], [[1.6723954677581787, -11.239970207214355], [-2.488090991973877, -20.2271671295166], [1.6050328016281128, -29.263351440429688], [-0.5913040041923523, -41.234100341796875], [2.3122057914733887, -49.9608154296875]]]], [[[[0.14740881323814392, -8.775633811950684], [-5.846356391906738, -20.69784927368164], [-1.0452055931091309, -32.34426498413086], [-0.46186643838882446, -39.491493225097656], [0.5328493714332581, -50.92924499511719]], [[1.4850932359695435, -7.865495204925537], [0.6993634700775146, -20.55032730102539], [-1.2196667194366455, -30.538860321044922], [0.7010159492492676, -42.03425216674805], [-0.6107800006866455, -48.130313873291016]]]], [[[[-1.1447455883026123, 9.569511413574219], [1.9218095541000366, 19.7437801361084], [0.005876213312149048, 27.565948486328125], [0.5891368985176086, 40.510501861572266], [-0.6469311714172363, 47.929283142089844]], [[-1.6083036661148071, 10.786741256713867], [-2.429765224456787, 18.2533016204834], [-0.4617868959903717, 28.268552780151367], [-2.195629596710205, 37.57648849487305], [-0.6818596720695496, 47.65940856933594]]]]]], "action_trajectory_trace": [[[[[[[0.4814956486225128, -10.616190910339355], [-0.8324191570281982, -20.02520751953125], [-1.0263142585754395, -28.941848754882812], [0.3971633315086365, -40.003910064697266], [-2.0924530029296875, -48.76725387573242]], [[1.4707691669464111, -11.125340461730957], [-0.48328062891960144, -19.90517234802246], [1.9715803861618042, -28.373903274536133], [-0.35482901334762573, -39.63746643066406], [1.063453197479248, -51.399925231933594]]], [[[1.1919589042663574, -10.496115684509277], [-0.558941125869751, -19.995826721191406], [-1.2005667686462402, -28.51465606689453], [0.18365725874900818, -40.33369827270508], [-2.8914597034454346, -48.60725021362305]], [[1.6926014423370361, -11.027029991149902], [-0.518283486366272, -19.82572364807129], [1.5145015716552734, -28.87843132019043], [-1.1186153888702393, -39.4918098449707], [1.6479380130767822, -51.251953125]]], [[[1.4395570755004883, -10.86003589630127], [-0.7063689827919006, -19.93528938293457], [-0.3355087637901306, -28.456823348999023], [0.35179904103279114, -39.89494323730469], [-2.586285352706909, -48.813663482666016]], [[1.6359150409698486, -11.006404876708984], [-1.1708452701568604, -20.145984649658203], [1.2165088653564453, -29.10552406311035], [-1.0675197839736938, -39.06928253173828], [1.758512258529663, -50.96979522705078]]], [[[1.6996121406555176, -10.23343276977539], [-0.713401734828949, -19.283872604370117], [0.3018370568752289, -29.02534294128418], [0.054434821009635925, -39.69279479980469], [-2.4044766426086426, -48.8370246887207]], [[2.28556752204895, -11.180152893066406], [-1.508988618850708, -20.122657775878906], [0.8721144795417786, -28.966106414794922], [-0.9547114968299866, -40.029659271240234], [2.2073981761932373, -50.868656158447266]]], [[[1.9557660818099976, -10.404582023620605], [-0.6378994584083557, -19.54816246032715], [0.25704219937324524, -29.61720085144043], [-0.08619426190853119, -39.667076110839844], [-2.4266443252563477, -48.71928405761719]], [[1.9314631223678589, -11.390684127807617], [-1.5416765213012695, -20.74507713317871], [1.3411668539047241, -29.26531410217285], [-0.641914963722229, -40.252357482910156], [2.02927827835083, -50.6953010559082]]], [[[2.7260076999664307, -10.446906089782715], [-0.5472018718719482, -19.545108795166016], [1.036659598350525, -30.077686309814453], [0.6920653581619263, -39.08714294433594], [-1.8422300815582275, -48.527828216552734]], [[1.8833931684494019, -11.464269638061523], [-1.633758544921875, -20.801002502441406], [1.4128085374832153, -29.610645294189453], [-0.4443410336971283, -40.55387878417969], [2.232714891433716, -50.42451858520508]]], [[[2.663689374923706, -10.154839515686035], [0.13594749569892883, -19.235759735107422], [0.716693639755249, -30.2109375], [0.21249434351921082, -39.181880950927734], [-1.9582315683364868, -48.15821075439453]], [[2.1019084453582764, -11.758472442626953], [-2.1986050605773926, -20.578760147094727], [1.5363575220108032, -29.329824447631836], [0.24517492949962616, -40.613182067871094], [2.181060791015625, -50.3833122253418]]], [[[2.633554458618164, -10.150819778442383], [-0.3551950454711914, -19.207490921020508], [0.43386146426200867, -30.27838134765625], [0.9916751384735107, -39.32666015625], [-1.769704818725586, -48.49812316894531]], [[1.8548897504806519, -11.70860481262207], [-2.3911921977996826, -20.261568069458008], [1.3459961414337158, -29.235090255737305], [0.1680261790752411, -40.392940521240234], [1.8579540252685547, -49.85920715332031]]], [[[2.5099847316741943, -10.089142799377441], [0.007217224687337875, -19.191011428833008], [0.3316948413848877, -30.134580612182617], [1.355263113975525, -39.08526611328125], [-2.07502818107605, -47.92544174194336]], [[1.720138669013977, -11.489989280700684], [-2.3287596702575684, -19.98583221435547], [1.554938793182373, -29.37904930114746], [-0.05657324194908142, -40.86452102661133], [1.7785571813583374, -50.04680252075195]]], [[[2.32519268989563, -9.792007446289062], [-0.37509721517562866, -18.91790008544922], [1.044445514678955, -30.672210693359375], [1.4187862873077393, -39.21271514892578], [-2.016036033630371, -47.7864990234375]], [[1.6723954677581787, -11.239970207214355], [-2.488090991973877, -20.2271671295166], [1.6050328016281128, -29.263351440429688], [-0.5913040041923523, -41.234100341796875], [2.3122057914733887, -49.9608154296875]]]]], [[[[[1.0137269496917725, -8.729211807250977], [-2.201984167098999, -20.810354232788086], [-0.8934804201126099, -30.202539443969727], [0.47972822189331055, -39.791133880615234], [0.36433640122413635, -50.808753967285156]], [[1.1890273094177246, -9.22464370727539], [1.7403357028961182, -20.061365127563477], [-1.02413010597229, -30.674781799316406], [0.1587829887866974, -42.22721481323242], [0.657055675983429, -50.01826477050781]]], [[[0.42523109912872314, -9.485645294189453], [-3.084913492202759, -20.64300537109375], [-0.9918577671051025, -29.99201202392578], [0.8815423250198364, -39.519813537597656], [0.4026184678077698, -51.172359466552734]], [[1.1843411922454834, -8.86328411102295], [1.838619589805603, -20.24234390258789], [-1.491119623184204, -30.0987491607666], [-0.09962670505046844, -42.536258697509766], [0.4503008723258972, -49.89972686767578]]], [[[0.5514030456542969, -9.5858793258667], [-3.5213208198547363, -20.862152099609375], [-0.9279424548149109, -30.306198120117188], [1.2393217086791992, -39.21611022949219], [-0.07494094967842102, -50.9324951171875]], [[1.0655046701431274, -9.286044120788574], [1.7886381149291992, -20.273548126220703], [-1.8174560070037842, -30.419950485229492], [0.2468227744102478, -42.41106414794922], [0.6600512862205505, -49.90979766845703]]], [[[0.08666511625051498, -9.639391899108887], [-4.233053207397461, -21.236509323120117], [-1.018965482711792, -30.535457611083984], [0.9206120371818542, -39.23812484741211], [-0.6089863777160645, -51.07406997680664]], [[0.9980495572090149, -9.248222351074219], [1.554087519645691, -20.357210159301758], [-0.965705394744873, -30.60109519958496], 