{"initial_state": {"ego_state": [-19.99689483642578, -3.7598154544830322, 1.0850930266315117e-05, 2.9923946857452393], "non_ego_states": [[-3.7495198249816895, 9.997322082519531, -1.5707772970199585, 4.505649566650391], [-3.7356598377227783, 19.975736618041992, -1.5708420276641846, 4.506687641143799], [3.7377078533172607, -30.013019561767578, 1.570844054222107, 4.496097564697266]], "shading_light_direction": [-0.11294974386692047, -0.5645596385002136, 0.82944655418396], "non_ego_colors": [[0.7974475622177124, 0.015570759773254395, 0.9038956165313721], [0.47114241123199463, 0.7621179819107056, 0.9575601816177368], [0.45816755294799805, 0.09452557563781738, 0.9759771823883057]]}, "action_trajectory": [[[[[[1.6137789487838745, -9.513973236083984], [-0.30940768122673035, -18.86345863342285], [1.4231387376785278, -28.783451080322266], [2.277353048324585, -40.50187683105469], [-0.3187236487865448, -50.672332763671875]], [[-1.2580817937850952, -10.532086372375488], [0.021761275827884674, -17.49799346923828], [-1.5175052881240845, -31.296266555786133], [-1.7347259521484375, -43.13740921020508], [1.7100285291671753, -50.359588623046875]]]], [[[[3.194053888320923, -9.030219078063965], [-4.428219795227051, -19.962968826293945], [1.247219204902649, -29.83510971069336], [-0.8563055992126465, -38.398948669433594], [-1.1855418682098389, -50.296871185302734]], [[-0.7870147824287415, -11.112627983093262], [-1.0941938161849976, -18.64374542236328], [0.7396544814109802, -30.900657653808594], [-0.6959207057952881, -41.72758865356445], [1.0058408975601196, -49.34507369995117]]]], [[[[-3.246306896209717, 8.610554695129395], [0.6890950202941895, 19.80360221862793], [0.21288475394248962, 30.71169090270996], [-1.2188091278076172, 38.14691925048828], [2.1867189407348633, 52.920997619628906]], [[-0.48587608337402344, 10.13962459564209], [-1.3104981184005737, 18.806577682495117], [0.6350802779197693, 28.22553825378418], [1.5862261056900024, 39.47859573364258], [-1.2394843101501465, 48.368003845214844]]]]]], "action_trajectory_trace": [[[[[[[0.9725879430770874, -9.978012084960938], [1.4463835954666138, -18.53152084350586], [1.3667092323303223, -29.730716705322266], [1.5901376008987427, -39.48187255859375], [0.037210360169410706, -50.803253173828125]], [[-1.5831067562103271, -9.588659286499023], [0.5309357047080994, -18.69806480407715], [-2.602658271789551, -30.16094398498535], [-1.2699201107025146, -42.80228042602539], [0.6961022019386292, -50.388519287109375]]], [[[1.1377031803131104, -9.512449264526367], [0.8598228096961975, -18.36548614501953], [1.3553143739700317, -29.60871696472168], [1.5384082794189453, -39.04198455810547], [-0.48161032795906067, -51.49138259887695]], [[-1.7918537855148315, -9.143533706665039], [0.6228986382484436, -18.424612045288086], [-2.4997870922088623, -30.419940948486328], [-1.2752819061279297, -43.03482437133789], [0.2045714110136032, -50.401329040527344]]], [[[1.051304817199707, -9.416616439819336], [0.7951276302337646, -18.418437957763672], [1.15302312374115, -29.77706527709961], [1.6938745975494385, -39.120182037353516], [-0.22252841293811798, -51.074798583984375]], [[-1.8597655296325684, -9.509358406066895], [0.480177104473114, -18.30619239807129], [-2.872680187225342, -30.70718765258789], [-1.2558077573776245, -42.64216613769531], [0.30909496545791626, -50.27017593383789]]], [[[1.4575984477996826, -9.235511779785156], [0.5141947269439697, -18.282072067260742], [1.2270501852035522, -30.145410537719727], [2.01965069770813, -39.7256965637207], [-0.4120570123195648, -51.55819320678711]], [[-1.8263338804244995, -9.908364295959473], [0.45452678203582764, -18.327316284179688], [-2.5668435096740723, -30.493986129760742], [-1.3033547401428223, -42.742557525634766], [-0.018789142370224, -50.18882369995117]]], [[[1.7696316242218018, -9.171587944030762], [0.27741754055023193, -18.473182678222656], [1.5345263481140137, -29.926435470581055], [2.2075624465942383, -39.53859329223633], [-0.44617390632629395, -51.32714080810547]], [[-1.8174779415130615, -9.784802436828613], [0.2287823110818863, -18.06841278076172], [-2.492366313934326, -30.302522659301758], [-1.5672131776809692, -42.59479904174805], [0.6021131277084351, -50.03528594970703]]], [[[2.210179567337036, -9.13313102722168], [0.1452736109495163, -18.675905227661133], [1.29964017868042, -29.439464569091797], [2.056252956390381, -39.86360168457031], [-0.07565312087535858, -51.29507827758789]], [[-1.1253666877746582, -9.192292213439941], [0.06134767830371857, -17.665287017822266], [-2.717996120452881, -30.3275203704834], [-1.301580786705017, -42.73166275024414], [1.3692734241485596, -49.92121887207031]]], [[[2.2816855907440186, -9.615911483764648], [0.2652282118797302, -18.58090591430664], [1.5824300050735474, -29.107826232910156], [2.3563413619995117, -40.00285339355469], [-0.21190261840820312, -51.36214065551758]], [[-1.1966408491134644, -9.417891502380371], [-0.6171488761901855, -17.62512969970703], [-2.1740784645080566, -30.245424270629883], [-1.1201802492141724, -43.182945251464844], [0.8701735734939575, -50.116756439208984]]], [[[2.021375894546509, -9.795182228088379], [0.14455150067806244, -18.574499130249023], [1.5746718645095825, -29.36800765991211], [1.9862821102142334, -40.347599029541016], [-0.29807665944099426, -51.48914337158203]], [[-1.7430368661880493, -9.700462341308594], [-0.4762934744358063, -18.542510986328125], [-2.097235679626465, -30.231670379638672], [-1.1849793195724487, -43.15993118286133], [0.6656551361083984, -50.29350662231445]]], [[[1.764560580253601, -9.549376487731934], [-0.17273351550102234, -18.802839279174805], [1.552184820175171, -29.035003662109375], [2.1390650272369385, -40.96092987060547], [-0.5041266679763794, -51.06739807128906]], [[-1.920815348625183, -10.226851463317871], [-0.5425057411193848, -17.79911231994629], [-2.1115164756774902, -30.586959838867188], [-1.4221590757369995, -42.61974334716797], [1.0717582702636719, -50.50835418701172]]], [[[1.6137789487838745, -9.513973236083984], [-0.30940768122673035, -18.86345863342285], [1.4231387376785278, -28.783451080322266], [2.277353048324585, -40.50187683105469], [-0.3187236487865448, -50.672332763671875]], [[-1.2580817937850952, -10.532086372375488], [0.021761275827884674, -17.49799346923828], [-1.5175052881240845, -31.296266555786133], [-1.7347259521484375, -43.13740921020508], [1.7100285291671753, -50.359588623046875]]]]], [[[[[1.0420266389846802, -10.29698371887207], [-2.1788570880889893, -19.963550567626953], [0.9840428829193115, -30.832918167114258], [-0.051039136946201324, -38.53535461425781], [-0.9030207395553589, -50.020999908447266]], [[0.42577749490737915, -10.878155708312988], [-0.4866032898426056, -18.89087677001953], [0.46743789315223694, -31.405475616455078], [0.16048720479011536, -40.96078109741211], [0.21160757541656494, -49.797950744628906]]], [[[1.8985363245010376, -10.279131889343262], [-2.3254356384277344, -19.63410186767578], [1.0354996919631958, -31.11665153503418], [0.32001620531082153, -38.56428909301758], [-0.6489804983139038, -50.146480560302734]], [[0.6776162385940552, -10.854052543640137], [-1.199171543121338, -19.230318069458008], [0.5067261457443237, -31.740341186523438], [0.5584724545478821, -40.63401412963867], [0.35161292552948, -50.02954864501953]]], [[[2.0572054386138916, -9.61143684387207], [-2.7386701107025146, -19.566112518310547], [1.2973542213439941, -30.93143653869629], [0.6183671355247498, -38.55550765991211], [-0.98968905210495, -50.474857330322266]], [[0.6434900164604187, -11.261811256408691], [-1.3031469583511353, -18.809843063354492], [0.5463147163391113, -31.80307388305664], [0.6751948595046997, -40.74776840209961], [0.45765987038612366, -50.06898498535156]]], [[[1.8467427492141724, -9.371088027954102], [-3.51861310005188, -19.444278717041016], [1.477224349975586, -31.429462432861328], [-0.15339389443397522, -38.591033935546875], [-1.1949371099472046, -50.50600814819336]], [[-0.2023364007472992, -11.58668041229248], [-1.2548394203186035, -18.638221740722656], 