{"initial_state": {"ego_state": [-20.006174087524414, -3.7541916370391846, 3.170327181578614e-05, 2.99574613571167], "non_ego_states": [[-3.7707152366638184, 10.009400367736816, -1.570794939994812, 4.511014938354492], [-3.7651798725128174, 19.98287010192871, -1.570846438407898, 4.4915313720703125], [3.7540032863616943, -30.009660720825195, 1.5707879066467285, 4.50853967666626]], "shading_light_direction": [-0.11669475585222244, -0.5655707120895386, 0.8346090316772461], "non_ego_colors": [[0.48734068870544434, 0.4840853214263916, 0.391965389251709], [0.20146119594573975, 0.5036063194274902, 0.44435012340545654], [0.7608335018157959, 0.07278275489807129, 0.9837572574615479]]}, "action_trajectory": [[[[[[-1.3193329572677612, -11.758194923400879], [2.0899133682250977, -20.42008399963379], [1.5214860439300537, -26.642169952392578], [-1.707566499710083, -41.934871673583984], [1.0424432754516602, -50.48247146606445]], [[1.1048450469970703, -10.449387550354004], [-1.1593173742294312, -18.521493911743164], [-0.7298564910888672, -30.845064163208008], [-2.336121082305908, -39.05222702026367], [1.6236474514007568, -47.66115951538086]]]], [[[[-0.4226245880126953, -12.259323120117188], [1.8256025314331055, -21.501272201538086], [1.0378870964050293, -28.833232879638672], [-0.018326494842767715, -39.121192932128906], [-0.9381061792373657, -51.99958419799805]], [[-0.756671667098999, -10.212340354919434], [-1.9056130647659302, -21.169939041137695], [-3.2672362327575684, -30.125286102294922], [0.44308215379714966, -40.65999984741211], [-1.0020592212677002, -49.629150390625]]]], [[[[-1.702444076538086, 11.783956527709961], [-4.088424205780029, 19.293981552124023], [-1.2442717552185059, 32.08468246459961], [2.034695863723755, 35.90166473388672], [-1.308262825012207, 50.726539611816406]], [[0.49230319261550903, 10.217451095581055], [-1.6822007894515991, 19.647756576538086], [1.164412021636963, 29.876771926879883], [0.1634407341480255, 41.63962936401367], [1.8492827415466309, 52.044044494628906]]]]]], "action_trajectory_trace": [[[[[[[-2.825526475906372, -11.777751922607422], [2.052276372909546, -20.03369903564453], [-0.3974993824958801, -28.9672908782959], [-1.1978950500488281, -39.72562789916992], [0.2275867909193039, -48.66733169555664]], [[-0.7349830865859985, -10.987520217895508], [-0.3298720121383667, -18.872713088989258], [-1.0342755317687988, -30.827972412109375], [-2.207918882369995, -39.437862396240234], [1.5633960962295532, -48.17504119873047]]], [[[-3.0521202087402344, -11.767827987670898], [2.0139479637145996, -19.969379425048828], [-0.8456899523735046, -28.63367462158203], [-1.153438687324524, -39.97639465332031], [0.013032620772719383, -48.83726501464844]], [[-1.0708764791488647, -10.895078659057617], [-0.7273342609405518, -18.7939395904541], [-0.9904752969741821, -30.94518280029297], [-2.262247323989868, -39.620174407958984], [0.9202950596809387, -47.60361099243164]]], [[[-3.215852975845337, -11.593751907348633], [1.9444713592529297, -19.618562698364258], [-0.33639007806777954, -28.12541961669922], [-1.891481637954712, -40.690006256103516], [0.14500311017036438, -48.778419494628906]], [[-0.7187267541885376, -11.153653144836426], [-1.4171637296676636, -18.612773895263672], [-0.6914461851119995, -30.94026756286621], [-2.292231559753418, -39.24366760253906], [1.4736757278442383, -47.865989685058594]]], [[[-2.7593283653259277, -12.245351791381836], [2.3616831302642822, -19.557828903198242], [-0.2090185135602951, -27.55105972290039], [-2.1735897064208984, -41.32745361328125], [0.25030717253685, -49.34957504272461]], [[-0.7290960550308228, -11.417313575744629], [-1.127583622932434, -18.577253341674805], [-0.47960084676742554, -31.276168823242188], [-2.609285593032837, -39.247493743896484], [1.479433536529541, -47.83427810668945]]], [[[-2.818112850189209, -11.811752319335938], [2.821577787399292, -19.984874725341797], [0.7942022085189819, -27.101497650146484], [-2.58074688911438, -41.73273468017578], [0.26892152428627014, -50.02326965332031]], [[-0.6978285908699036, -11.61461353302002], [-1.2115914821624756, -18.438302993774414], [-0.4319540858268738, -30.988414764404297], [-2.5080838203430176, -39.69190216064453], [1.6523776054382324, -47.62983703613281]]], [[[-2.535057306289673, -11.911619186401367], [3.163851737976074, -20.04831314086914], [0.8575087785720825, -26.90768051147461], [-2.6151576042175293, -41.352813720703125], [0.21733209490776062, -49.19129943847656]], [[-0.06645054370164871, -11.789695739746094], [-1.1307318210601807, -18.46096420288086], [0.2944078743457794, -31.625831604003906], [-2.848219633102417, -39.52077102661133], [1.5058776140213013, -48.047821044921875]]], [[[-2.0496013164520264, -12.181116104125977], [2.8008651733398438, -19.987459182739258], [1.0885436534881592, -27.035451889038086], [-2.711554765701294, -41.393287658691406], [0.47127968072891235, -49.596832275390625]], [[0.3703129291534424, -11.74749755859375], [-1.4847980737686157, -19.048791885375977], [-0.2574041783809662, -32.40910339355469], [-2.7552924156188965, -39.54317855834961], [1.445393681526184, -47.86697769165039]]], [[[-2.002556085586548, -12.268583297729492], [2.5679404735565186, -20.168132781982422], [1.1811219453811646, -26.985654830932617], [-2.1986501216888428, -41.65679931640625], [0.22811588644981384, -49.69522476196289]], [[0.8818526864051819, -11.42259693145752], [-1.1939582824707031, -18.60907554626465], [-0.5799958109855652, -32.16709899902344], [-2.59352707862854, -39.553775787353516], [1.7422071695327759, -47.662261962890625]]], [[[-1.8704473972320557, -12.19975757598877], [2.164175271987915, -20.44611930847168], [1.1719177961349487, -26.92246437072754], [-2.1527466773986816, -41.995849609375], [0.243064284324646, -50.150814056396484]], [[1.1595858335494995, -10.8123140335083], [-1.068434476852417, -18.51492691040039], [-0.6378305554389954, -31.11442756652832], [-2.1283769607543945, -38.994476318359375], [2.0160889625549316, -47.5413932800293]]], [[[-1.3193329572677612, -11.758194923400879], [2.0899133682250977, -20.42008399963379], [1.5214860439300537, -26.642169952392578], [-1.707566499710083, -41.934871673583984], [1.0424432754516602, -50.48247146606445]], [[1.1048450469970703, -10.449387550354004], [-1.1593173742294312, -18.521493911743164], [-0.7298564910888672, -30.845064163208008], [-2.336121082305908, -39.05222702026367], [1.6236474514007568, -47.66115951538086]]]]], [[[[[-0.2054789960384369, -9.483351707458496], [2.0785861015319824, -20.396472930908203], [0.9169991612434387, -29.28706169128418], [-0.3749461770057678, -38.50900650024414], [0.8759652972221375, -51.63129806518555]], [[-0.5041006803512573, -8.8489351272583], [-1.1286598443984985, -21.17453384399414], [-1.803027868270874, -30.56182861328125], [0.13843649625778198, -38.069976806640625], [0.3732427656650543, -51.47957992553711]]], [[[0.09956342726945877, -9.554791450500488], [2.2502341270446777, -20.224836349487305], [0.8530612587928772, -28.953739166259766], [-0.22345635294914246, -38.595115661621094], [1.195299506187439, -52.0084114074707]], [[-0.11354173719882965, -8.842020988464355], [-1.4002420902252197, -21.021081924438477], [-2.4141488075256348, -30.321500778198242], [0.20578257739543915, -38.392635345458984], [0.2752472162246704, -51.39563751220703]]], [[[0.12823301553726196, -9.231536865234375], [2.6782288551330566, -20.161151885986328], [0.6994909048080444, -28.93924331665039], [-0.7644711136817932, -39.09114456176758], [1.3995026350021362, -51.743431091308594]], [[-0.2867165803909302, -8.808405876159668], [-0.7901812791824341, -20.95722198486328], [-2.624549627304077, -29.81559944152832], [0.30259525775909424, -39.11504364013672], [-0.0009121689945459366, -51.104454040527344]]], [[[-0.6194518804550171, -9.880841255187988], [2.2743077278137207, -20.47458267211914], [0.919971227645874, -29.14903450012207], [-0.07946975529193878, -39.378684997558594], [1.1661131381988525, -51.55982208251953]], [[-1.0052980184555054, -8.572593688964844], [-0.8770977258682251, 