{"initial_state": {"ego_state": [-19.966312408447266, -3.7429141998291016, -4.927267127641244e-06, 2.992506980895996], "non_ego_states": [[-3.7463884353637695, 10.012744903564453, -1.570779800415039, 4.503525733947754], [-3.722557306289673, 19.97404670715332, -1.570785641670227, 4.509189128875732], [3.7526209354400635, -30.0100154876709, 1.5707703828811646, 4.501787185668945]], "shading_light_direction": [-0.13325583934783936, -0.5566597580909729, 0.8253473043441772], "non_ego_colors": [[0.13442575931549072, 0.32556867599487305, 0.31763994693756104], [0.823142409324646, 0.05100977420806885, 0.5774450302124023], [0.20623230934143066, 0.9675147533416748, 0.7781403064727783]]}, "action_trajectory": [[[[[[0.11795467138290405, -9.0105562210083], [-0.8780705332756042, -19.730113983154297], [1.3226232528686523, -28.927656173706055], [0.44631266593933105, -44.883296966552734], [-2.7309365272521973, -49.466556549072266]], [[-1.8715921640396118, -8.497776985168457], [-1.0745991468429565, -23.152610778808594], [0.8741051554679871, -29.649105072021484], [0.9788565039634705, -38.91294479370117], [1.7971378564834595, -51.438411712646484]]]], [[[[-0.5475232601165771, -7.35975980758667], [2.4991257190704346, -22.24148178100586], [1.6556487083435059, -29.235355377197266], [1.6932004690170288, -40.2808837890625], [-2.436715602874756, -49.50110626220703]], [[-0.5238775014877319, -8.944709777832031], [-3.8216142654418945, -21.39203643798828], [-0.6833210587501526, -29.96005630493164], [-0.050972312688827515, -39.89494323730469], [-1.223695158958435, -47.495826721191406]]]], [[[[0.46469780802726746, 9.94616413116455], [-1.252760648727417, 17.817672729492188], [-0.8259797692298889, 29.163095474243164], [-0.47145065665245056, 38.55005645751953], [1.4025633335113525, 50.82461166381836]], [[-2.889543056488037, 9.286961555480957], [0.8530772924423218, 19.215782165527344], [-0.35501787066459656, 30.92513084411621], [1.29912531375885, 39.8487434387207], [3.0346057415008545, 49.444698333740234]]]]]], "action_trajectory_trace": [[[[[[[-0.3964001536369324, -8.54417610168457], [-1.0433837175369263, -19.634187698364258], [1.0612602233886719, -28.275924682617188], [0.9503015875816345, -44.10381317138672], [-2.186732769012451, -50.083168029785156]], [[-0.6649390459060669, -9.443510055541992], [-0.459984689950943, -20.572107315063477], [0.28709301352500916, -30.828771591186523], [0.9902854561805725, -40.16903305053711], [0.7192013263702393, -51.30270767211914]]], [[[0.16687384247779846, -8.76153564453125], [-1.0771185159683228, -19.399276733398438], [0.6751754283905029, -27.90338134765625], [0.6662432551383972, -44.27143096923828], [-2.109107255935669, -49.692501068115234]], [[-1.1335302591323853, -9.213107109069824], [-0.5356943607330322, -20.693098068237305], [-0.3893774151802063, -30.68829345703125], [1.0846138000488281, -40.881683349609375], [0.40355053544044495, -51.031593322753906]]], [[[0.13405576348304749, -8.868372917175293], [-0.8019402623176575, -19.562517166137695], [1.111397624015808, -28.569482803344727], [0.909071683883667, -44.392391204833984], [-1.8981688022613525, -49.433563232421875]], [[-1.2873226404190063, -8.958003997802734], [-0.6244001388549805, -20.607284545898438], [-0.575291633605957, -30.699554443359375], [1.490257978439331, -40.81452560424805], [0.4756244421005249, -51.24829864501953]]], [[[0.7097637057304382, -8.569208145141602], [-0.8082982301712036, -19.80892562866211], [1.4121733903884888, -28.347776412963867], [0.994834303855896, -44.4837532043457], [-2.134769916534424, -49.50102996826172]], [[-0.5022328495979309, -8.731283187866211], [-0.6514977812767029, -20.757766723632812], [0.11322423815727234, -30.177101135253906], [2.032820463180542, -40.97429656982422], [1.0210270881652832, -51.83681869506836]]], [[[-0.12530970573425293, -8.377209663391113], [-0.7289739847183228, -19.695470809936523], [1.5482678413391113, -28.801191329956055], [0.6986041069030762, -44.293434143066406], [-1.684313178062439, -49.78654861450195]], [[-0.44764065742492676, -8.985627174377441], [-0.9899421334266663, -21.49060821533203], [0.21288318932056427, -30.162702560424805], [1.8296527862548828, -41.15503692626953], [1.10831618309021, -51.56013870239258]]], [[[-0.06952200829982758, -8.257749557495117], [-0.5965155363082886, -19.678367614746094], [1.8965485095977783, -28.626394271850586], [0.6393573880195618, -44.29316711425781], [-1.6733944416046143, -49.494869232177734]], [[-1.1866837739944458, -8.608746528625488], [-1.0891077518463135, -22.385831832885742], [0.8318782448768616, -30.198692321777344], [2.0964784622192383, -40.39570236206055], [1.1855844259262085, -51.74829864501953]]], [[[-0.19486702978610992, -8.174705505371094], [-0.5883176922798157, -19.73573112487793], [1.4322328567504883, -28.634687423706055], [0.7954424619674683, -44.34752655029297], [-1.9409685134887695, -49.697635650634766]], [[-1.9125664234161377, -8.235087394714355], [-1.7770379781723022, -22.41609001159668], [1.1468123197555542, -30.216901779174805], [2.344566583633423, -39.50873565673828], [1.114930510520935, -51.88093948364258]]], [[[0.10789769887924194, -8.769878387451172], [-0.9276201725006104, -19.445003509521484], [1.4042092561721802, -28.605852127075195], [0.5827664136886597, -44.799102783203125], [-2.5778400897979736, -49.02703857421875]], [[-2.319486618041992, -8.238304138183594], [-1.4943959712982178, -22.253070831298828], [2.0032827854156494, -29.881484985351562], [2.044412851333618, -39.538570404052734], [0.8022795915603638, -51.537696838378906]]], [[[0.00014695525169372559, -9.009905815124512], [-0.8600629568099976, -19.722806930541992], [1.172937273979187, -28.949813842773438], [0.2257789522409439, -44.577308654785156], [-2.62423038482666, -49.24187469482422]], [[-2.194904088973999, -8.11781120300293], [-0.4676859974861145, -22.50699234008789], [1.8400622606277466, -29.779809951782227], [0.9881266951560974, -39.114105224609375], [1.2339003086090088, -51.34230041503906]]], [[[0.11795467138290405, -9.0105562210083], [-0.8780705332756042, -19.730113983154297], [1.3226232528686523, -28.927656173706055], [0.44631266593933105, -44.883296966552734], [-2.7309365272521973, -49.466556549072266]], [[-1.8715921640396118, -8.497776985168457], [-1.0745991468429565, -23.152610778808594], [0.8741051554679871, -29.649105072021484], [0.9788565039634705, -38.91294479370117], [1.7971378564834595, -51.438411712646484]]]]], [[[[[-1.1285985708236694, -8.530868530273438], [0.6721981167793274, -22.111818313598633], [0.9554733037948608, -29.93169593811035], [0.3872905373573303, -40.32746887207031], [-1.3773540258407593, -48.20086669921875]], [[-0.4652019441127777, -9.106613159179688], [-2.5942623615264893, -20.165592193603516], [1.0142138004302979, -30.319429397583008], [1.7047770023345947, -40.31696319580078], [-0.6481395959854126, -49.17722702026367]]], [[[-1.1621448993682861, -8.57541561126709], [0.7256643176078796, -22.070707321166992], [1.027679681777954, -29.789276123046875], [0.39379411935806274, -40.0539665222168], [-1.7057288885116577, -47.787017822265625]], [[-0.3850172460079193, -9.355209350585938], [-2.765772581100464, -20.317405700683594], [0.9532973766326904, -29.82893943786621], [1.4921165704727173, -40.24679183959961], [-0.27164939045906067, -49.21626281738281]]], [[[-1.3391501903533936, -7.9795122146606445], [1.1227736473083496, -22.37447738647461], [0.8982906341552734, -29.864452362060547], [0.6950172781944275, -40.08877944946289], [-1.8461377620697021, -47.67473220825195]], [[-0.45764753222465515, -9.252198219299316], [-2.771139621734619, -20.032899856567383], [0.849373996257782, -30.515140533447266], [1.2978545427322388, -40.11084747314453], [-0.4865957498550415, -48.851924896240234]]], [[[-1.6559420824050903, -7.921895503997803], [1.0968027114868164, -22.535812377929688], [0.8924258947372437, -29.7757625579834], [0.23320698738098145, -40.53629684448242], [-1.9295918941497803, -47.79549026489258]], [[0.13791196048259735, -9.42204475402832], [-3.5990307331085205, -20.280820846557617], 