{"trajs": {"trajectories": [[[-1.212532877922058, -0.2632963955402374], [0.23317542672157288, -0.8965771794319153], [1.1422420740127563, -0.6104226112365723]], [[-0.6737229228019714, -0.21457459032535553], [0.04961341619491577, -0.04484214633703232], [1.4476284980773926, -0.45795464515686035]], [[-0.9724520444869995, 0.23208989202976227], [-0.40466076135635376, -0.23379233479499817], [1.0934791564941406, -0.19024749100208282]], [[-0.5423747897148132, 0.2919977903366089], [-0.35089462995529175, 0.4015093445777893], [0.9871232509613037, 0.32695087790489197]], [[-0.24680602550506592, 0.8011297583580017], [-0.20075060427188873, 0.8734129667282104], [1.0496057271957397, 0.8019654154777527]]]}, "best_eps_idx": 4, "time": 1033.4849665621296, "n": 5, "T": 3, "width": 3.2, "height": 3.0, "R": 0.5, "max_wind_thrust": 1.0, "duration": 30.0, "dp_mcmc_step_size": 0.0001, "ep_mcmc_step_size": 0.0001, "num_rounds": 50, "num_mcmc_steps_per_round": 50, "num_chains": 5, "use_gradients": false, "use_stochasticity": true, "repair": true, "predict": true, "quench_rounds": 0, "tempering_schedule": null}