{"trajs": {"trajectories": [[[0.315114289522171, -0.1894388198852539], [1.2390023469924927, -1.0919476747512817], [0.42665770649909973, -1.0719640254974365]], [[-0.7755177021026611, 0.17833366990089417], [1.1346346139907837, 0.32397162914276123], [1.4024133682250977, -0.989161491394043]], [[1.2955228090286255, 0.2887949049472809], [0.9209188222885132, 0.5906771421432495], [1.4369242191314697, 0.8723016977310181]], [[-0.8144528269767761, 0.9335330128669739], [-0.8024126887321472, 0.7259665727615356], [1.0109437704086304, 1.2668604850769043]], [[0.22030247747898102, 1.259008765220642], [-0.12117983400821686, 0.7764648795127869], [1.3048161268234253, -0.1282331347465515]]]}, "best_eps_idx": 1, "time": 885.9167542913929, "n": 5, "T": 3, "width": 3.2, "height": 3.0, "R": 0.5, "max_wind_thrust": 1.0, "duration": 30.0, "dp_mcmc_step_size": 0.001, "ep_mcmc_step_size": 0.001, "num_rounds": 50, "num_mcmc_steps_per_round": 50, "num_chains": 5, "use_gradients": true, "use_stochasticity": true, "repair": true, "predict": true, "quench_rounds": 20, "tempering_schedule": [0.0, 0.09700727462768555, 0.18460416793823242, 0.2637035846710205, 0.33512967824935913, 0.3996269702911377, 0.45786750316619873, 0.5104583501815796, 0.5579474568367004, 0.6008298397064209, 0.6395522356033325, 0.6745182275772095, 0.706092357635498, 0.7346035242080688, 0.760348916053772, 0.7835968732833862, 0.8045895099639893, 0.8235457539558411, 0.8406631350517273, 0.8561199903488159, 0.87007737159729, 0.8826808333396912, 0.8940616250038147, 0.9043384194374084, 0.9136183261871338, 0.9219979643821716, 0.9295647144317627, 0.9363974332809448, 0.9425673484802246, 0.9481387734413147, 0.9531697034835815, 0.9577125310897827, 0.9618147611618042, 0.9655190110206604, 0.9688639044761658, 0.9718843102455139, 0.974611759185791, 0.9770746231079102, 0.9792985320091248, 0.9813067317008972, 0.9831201434135437, 0.9847576022148132, 0.9862362146377563, 0.9875714182853699, 0.9887770414352417, 0.989865779876709, 0.9908488392829895, 0.9917365908622742, 0.9925382137298584, 0.9932620525360107]}